# ************************************************************
# Sequel Pro SQL dump
# Version 4541
#
# http://www.sequelpro.com/
# https://github.com/sequelpro/sequelpro
#
# Host: 127.0.0.1 (MySQL 5.7.11)
# Database: ammart
# Generation Time: 2016-05-14 07:36:10 +0000
# ************************************************************


/*!40101 SET @OLD_CHARACTER_SET_CLIENT=@@CHARACTER_SET_CLIENT */;
/*!40101 SET @OLD_CHARACTER_SET_RESULTS=@@CHARACTER_SET_RESULTS */;
/*!40101 SET @OLD_COLLATION_CONNECTION=@@COLLATION_CONNECTION */;
/*!40101 SET NAMES utf8 */;
/*!40014 SET @OLD_FOREIGN_KEY_CHECKS=@@FOREIGN_KEY_CHECKS, FOREIGN_KEY_CHECKS=0 */;
/*!40101 SET @OLD_SQL_MODE=@@SQL_MODE, SQL_MODE='NO_AUTO_VALUE_ON_ZERO' */;
/*!40111 SET @OLD_SQL_NOTES=@@SQL_NOTES, SQL_NOTES=0 */;


# Dump of table additional_inputs
# ------------------------------------------------------------

DROP TABLE IF EXISTS `additional_inputs`;

CREATE TABLE `additional_inputs` (
  `id` int(10) unsigned NOT NULL AUTO_INCREMENT,
  `name` varchar(64) COLLATE utf8_unicode_ci NOT NULL,
  `placeholder` varchar(128) COLLATE utf8_unicode_ci NOT NULL,
  `type` varchar(16) COLLATE utf8_unicode_ci NOT NULL,
  `choiceID` int(10) unsigned NOT NULL,
  `created_at` timestamp NOT NULL DEFAULT '0000-00-00 00:00:00',
  `updated_at` timestamp NOT NULL DEFAULT '0000-00-00 00:00:00',
  PRIMARY KEY (`id`),
  KEY `additional_inputs_choiceid_foreign` (`choiceID`),
  CONSTRAINT `additional_inputs_choiceid_foreign` FOREIGN KEY (`choiceID`) REFERENCES `choices` (`id`)
) ENGINE=InnoDB DEFAULT CHARSET=utf8 COLLATE=utf8_unicode_ci;

LOCK TABLES `additional_inputs` WRITE;
/*!40000 ALTER TABLE `additional_inputs` DISABLE KEYS */;

INSERT INTO `additional_inputs` (`id`, `name`, `placeholder`, `type`, `choiceID`, `created_at`, `updated_at`)
VALUES
	(1,'talent','ความสามารถ/ความสนใจ','text',165,'2016-02-20 09:07:35','2016-02-20 09:07:35'),
	(3,'defection','ความพิการอื่นๆ','0',310,'2016-02-20 10:06:27','2016-02-20 10:06:27');

/*!40000 ALTER TABLE `additional_inputs` ENABLE KEYS */;
UNLOCK TABLES;


# Dump of table choices
# ------------------------------------------------------------

DROP TABLE IF EXISTS `choices`;

CREATE TABLE `choices` (
  `id` int(10) unsigned NOT NULL AUTO_INCREMENT,
  `label` varchar(255) COLLATE utf8_unicode_ci DEFAULT NULL,
  `name` varchar(255) COLLATE utf8_unicode_ci DEFAULT NULL,
  `description` varchar(255) COLLATE utf8_unicode_ci DEFAULT NULL,
  `note` varchar(255) COLLATE utf8_unicode_ci DEFAULT NULL,
  `value` int(11) NOT NULL,
  `type` int(11) NOT NULL DEFAULT '0',
  `enabled` tinyint(1) NOT NULL DEFAULT '1',
  `questionID` int(10) unsigned NOT NULL,
  `parentID` int(10) unsigned DEFAULT NULL,
  `created_at` timestamp NOT NULL DEFAULT '0000-00-00 00:00:00',
  `updated_at` timestamp NOT NULL DEFAULT '0000-00-00 00:00:00',
  PRIMARY KEY (`id`),
  KEY `choices_questionid_foreign` (`questionID`),
  CONSTRAINT `choices_questionid_foreign` FOREIGN KEY (`questionID`) REFERENCES `questions` (`id`)
) ENGINE=InnoDB DEFAULT CHARSET=utf8 COLLATE=utf8_unicode_ci;

LOCK TABLES `choices` WRITE;
/*!40000 ALTER TABLE `choices` DISABLE KEYS */;

INSERT INTO `choices` (`id`, `label`, `name`, `description`, `note`, `value`, `type`, `enabled`, `questionID`, `parentID`, `created_at`, `updated_at`)
VALUES
	(1,NULL,'ไม่เคยเลย',NULL,NULL,0,0,1,4,NULL,'0000-00-00 00:00:00','0000-00-00 00:00:00'),
	(2,NULL,'เป็นครั้งคราว',NULL,NULL,1,0,1,4,NULL,'0000-00-00 00:00:00','0000-00-00 00:00:00'),
	(3,NULL,'เป็นบ่อยๆ',NULL,NULL,2,0,1,4,NULL,'0000-00-00 00:00:00','0000-00-00 00:00:00'),
	(4,NULL,'เป็นประจำ',NULL,NULL,3,0,1,4,NULL,'0000-00-00 00:00:00','0000-00-00 00:00:00'),
	(5,NULL,'ไม่เคยเลย',NULL,NULL,0,0,1,5,NULL,'0000-00-00 00:00:00','0000-00-00 00:00:00'),
	(6,NULL,'เป็นครั้งคราว',NULL,NULL,1,0,1,5,NULL,'0000-00-00 00:00:00','0000-00-00 00:00:00'),
	(7,NULL,'เป็นบ่อยๆ',NULL,NULL,2,0,1,5,NULL,'0000-00-00 00:00:00','0000-00-00 00:00:00'),
	(8,NULL,'เป็นประจำ',NULL,NULL,3,0,1,5,NULL,'0000-00-00 00:00:00','0000-00-00 00:00:00'),
	(9,NULL,'ไม่เคยเลย',NULL,NULL,0,0,1,6,NULL,'0000-00-00 00:00:00','0000-00-00 00:00:00'),
	(10,NULL,'เป็นครั้งคราว',NULL,NULL,1,0,1,6,NULL,'0000-00-00 00:00:00','0000-00-00 00:00:00'),
	(11,NULL,'เป็นบ่อยๆ',NULL,NULL,2,0,1,6,NULL,'0000-00-00 00:00:00','0000-00-00 00:00:00'),
	(12,NULL,'เป็นประจำ',NULL,NULL,3,0,1,6,NULL,'0000-00-00 00:00:00','0000-00-00 00:00:00'),
	(13,NULL,'ไม่เคยเลย',NULL,NULL,0,0,1,7,NULL,'0000-00-00 00:00:00','0000-00-00 00:00:00'),
	(14,NULL,'เป็นครั้งคราว',NULL,NULL,1,0,1,7,NULL,'0000-00-00 00:00:00','0000-00-00 00:00:00'),
	(15,NULL,'เป็นบ่อยๆ',NULL,NULL,2,0,1,7,NULL,'0000-00-00 00:00:00','0000-00-00 00:00:00'),
	(16,NULL,'เป็นประจำ',NULL,NULL,3,0,1,7,NULL,'0000-00-00 00:00:00','0000-00-00 00:00:00'),
	(17,NULL,'ไม่เคยเลย',NULL,NULL,0,0,1,8,NULL,'0000-00-00 00:00:00','0000-00-00 00:00:00'),
	(18,NULL,'เป็นครั้งคราว',NULL,NULL,1,0,1,8,NULL,'0000-00-00 00:00:00','0000-00-00 00:00:00'),
	(19,NULL,'เป็นบ่อยๆ',NULL,NULL,2,0,1,8,NULL,'0000-00-00 00:00:00','0000-00-00 00:00:00'),
	(20,NULL,'เป็นประจำ',NULL,NULL,3,0,1,8,NULL,'0000-00-00 00:00:00','0000-00-00 00:00:00'),
	(21,NULL,'ไม่เคยเลย',NULL,NULL,0,0,1,9,NULL,'0000-00-00 00:00:00','0000-00-00 00:00:00'),
	(22,NULL,'เป็นครั้งคราว',NULL,NULL,1,0,1,9,NULL,'0000-00-00 00:00:00','0000-00-00 00:00:00'),
	(23,NULL,'เป็นบ่อยๆ',NULL,NULL,2,0,1,9,NULL,'0000-00-00 00:00:00','0000-00-00 00:00:00'),
	(24,NULL,'เป็นประจำ',NULL,NULL,3,0,1,9,NULL,'0000-00-00 00:00:00','0000-00-00 00:00:00'),
	(25,NULL,'ไม่เคยเลย',NULL,NULL,0,0,1,10,NULL,'0000-00-00 00:00:00','0000-00-00 00:00:00'),
	(26,NULL,'เป็นครั้งคราว',NULL,NULL,1,0,1,10,NULL,'0000-00-00 00:00:00','0000-00-00 00:00:00'),
	(27,NULL,'เป็นบ่อยๆ',NULL,NULL,2,0,1,10,NULL,'0000-00-00 00:00:00','0000-00-00 00:00:00'),
	(28,NULL,'เป็นประจำ',NULL,NULL,3,0,1,10,NULL,'0000-00-00 00:00:00','0000-00-00 00:00:00'),
	(29,NULL,'ไม่เคยเลย',NULL,NULL,0,0,1,11,NULL,'0000-00-00 00:00:00','0000-00-00 00:00:00'),
	(30,NULL,'เป็นครั้งคราว',NULL,NULL,1,0,1,11,NULL,'0000-00-00 00:00:00','0000-00-00 00:00:00'),
	(31,NULL,'เป็นบ่อยๆ',NULL,NULL,2,0,1,11,NULL,'0000-00-00 00:00:00','0000-00-00 00:00:00'),
	(32,NULL,'เป็นประจำ',NULL,NULL,3,0,1,11,NULL,'0000-00-00 00:00:00','0000-00-00 00:00:00'),
	(33,NULL,'ไม่เคยเลย',NULL,NULL,0,0,1,12,NULL,'0000-00-00 00:00:00','0000-00-00 00:00:00'),
	(34,NULL,'เป็นครั้งคราว',NULL,NULL,1,0,1,12,NULL,'0000-00-00 00:00:00','0000-00-00 00:00:00'),
	(35,NULL,'เป็นบ่อยๆ',NULL,NULL,2,0,1,12,NULL,'0000-00-00 00:00:00','0000-00-00 00:00:00'),
	(36,NULL,'เป็นประจำ',NULL,NULL,3,0,1,12,NULL,'0000-00-00 00:00:00','0000-00-00 00:00:00'),
	(37,NULL,'ไม่เคยเลย',NULL,NULL,0,0,1,13,NULL,'0000-00-00 00:00:00','0000-00-00 00:00:00'),
	(38,NULL,'เป็นครั้งคราว',NULL,NULL,1,0,1,13,NULL,'0000-00-00 00:00:00','0000-00-00 00:00:00'),
	(39,NULL,'เป็นบ่อยๆ',NULL,NULL,2,0,1,13,NULL,'0000-00-00 00:00:00','0000-00-00 00:00:00'),
	(40,NULL,'เป็นประจำ',NULL,NULL,3,0,1,13,NULL,'0000-00-00 00:00:00','0000-00-00 00:00:00'),
	(41,NULL,'ไม่เคยเลย',NULL,NULL,0,0,1,14,NULL,'0000-00-00 00:00:00','0000-00-00 00:00:00'),
	(42,NULL,'เป็นครั้งคราว',NULL,NULL,1,0,1,14,NULL,'0000-00-00 00:00:00','0000-00-00 00:00:00'),
	(43,NULL,'เป็นบ่อยๆ',NULL,NULL,2,0,1,14,NULL,'0000-00-00 00:00:00','0000-00-00 00:00:00'),
	(44,NULL,'เป็นประจำ',NULL,NULL,3,0,1,14,NULL,'0000-00-00 00:00:00','0000-00-00 00:00:00'),
	(45,NULL,'ไม่เคยเลย',NULL,NULL,0,0,1,15,NULL,'0000-00-00 00:00:00','0000-00-00 00:00:00'),
	(46,NULL,'เป็นครั้งคราว',NULL,NULL,1,0,1,15,NULL,'0000-00-00 00:00:00','0000-00-00 00:00:00'),
	(47,NULL,'เป็นบ่อยๆ',NULL,NULL,2,0,1,15,NULL,'0000-00-00 00:00:00','0000-00-00 00:00:00'),
	(48,NULL,'เป็นประจำ',NULL,NULL,3,0,1,15,NULL,'0000-00-00 00:00:00','0000-00-00 00:00:00'),
	(49,NULL,'ไม่เคยเลย',NULL,NULL,0,0,1,16,NULL,'0000-00-00 00:00:00','0000-00-00 00:00:00'),
	(50,NULL,'เป็นครั้งคราว',NULL,NULL,1,0,1,16,NULL,'0000-00-00 00:00:00','0000-00-00 00:00:00'),
	(51,NULL,'เป็นบ่อยๆ',NULL,NULL,2,0,1,16,NULL,'0000-00-00 00:00:00','0000-00-00 00:00:00'),
	(52,NULL,'เป็นประจำ',NULL,NULL,3,0,1,16,NULL,'0000-00-00 00:00:00','0000-00-00 00:00:00'),
	(53,NULL,'ไม่เคยเลย',NULL,NULL,0,0,1,17,NULL,'0000-00-00 00:00:00','0000-00-00 00:00:00'),
	(54,NULL,'เป็นครั้งคราว',NULL,NULL,1,0,1,17,NULL,'0000-00-00 00:00:00','0000-00-00 00:00:00'),
	(55,NULL,'เป็นบ่อยๆ',NULL,NULL,2,0,1,17,NULL,'0000-00-00 00:00:00','0000-00-00 00:00:00'),
	(56,NULL,'เป็นประจำ',NULL,NULL,3,0,1,17,NULL,'0000-00-00 00:00:00','0000-00-00 00:00:00'),
	(57,NULL,'ไม่เคยเลย',NULL,NULL,0,0,1,18,NULL,'0000-00-00 00:00:00','0000-00-00 00:00:00'),
	(58,NULL,'เป็นครั้งคราว',NULL,NULL,1,0,1,18,NULL,'0000-00-00 00:00:00','0000-00-00 00:00:00'),
	(59,NULL,'เป็นบ่อยๆ',NULL,NULL,2,0,1,18,NULL,'0000-00-00 00:00:00','0000-00-00 00:00:00'),
	(60,NULL,'เป็นประจำ',NULL,NULL,3,0,1,18,NULL,'0000-00-00 00:00:00','0000-00-00 00:00:00'),
	(61,NULL,'ไม่เคยเลย',NULL,NULL,0,0,1,19,NULL,'0000-00-00 00:00:00','0000-00-00 00:00:00'),
	(62,NULL,'เป็นครั้งคราว',NULL,NULL,1,0,1,19,NULL,'0000-00-00 00:00:00','0000-00-00 00:00:00'),
	(63,NULL,'เป็นบ่อยๆ',NULL,NULL,2,0,1,19,NULL,'0000-00-00 00:00:00','0000-00-00 00:00:00'),
	(64,NULL,'เป็นประจำ',NULL,NULL,3,0,1,19,NULL,'0000-00-00 00:00:00','0000-00-00 00:00:00'),
	(65,NULL,'ไม่เคยเลย',NULL,NULL,0,0,1,20,NULL,'0000-00-00 00:00:00','0000-00-00 00:00:00'),
	(66,NULL,'เป็นครั้งคราว',NULL,NULL,1,0,1,20,NULL,'0000-00-00 00:00:00','0000-00-00 00:00:00'),
	(67,NULL,'เป็นบ่อยๆ',NULL,NULL,2,0,1,20,NULL,'0000-00-00 00:00:00','0000-00-00 00:00:00'),
	(68,NULL,'เป็นประจำ',NULL,NULL,3,0,1,20,NULL,'0000-00-00 00:00:00','0000-00-00 00:00:00'),
	(69,NULL,'ไม่เคยเลย',NULL,NULL,0,0,1,21,NULL,'0000-00-00 00:00:00','0000-00-00 00:00:00'),
	(70,NULL,'เป็นครั้งคราว',NULL,NULL,1,0,1,21,NULL,'0000-00-00 00:00:00','0000-00-00 00:00:00'),
	(71,NULL,'เป็นบ่อยๆ',NULL,NULL,2,0,1,21,NULL,'0000-00-00 00:00:00','0000-00-00 00:00:00'),
	(72,NULL,'เป็นประจำ',NULL,NULL,3,0,1,21,NULL,'0000-00-00 00:00:00','0000-00-00 00:00:00'),
	(73,NULL,'ไม่เคยเลย',NULL,NULL,0,0,1,22,NULL,'0000-00-00 00:00:00','0000-00-00 00:00:00'),
	(74,NULL,'เป็นครั้งคราว',NULL,NULL,1,0,1,22,NULL,'0000-00-00 00:00:00','0000-00-00 00:00:00'),
	(75,NULL,'เป็นบ่อยๆ',NULL,NULL,2,0,1,22,NULL,'0000-00-00 00:00:00','0000-00-00 00:00:00'),
	(76,NULL,'เป็นประจำ',NULL,NULL,3,0,1,22,NULL,'0000-00-00 00:00:00','0000-00-00 00:00:00'),
	(77,NULL,'ไม่เคยเลย',NULL,NULL,0,0,1,23,NULL,'0000-00-00 00:00:00','0000-00-00 00:00:00'),
	(78,NULL,'เป็นครั้งคราว',NULL,NULL,1,0,1,23,NULL,'0000-00-00 00:00:00','0000-00-00 00:00:00'),
	(79,NULL,'เป็นบ่อยๆ',NULL,NULL,2,0,1,23,NULL,'0000-00-00 00:00:00','0000-00-00 00:00:00'),
	(80,NULL,'เป็นประจำ',NULL,NULL,3,0,1,23,NULL,'0000-00-00 00:00:00','0000-00-00 00:00:00'),
	(81,'','บ่อย','','',3,0,1,24,NULL,'2016-01-16 06:41:56','2016-01-16 06:41:56'),
	(82,'','ค่อนข้างบ่อย','','',2,0,1,24,NULL,'2016-01-16 06:41:56','2016-01-16 06:41:56'),
	(83,'','บางครั้ง','','',1,0,1,24,NULL,'2016-01-16 06:41:56','2016-01-16 06:41:56'),
	(84,'','ไม่เคยเลย','','',0,0,1,24,NULL,'2016-01-16 06:41:56','2016-01-16 06:41:56'),
	(86,'','บ่อย','','',3,0,1,26,NULL,'2016-01-16 08:25:27','2016-01-16 08:25:27'),
	(87,'','ค่อนข้างบ่อย','','',2,0,1,26,NULL,'2016-01-16 08:25:27','2016-01-16 08:25:27'),
	(88,'','บางครั้ง','','',1,0,1,26,NULL,'2016-01-16 08:25:27','2016-01-16 08:25:27'),
	(89,'','ไม่เคยเลย','','',0,0,1,26,NULL,'2016-01-16 08:25:27','2016-01-16 08:25:27'),
	(90,'','บ่อย','','',3,0,1,27,NULL,'2016-01-16 08:25:27','2016-01-16 08:25:27'),
	(91,'','ค่อนข้างบ่อย','','',2,0,1,27,NULL,'2016-01-16 08:25:27','2016-01-16 08:25:27'),
	(92,'','บางครั้ง','','',1,0,1,27,NULL,'2016-01-16 08:25:27','2016-01-16 08:25:27'),
	(93,'','ไม่เคยเลย','','',0,0,1,27,NULL,'2016-01-16 08:25:27','2016-01-16 08:25:27'),
	(94,'','บ่อย','','',3,0,1,28,NULL,'2016-01-16 08:25:27','2016-01-16 08:25:27'),
	(95,'','ค่อนข้างบ่อย','','',2,0,1,28,NULL,'2016-01-16 08:25:27','2016-01-16 08:25:27'),
	(96,'','บางครั้ง','','',1,0,1,28,NULL,'2016-01-16 08:25:27','2016-01-16 08:25:27'),
	(97,'','ไม่เคยเลย','','',0,0,1,28,NULL,'2016-01-16 08:25:27','2016-01-16 08:25:27'),
	(98,'','บ่อย','','',0,0,1,29,NULL,'2016-01-16 08:32:21','2016-01-16 08:32:21'),
	(99,'','ค่อนข้างบ่อย','','',1,0,1,29,NULL,'2016-01-16 08:32:21','2016-01-16 08:32:21'),
	(100,'','บางครั้ง','','',2,0,1,29,NULL,'2016-01-16 08:32:21','2016-01-16 08:32:21'),
	(101,'','ไม่เคยเลย','','',3,0,1,29,NULL,'2016-01-16 08:32:21','2016-01-16 08:32:21'),
	(102,'','บ่อย','','',3,0,1,30,NULL,'2016-01-16 08:32:21','2016-01-16 08:32:21'),
	(103,'','ค่อนข้างบ่อย','','',2,0,1,30,NULL,'2016-01-16 08:32:21','2016-01-16 08:32:21'),
	(104,'','บางครั้ง','','',1,0,1,30,NULL,'2016-01-16 08:32:21','2016-01-16 08:32:21'),
	(105,'','ไม่เคยเลย','','',0,0,1,30,NULL,'2016-01-16 08:32:21','2016-01-16 08:32:21'),
	(106,'','บ่อย','','',3,0,1,31,NULL,'2016-01-16 08:32:21','2016-01-16 08:32:21'),
	(107,'','ค่อนข้างบ่อย','','',2,0,1,31,NULL,'2016-01-16 08:32:21','2016-01-16 08:32:21'),
	(108,'','บางครั้ง','','',1,0,1,31,NULL,'2016-01-16 08:32:21','2016-01-16 08:32:21'),
	(109,'','ไม่เคยเลย','','',0,0,1,31,NULL,'2016-01-16 08:32:21','2016-01-16 08:32:21'),
	(110,'','บ่อย','','',3,0,1,32,NULL,'2016-01-16 08:32:21','2016-01-16 08:32:21'),
	(111,'','ค่อนข้างบ่อย','','',2,0,1,32,NULL,'2016-01-16 08:32:21','2016-01-16 08:32:21'),
	(112,'','บางครั้ง','','',1,0,1,32,NULL,'2016-01-16 08:32:21','2016-01-16 08:32:21'),
	(113,'','ไม่เคยเลย','','',0,0,1,32,NULL,'2016-01-16 08:32:21','2016-01-16 08:32:21'),
	(114,'','บ่อย','','',3,0,1,33,NULL,'2016-01-16 08:32:21','2016-01-16 08:32:21'),
	(115,'','ค่อนข้างบ่อย','','',2,0,1,33,NULL,'2016-01-16 08:32:21','2016-01-16 08:32:21'),
	(116,'','บางครั้ง','','',1,0,1,33,NULL,'2016-01-16 08:32:21','2016-01-16 08:32:21'),
	(117,'','ไม่เคยเลย','','',0,0,1,33,NULL,'2016-01-16 08:32:21','2016-01-16 08:32:21'),
	(118,'','บ่อย','','',0,0,1,34,NULL,'2016-01-16 08:32:21','2016-01-16 08:32:21'),
	(119,'','ค่อนข้างบ่อย','','',1,0,1,34,NULL,'2016-01-16 08:32:21','2016-01-16 08:32:21'),
	(120,'','บางครั้ง','','',2,0,1,34,NULL,'2016-01-16 08:32:21','2016-01-16 08:32:21'),
	(121,'','ไม่เคยเลย','','',3,0,1,34,NULL,'2016-01-16 08:32:21','2016-01-16 08:32:21'),
	(122,'','บ่อย','','',3,0,1,35,NULL,'2016-01-16 08:32:21','2016-01-16 08:32:21'),
	(123,'','ค่อนข้างบ่อย','','',2,0,1,35,NULL,'2016-01-16 08:32:21','2016-01-16 08:32:21'),
	(124,'','บางครั้ง','','',1,0,1,35,NULL,'2016-01-16 08:32:21','2016-01-16 08:32:21'),
	(125,'','ไม่เคยเลย','','',0,0,1,35,NULL,'2016-01-16 08:32:21','2016-01-16 08:32:21'),
	(126,'','บ่อย','','',3,0,1,36,NULL,'2016-01-16 08:32:21','2016-01-16 08:32:21'),
	(127,'','ค่อนข้างบ่อย','','',2,0,1,36,NULL,'2016-01-16 08:32:21','2016-01-16 08:32:21'),
	(128,'','บางครั้ง','','',1,0,1,36,NULL,'2016-01-16 08:32:21','2016-01-16 08:32:21'),
	(129,'','ไม่เคยเลย','','',0,0,1,36,NULL,'2016-01-16 08:32:21','2016-01-16 08:32:21'),
	(130,'','บ่อย','','',3,0,1,37,NULL,'2016-01-16 08:32:21','2016-01-16 08:32:21'),
	(131,'','ค่อนข้างบ่อย','','',2,0,1,37,NULL,'2016-01-16 08:32:21','2016-01-16 08:32:21'),
	(132,'','บางครั้ง','','',1,0,1,37,NULL,'2016-01-16 08:32:21','2016-01-16 08:32:21'),
	(133,'','ไม่เคยเลย','','',0,0,1,37,NULL,'2016-01-16 08:32:21','2016-01-16 08:32:21'),
	(134,'','บ่อย','','',3,0,1,38,NULL,'2016-01-16 08:32:21','2016-01-16 08:32:21'),
	(135,'','ค่อนข้างบ่อย','','',2,0,1,38,NULL,'2016-01-16 08:32:21','2016-01-16 08:32:21'),
	(136,'','บางครั้ง','','',1,0,1,38,NULL,'2016-01-16 08:32:21','2016-01-16 08:32:21'),
	(137,'','ไม่เคยเลย','','',0,0,1,38,NULL,'2016-01-16 08:32:21','2016-01-16 08:32:21'),
	(138,'','บ่อย','','',0,0,1,39,NULL,'2016-01-16 08:32:21','2016-01-16 08:32:21'),
	(139,'','ค่อนข้างบ่อย','','',1,0,1,39,NULL,'2016-01-16 08:32:21','2016-01-16 08:32:21'),
	(140,'','บางครั้ง','','',2,0,1,39,NULL,'2016-01-16 08:32:21','2016-01-16 08:32:21'),
	(141,'','ไม่เคยเลย','','',3,0,1,39,NULL,'2016-01-16 08:32:21','2016-01-16 08:32:21'),
	(142,'','บ่อย','','',3,0,1,40,NULL,'2016-01-16 08:32:21','2016-01-23 06:31:15'),
	(143,'','ค่อนข้างบ่อย','','',2,0,1,40,NULL,'2016-01-16 08:32:21','2016-01-23 06:31:15'),
	(144,'','บางครั้ง','','',1,0,1,40,NULL,'2016-01-16 08:32:21','2016-01-23 06:31:15'),
	(145,'','ไม่เคยเลย','','',0,0,1,40,NULL,'2016-01-16 08:32:21','2016-01-23 06:31:15'),
	(146,'','บ่อย','','',3,0,1,41,NULL,'2016-01-16 08:32:21','2016-01-16 08:32:21'),
	(147,'','ค่อนข้างบ่อย','','',2,0,1,41,NULL,'2016-01-16 08:32:21','2016-01-16 08:32:21'),
	(148,'','บางครั้ง','','',1,0,1,41,NULL,'2016-01-16 08:32:21','2016-01-16 08:32:21'),
	(149,'','ไม่เคยเลย','','',0,0,1,41,NULL,'2016-01-16 08:32:21','2016-01-16 08:32:21'),
	(150,'','บ่อย','','',3,0,1,42,NULL,'2016-01-16 08:32:21','2016-01-16 08:32:21'),
	(151,'','ค่อนข้างบ่อย','','',2,0,1,42,NULL,'2016-01-16 08:32:21','2016-01-16 08:32:21'),
	(152,'','บางครั้ง','','',1,0,1,42,NULL,'2016-01-16 08:32:21','2016-01-16 08:32:21'),
	(153,'','ไม่เคยเลย','','',0,0,1,42,NULL,'2016-01-16 08:32:21','2016-01-16 08:32:21'),
	(154,'','บ่อย','','',3,0,1,43,NULL,'2016-01-16 08:32:21','2016-01-16 08:32:21'),
	(155,'','ค่อนข้างบ่อย','','',2,0,1,43,NULL,'2016-01-16 08:32:21','2016-01-16 08:32:21'),
	(156,'','บางครั้ง','','',1,0,1,43,NULL,'2016-01-16 08:32:21','2016-01-16 08:32:21'),
	(157,'','ไม่เคยเลย','','',0,0,1,43,NULL,'2016-01-16 08:32:21','2016-01-16 08:32:21'),
	(161,'','','','',-999,0,0,44,NULL,'2016-01-16 08:32:21','2016-01-23 08:11:03'),
	(162,'','','','',-999,0,0,44,NULL,'2016-01-23 08:11:03','2016-03-13 07:09:38'),
	(163,'','ไม่เคย','','',0,0,1,44,NULL,'2016-01-23 08:11:03','2016-03-13 07:09:38'),
	(165,'','มี','','',0,0,1,45,NULL,'2016-02-20 07:25:54','2016-02-20 07:25:54'),
	(166,'','ไม่มี','','',0,0,1,45,NULL,'2016-02-20 07:25:54','2016-02-20 07:25:54'),
	(169,'','ปกติ','','',0,0,1,47,NULL,'2016-02-20 07:26:02','2016-02-20 07:26:02'),
	(170,'','เสี่ยง','','',1,1,1,47,NULL,'2016-02-20 07:26:02','2016-02-20 09:27:17'),
	(171,'','มีปัญหา','','',2,1,1,47,NULL,'2016-02-20 07:26:02','2016-02-20 09:37:20'),
	(177,'','ผลการเรียนเฉลี่ย 1.00 - 2.00','','',0,1,1,47,170,'2016-02-20 09:27:17','2016-02-20 09:27:17'),
	(178,'','ติด 0, ร, มส, มพ 1-2 วิชา/1 ภาคเรียน','','',0,1,1,47,170,'2016-02-20 09:27:17','2016-02-20 09:27:17'),
	(179,'','ไม่เข้าเรียน 1-2 ครั้ง/รายวิชา','','',0,1,1,47,170,'2016-02-20 09:27:17','2016-02-20 09:27:17'),
	(180,'','มาเรียนสาย 3 ครั้งต่อสัปดาห์','','',0,1,1,47,170,'2016-02-20 09:27:17','2016-02-20 09:27:17'),
	(181,'','ไม่ตั้งใจเรียนขณะครูสอน','','',0,1,1,47,170,'2016-02-20 09:27:17','2016-02-20 09:27:17'),
	(182,'','ไม่มีอุปกรณ์การเรียนมาเรียน หรือนำอุปกรณ์การเรียนมาไม่ครบ','','',0,1,1,47,170,'2016-02-20 09:27:17','2016-02-20 09:27:17'),
	(183,'','อ่านสะกดคำไม่ได้','','',0,1,1,47,170,'2016-02-20 09:27:17','2016-02-20 09:27:17'),
	(184,'','ไม่รู้ความหมายของคำ','','',0,1,1,47,170,'2016-02-20 09:27:17','2016-02-20 09:27:17'),
	(185,'','จับใจความสำคัญไม่ได้','','',0,1,1,47,170,'2016-02-20 09:27:17','2016-02-20 09:27:17'),
	(186,'','เขียนตัวอักษรไม่ได้','','',0,1,1,47,170,'2016-02-20 09:27:17','2016-02-20 09:27:17'),
	(187,'','เขียนไม่ได้ใจความ','','',0,1,1,47,170,'2016-02-20 09:27:17','2016-02-20 09:27:17'),
	(188,'','คำนวณ บวก ลบ คูณ หาร ไม่ได้','','',0,1,1,47,170,'2016-02-20 09:27:17','2016-02-20 09:27:17'),
	(189,'','ไม่ส่งงาน 1-2 วิชา','','',0,1,1,47,170,'2016-02-20 09:27:17','2016-02-20 09:27:17'),
	(190,'','ไม่ผ่านคุณลักษณะอันพึงประสงค์ 1 ข้อ','','',0,1,1,47,170,'2016-02-20 09:27:17','2016-02-20 09:27:17'),
	(191,'','ผลการประเมินการอ่านคิดวิเคราะห์ และเขียนสื่อความอยู่ในระดับ 1','','',0,1,1,47,170,'2016-02-20 09:27:17','2016-02-20 09:27:17'),
	(192,'','ผลการเรียนต่ำกว่า 1.00','','',0,1,1,47,171,'2016-02-20 09:37:20','2016-02-20 09:37:20'),
	(193,'','ติด 0, ร, มส, มผ มากกว่า 2 วิชา/ภาคเรียน','','',0,1,1,47,171,'2016-02-20 09:37:20','2016-02-20 09:37:20'),
	(194,'','มาเรียนสายมากกว่า 3 ครั้ง/สัปดาห์','','',0,1,1,47,171,'2016-02-20 09:37:20','2016-02-20 09:37:20'),
	(195,'','ไม่เข้าเรียนหลายครั้งโดยไม่มีเหตุผล','','',0,1,1,47,171,'2016-02-20 09:37:20','2016-02-20 09:37:20'),
	(196,'','สมาธิสั้น','','',0,1,1,47,171,'2016-02-20 09:37:20','2016-02-20 09:37:20'),
	(197,'','ขาดเรียนบ่อยมากกว่า 1 วัน/สัปดาห์','','',0,1,1,47,171,'2016-02-20 09:37:20','2016-02-20 09:37:20'),
	(198,'','ไม่ส่งงานมากกว่า 2 วิชา','','',0,1,1,47,171,'2016-02-20 09:37:20','2016-02-20 09:37:20'),
	(199,'','ไม่ผ่านคุณลักษณะอันพึงประสงค์ตั้งแต่ 2 ข้อขึ้นไป','','',0,1,1,47,171,'2016-02-20 09:37:20','2016-02-20 09:37:20'),
	(200,'','ผลการประเมินการอ่านคิดวิเคราะห์และเขียนสื่อความไม่ผ่าน','','',0,1,1,47,171,'2016-02-20 09:37:20','2016-02-20 09:37:20'),
	(201,'','ปกติ','','',0,0,1,48,NULL,'2016-02-20 09:41:42','2016-02-20 09:41:42'),
	(202,'','เสี่ยง','','',1,1,1,48,NULL,'2016-02-20 09:41:42','2016-03-05 10:38:28'),
	(203,'','ร่างกายไม่แข็งแรง','','',0,1,1,48,202,'2016-02-20 09:41:42','2016-02-20 09:41:42'),
	(204,'','มีโรคประจำตัวหรือเจ็บป่วยบ่อย','','',0,1,1,48,202,'2016-02-20 09:41:42','2016-02-20 09:41:42'),
	(205,'','มีปัญหาด้านสายตา (สวมแว่น/คอนแท็คเลนส์)','','',0,1,1,48,202,'2016-02-20 09:41:42','2016-02-20 09:41:42'),
	(206,'','มีปัญหา','','',2,1,1,48,NULL,'2016-02-20 09:41:42','2016-03-05 10:38:28'),
	(207,'','มีภาวะทุกโภชนาการ','','',0,1,1,48,206,'2016-02-20 09:41:42','2016-02-20 09:41:42'),
	(208,'','มีความพิการทางร่างกาย','','',0,1,1,48,206,'2016-02-20 09:41:42','2016-02-20 09:41:42'),
	(209,'','ป่วยเป็นโรคร้ายแรง/เรื้อรัง','','',0,1,1,48,206,'2016-02-20 09:41:42','2016-02-20 09:41:42'),
	(210,'','มีปัญหาด้านสายตา (ไม่สวมแว่น/คอนแท็คเลนส์)','','',0,1,1,48,206,'2016-02-20 09:41:42','2016-02-20 09:41:42'),
	(211,'','มีความบกพร่องทางการได้ยิน','','',0,1,1,48,206,'2016-02-20 09:41:42','2016-02-20 09:41:42'),
	(212,'','สมรรถภาพทางร่างกายต่ำ','','',0,1,1,48,206,'2016-02-20 09:41:42','2016-02-20 09:41:42'),
	(225,'','ปกติ','','',0,0,1,49,NULL,'2016-02-20 09:46:17','2016-02-20 09:46:17'),
	(226,'','เสี่ยง','','',1,1,1,49,NULL,'2016-02-20 09:46:17','2016-03-05 10:38:28'),
	(227,'','รายได้ครอบครัว 5,000-10,000 บาท/เดือน','','',0,1,1,49,226,'2016-02-20 09:46:17','2016-02-20 09:46:17'),
	(228,'','บิดาหรือมารดาตกงาน (1 คน) แต่รายได้มากกว่า 5,000 บาท','','',0,1,1,49,226,'2016-02-20 09:46:17','2016-02-20 09:46:17'),
	(229,'','มีปัญหา','','',2,1,1,49,NULL,'2016-02-20 09:46:17','2016-03-05 10:38:28'),
	(230,'','รายได้ครอบครัวต่ำกว่า 5,000 บาท/เดือน','','',0,1,1,49,229,'2016-02-20 09:46:17','2016-02-20 09:46:17'),
	(231,'','บิดาและมารดาตกงาน (ทั้ง 2 คน)','','',0,1,1,49,229,'2016-02-20 09:46:17','2016-02-20 09:46:17'),
	(232,'','ครอบครัวมีภาระหนี้สินจำนวนมาก','','',0,1,1,49,229,'2016-02-20 09:46:17','2016-02-20 09:46:17'),
	(233,'','รายได้ไม่เพียงพอต่อการใช้จ่ายในชีวิตประจำวัน','','',0,1,1,49,229,'2016-02-20 09:46:17','2016-02-20 09:46:17'),
	(234,'','ปกติ','','',0,0,1,50,NULL,'2016-02-20 09:50:24','2016-02-20 09:50:24'),
	(235,'','เสี่ยง','','',1,1,1,50,NULL,'2016-02-20 09:50:24','2016-03-05 10:38:28'),
	(236,'','พ่อแม่แยกทางกัน หรือแต่งงานใหม่','','',0,1,1,50,235,'2016-02-20 09:50:24','2016-02-20 09:50:24'),
	(237,'','ที่พักอาศัยอยู่ในชุมชนแออัด หรือใกล้แหล่งมั่วสุม/สถานเริงรมย์','','',0,1,1,50,235,'2016-02-20 09:50:24','2016-02-20 09:50:24'),
	(238,'','อยู่หอพัก','','',0,1,1,50,235,'2016-02-20 09:50:24','2016-02-20 09:50:24'),
	(239,'','มีบุคคลเจ็บป่วยด้วยโรคร้ายแรง/เรื้อรัง','','',0,1,1,50,235,'2016-02-20 09:50:24','2016-02-20 09:50:24'),
	(240,'','บุคคลในครอบครัวติดสารเสพติด','','',0,1,1,50,235,'2016-02-20 09:50:24','2016-02-20 09:50:24'),
	(241,'','บุคคลในครอบครัวเล่นการพนัน','','',0,1,1,50,235,'2016-02-20 09:50:24','2016-02-20 09:50:24'),
	(242,'','มีความขัดแย้ง / ทะเลาะกันในครอบครัว','','',0,1,1,50,235,'2016-02-20 09:50:24','2016-02-20 09:50:24'),
	(243,'','มีปัญหา','','',2,1,1,50,NULL,'2016-02-20 09:50:24','2016-03-05 10:38:28'),
	(244,'','ไม่มีผู้ดูแล','','',0,1,1,50,243,'2016-02-20 09:50:24','2016-02-20 09:50:24'),
	(245,'','มีความขัดแย้งและมีการใช้ความรุนแรงในครอบครัว','','',0,1,1,50,243,'2016-02-20 09:50:24','2016-02-20 09:50:24'),
	(246,'','ถูกทารุณ / ทำร้ายจากบุคคลในครอบครัว','','',0,1,1,50,243,'2016-02-20 09:50:24','2016-02-20 09:50:24'),
	(247,'','ถูกล่วงละเมิดทางเพศ','','',0,1,1,50,243,'2016-02-20 09:50:24','2016-02-20 09:50:24'),
	(248,'','สูบบุหรี่ / กัญชา / ของมึนเมา','','',0,1,1,50,243,'2016-02-20 09:50:24','2016-02-20 09:50:24'),
	(249,'','เล่นการพนัน','','',0,1,1,50,243,'2016-02-20 09:50:24','2016-02-20 09:50:24'),
	(250,'','ปกติ','','',0,0,1,51,NULL,'2016-02-20 09:53:20','2016-02-20 09:53:20'),
	(251,'','เสี่ยง','','',1,1,1,51,NULL,'2016-02-20 09:53:20','2016-03-05 10:38:28'),
	(252,'','คบเพื่อนในกลุ่มใช้สารเสพติด','','',0,1,1,51,251,'2016-02-20 09:53:20','2016-02-20 09:53:20'),
	(253,'','สมาชิกในครอบครัวข้องเกี่ยวกับยาเสพติด','','',0,1,1,51,251,'2016-02-20 09:53:20','2016-02-20 09:53:20'),
	(254,'','เคยลองสูบบุหรี่ / กัญชา / ของมึนเมา','','',0,1,1,51,251,'2016-02-20 09:53:20','2016-02-20 09:53:20'),
	(255,'','อยู่ในสภาพแวดล้อมที่ใช้สารเสพติด','','',0,1,1,51,251,'2016-02-20 09:53:20','2016-02-20 09:53:20'),
	(256,'','มีปัญหา','','',2,1,1,51,NULL,'2016-02-20 09:53:20','2016-03-05 10:38:28'),
	(257,'','ใช้หรือเสพเองมากกว่า 2 ครั้ง','','',0,1,1,51,256,'2016-02-20 09:53:20','2016-02-20 09:53:20'),
	(258,'','มีประวัติเกี่ยวข้องกับสารเสพติด','','',0,1,1,51,256,'2016-02-20 09:53:20','2016-02-20 09:53:20'),
	(259,'','เป็นผู้ติดบุหรี่ สุรา หรือสารเสพติดอื่นๆ','','',0,1,1,51,256,'2016-02-20 09:53:20','2016-02-20 09:53:20'),
	(260,'','ปกติ','','',0,0,1,52,NULL,'2016-02-20 09:55:45','2016-02-20 09:55:45'),
	(261,'','เสี่ยง','','',1,1,1,52,NULL,'2016-02-20 09:55:45','2016-03-05 10:38:28'),
	(262,'','ไม่ปฏิบัติตามกฎจารจร','','',0,1,1,52,261,'2016-02-20 09:55:45','2016-02-20 09:55:45'),
	(263,'','พาหนะและสภาพการเดินทางไม่ปลอดภัย','','',0,1,1,52,261,'2016-02-20 09:55:45','2016-02-20 09:55:45'),
	(264,'','มีประวัติทะเลาะวิวาท','','',0,1,1,52,261,'2016-02-20 09:55:45','2016-02-20 09:55:45'),
	(265,'','ก้าวร้าว เกเร','','',0,1,1,52,261,'2016-02-20 09:55:45','2016-02-20 09:55:45'),
	(266,'','มีปัญหา','','',2,1,1,52,NULL,'2016-02-20 09:55:45','2016-03-05 10:38:28'),
	(267,'','ไม่ปฏิบัติตามกฎจารจรบ่อยๆ หรือเป็นประจำ','','',0,1,1,52,266,'2016-02-20 09:55:45','2016-02-20 09:55:45'),
	(268,'','ทะเลาะวิวาทบ่อยๆ','','',0,1,1,52,266,'2016-02-20 09:55:45','2016-02-20 09:55:45'),
	(269,'','ทำร้ายร่างกายผู้อื่น','','',0,1,1,52,266,'2016-02-20 09:55:45','2016-02-20 09:55:45'),
	(270,'','ปกติ','','',0,0,1,53,NULL,'2016-02-20 09:59:05','2016-02-20 09:59:05'),
	(271,'','เสี่ยง','','',1,1,1,53,NULL,'2016-02-20 09:59:05','2016-03-05 10:38:28'),
	(272,'','อยู่ในกลุ่มประพฤติตนเหมือนเพศตรงข้าม','','',0,1,1,53,271,'2016-02-20 09:59:05','2016-02-20 09:59:05'),
	(273,'','ทำงานพิเศษที่ล่อแหลมต่อการถูกล่วงละเมิดทางเพศ','','',0,1,1,53,271,'2016-02-20 09:59:05','2016-02-20 09:59:05'),
	(274,'','จับคู่ชัดเจนและแยกกลุ่มอยู่ด้วยกันสองต่อสองบ่อยครั้ง','','',0,1,1,53,271,'2016-02-20 09:59:05','2016-02-20 09:59:05'),
	(275,'','อยู่ในกลุ่มขายบริการ','','',0,1,1,53,271,'2016-02-20 09:59:05','2016-02-20 09:59:05'),
	(276,'','ใช้เครื่องมือสื่อสารเป็นเวลานานและบ่อยครั้ง','','',0,1,1,53,271,'2016-02-20 09:59:05','2016-02-20 09:59:05'),
	(277,'','มีปัญหา','','',2,1,1,53,NULL,'2016-02-20 09:59:05','2016-03-05 10:38:28'),
	(278,'','ประพฤติตนเหมือนเพศตรงข้าม','','',0,1,1,53,277,'2016-02-20 09:59:05','2016-02-20 09:59:05'),
	(279,'','ขาดเรียนไปกับคู่ของตนเองเสมอๆ','','',0,1,1,53,277,'2016-02-20 09:59:05','2016-02-20 09:59:05'),
	(280,'','อยู่ด้วยกัน','','',0,1,1,53,277,'2016-02-20 09:59:05','2016-02-20 09:59:05'),
	(281,'','ตั้งครรภ์','','',0,1,1,53,277,'2016-02-20 09:59:05','2016-02-20 09:59:05'),
	(282,'','ขายบริการทางเพศ','','',0,1,1,53,277,'2016-02-20 09:59:05','2016-02-20 09:59:05'),
	(283,'','มีการมั่วสุมทางเพศ','','',0,1,1,53,277,'2016-02-20 09:59:05','2016-02-20 09:59:05'),
	(284,'','หมกมุ่นในการใช้เครื่องมือสื่อสารที่เกี่ยวข้องทางเพศ','','',0,1,1,53,277,'2016-02-20 09:59:05','2016-02-20 09:59:05'),
	(285,'','ปกติ','','',0,0,1,54,NULL,'2016-02-20 10:03:05','2016-02-20 10:03:05'),
	(286,'','เสี่ยง','','',1,1,1,54,NULL,'2016-02-20 10:03:05','2016-03-05 10:38:28'),
	(287,'','เล่นเกมเกินวันละ 1 ชั่วโมง','','',0,1,1,54,286,'2016-02-20 10:03:05','2016-02-20 10:03:05'),
	(288,'','ขาดจินตนาการและความคิดสร้างสรรค์','','',0,1,1,54,286,'2016-02-20 10:03:05','2016-02-20 10:03:05'),
	(289,'','เก็บตัว แยกตัวจากกลุ่มเพื่อน','','',0,1,1,54,286,'2016-02-20 10:03:05','2016-02-20 10:03:05'),
	(290,'','ใช้จ่ายเงินผิดปกติ','','',0,1,1,54,286,'2016-02-20 10:03:05','2016-02-20 10:03:05'),
	(291,'','อยู่ในกลุ่มเพื่อนเล่นเกม','','',0,1,1,54,286,'2016-02-20 10:03:05','2016-02-20 10:03:05'),
	(292,'','ร้านเกมอยู่ใกล้บ้านหรือโรงเรียน','','',0,1,1,54,286,'2016-02-20 10:03:05','2016-02-20 10:03:05'),
	(293,'','มีปัญหา','','',2,1,1,54,NULL,'2016-02-20 10:03:05','2016-03-05 10:38:28'),
	(294,'','ใช้เวลาเล่นเกมเกิน 2 ชั่วโมงต่อวัน','','',0,1,1,54,293,'2016-02-20 10:03:05','2016-02-20 10:03:05'),
	(295,'','หงุดหงิด ฉุนเฉียว อารมณ์รุนแรง','','',0,1,1,54,293,'2016-02-20 10:03:05','2016-02-20 10:03:05'),
	(296,'','บุคลิกภาพผิดไปจากเดิม','','',0,1,1,54,293,'2016-02-20 10:03:05','2016-02-20 10:03:05'),
	(297,'','ขาดความรับผิดชอบ','','',0,1,1,54,293,'2016-02-20 10:03:05','2016-02-20 10:03:05'),
	(298,'','หมกมุ่น จริงจังในการเล่นเกม','','',0,1,1,54,293,'2016-02-20 10:03:05','2016-02-20 10:03:05'),
	(299,'','ใช้เงินสิ้นเปลือง โกหก ลักขโมยเงินเพื่อเล่นเกม','','',0,1,1,54,293,'2016-02-20 10:03:05','2016-02-20 10:03:05'),
	(300,'','มีความบกพร่องทางการเห็น','','',0,1,1,55,NULL,'2016-02-20 10:06:27','2016-02-20 10:06:27'),
	(301,'','มีความบกพร่องทางการได้ยิน','','',0,1,1,55,NULL,'2016-02-20 10:06:27','2016-02-20 10:06:27'),
	(302,'','มีความบกพร่องทางสติปัญญา','','',0,1,1,55,NULL,'2016-02-20 10:06:27','2016-02-20 10:06:27'),
	(303,'','มีความบกพร่องทางร่างกายและสุขภาพ','','',0,1,1,55,NULL,'2016-02-20 10:06:27','2016-02-20 10:06:27'),
	(304,'','มีความบกพร่องทางการเรียนรู้','','',0,1,1,55,NULL,'2016-02-20 10:06:27','2016-02-20 10:06:27'),
	(305,'','มีความบกพร่องทางพฤติกรรมหรืออารมณ์','','',0,1,1,55,NULL,'2016-02-20 10:06:27','2016-02-20 10:06:27'),
	(306,'','มีความบกพร่องทางการพูดและภาษา','','',0,1,1,55,NULL,'2016-02-20 10:06:27','2016-02-20 10:06:27'),
	(307,'','ออทิสติก','','',0,1,1,55,NULL,'2016-02-20 10:06:27','2016-02-20 10:06:27'),
	(308,'','มีสมาธิสั้น','','',0,1,1,55,NULL,'2016-02-20 10:06:27','2016-02-20 10:06:27'),
	(309,'','พิการซ้ำซ้อน (มีความบกพร่องตั้งแต่ 2 ประเภทขึ้นไป)','','',0,1,1,55,NULL,'2016-02-20 10:06:27','2016-02-20 10:06:27'),
	(310,'','อื่นๆ (ระบุ)','','',0,1,1,55,NULL,'2016-02-20 10:06:27','2016-02-20 10:06:27'),
	(333,'','ปกติ','','',0,0,1,56,NULL,'2016-02-20 10:36:58','2016-02-20 10:36:58'),
	(334,'','เสี่ยง','','',1,1,1,56,NULL,'2016-02-20 10:36:58','2016-03-05 10:38:29'),
	(335,'','เคยใช้โทรศัพท์มือถือในระหว่างการเรียนการสอนโดยไม่จำเป็น','','',0,1,1,56,334,'2016-02-20 10:36:58','2016-02-20 10:36:58'),
	(336,'','เข้าใช้ MSN, Facebook, Twitter หรือ Chat เกินวันละ 1 ชั่วโมง','','',0,1,1,56,334,'2016-02-20 10:36:58','2016-02-20 10:36:58'),
	(337,'','มีปัญหา','','',2,1,1,56,NULL,'2016-02-20 10:36:58','2016-03-05 10:38:29'),
	(338,'','ใช้โทรศัพท์มือถือในระหว่างการเรียนการสอน 2-3 ครั้ง/วัน','','',0,1,1,56,337,'2016-02-20 10:36:58','2016-02-20 10:36:58'),
	(339,'','เข้าใช้ MSN, Facebook, Twitter หรือ Chat เกินวันละ 2 ชั่วโมง','','',0,1,1,56,337,'2016-02-20 10:36:58','2016-02-20 10:36:58'),
	(340,'','เคย','','',3,0,1,44,NULL,'2016-03-13 07:09:38','2016-03-13 07:09:38');

/*!40000 ALTER TABLE `choices` ENABLE KEYS */;
UNLOCK TABLES;


# Dump of table criteria
# ------------------------------------------------------------

DROP TABLE IF EXISTS `criteria`;

CREATE TABLE `criteria` (
  `id` int(10) unsigned NOT NULL AUTO_INCREMENT,
  `label` varchar(64) COLLATE utf8_unicode_ci NOT NULL,
  `from` int(11) NOT NULL,
  `to` int(11) NOT NULL,
  `questionaireID` int(10) unsigned NOT NULL,
  `created_at` timestamp NOT NULL DEFAULT '0000-00-00 00:00:00',
  `updated_at` timestamp NOT NULL DEFAULT '0000-00-00 00:00:00',
  PRIMARY KEY (`id`),
  KEY `criteria_questionaireid_foreign` (`questionaireID`),
  CONSTRAINT `criteria_questionaireid_foreign` FOREIGN KEY (`questionaireID`) REFERENCES `questionaires` (`id`) ON DELETE CASCADE
) ENGINE=InnoDB DEFAULT CHARSET=utf8 COLLATE=utf8_unicode_ci;

LOCK TABLES `criteria` WRITE;
/*!40000 ALTER TABLE `criteria` DISABLE KEYS */;

INSERT INTO `criteria` (`id`, `label`, `from`, `to`, `questionaireID`, `created_at`, `updated_at`)
VALUES
	(1,'ปกติ',0,0,34,'2016-02-20 05:21:16','2016-02-20 05:21:16'),
	(2,'เสี่ยง',1,15,34,'2016-02-20 05:21:17','2016-02-20 05:21:17'),
	(3,'มีปัญหา',16,30,34,'2016-02-20 05:21:17','2016-02-20 05:21:17'),
	(8,'ต่ำกว่าปกติ',0,5,32,'2016-03-13 06:56:15','2016-03-13 06:56:15'),
	(9,'ปกติ',6,17,32,'2016-03-13 06:56:15','2016-03-13 06:56:15'),
	(10,'สูงกว่าปกติ',18,25,32,'2016-03-13 06:56:15','2016-03-13 06:56:15'),
	(11,'สูงกว่าปกติปานกลาง',26,29,32,'2016-03-13 06:56:15','2016-03-13 06:56:15'),
	(12,'สูงกว่าปกติมาก',30,60,32,'2016-03-13 06:56:15','2016-03-13 06:56:15'),
	(13,'ไม่มีภาวะซึมเศร้า',0,24,33,'2016-03-13 07:00:44','2016-03-13 07:00:44'),
	(14,'อาจมีภาวะซึมเศร้า',25,29,33,'2016-03-13 07:00:44','2016-03-13 07:00:44'),
	(15,'ซึมเศร้ารุนแรง',30,60,33,'2016-03-13 07:00:44','2016-03-13 07:00:44');

/*!40000 ALTER TABLE `criteria` ENABLE KEYS */;
UNLOCK TABLES;


# Dump of table question_metas
# ------------------------------------------------------------

DROP TABLE IF EXISTS `question_metas`;

CREATE TABLE `question_metas` (
  `id` int(10) unsigned NOT NULL AUTO_INCREMENT,
  `header` varchar(255) COLLATE utf8_unicode_ci NOT NULL,
  `questionID` int(10) unsigned NOT NULL,
  `created_at` timestamp NOT NULL DEFAULT '0000-00-00 00:00:00',
  `updated_at` timestamp NOT NULL DEFAULT '0000-00-00 00:00:00',
  PRIMARY KEY (`id`),
  KEY `question_metas_questionid_foreign` (`questionID`),
  CONSTRAINT `question_metas_questionid_foreign` FOREIGN KEY (`questionID`) REFERENCES `questions` (`id`) ON DELETE CASCADE
) ENGINE=InnoDB DEFAULT CHARSET=utf8 COLLATE=utf8_unicode_ci;

LOCK TABLES `question_metas` WRITE;
/*!40000 ALTER TABLE `question_metas` DISABLE KEYS */;

INSERT INTO `question_metas` (`id`, `header`, `questionID`, `created_at`, `updated_at`)
VALUES
	(2,'{\"rows\":[{\"cols\":[{\"rowspan\":1,\"colspan\":\"4\",\"label\":\"\"},{\"rowspan\":1,\"colspan\":1,\"label\":\"\\u0e44\\u0e21\\u0e48\\u0e40\\u0e04\\u0e22\"},{\"rowspan\":1,\"colspan\":1,\"label\":\"\\u0e40\\u0e04\\u0e22\"}]}]}',44,'2016-01-23 07:58:36','2016-01-23 07:58:36'),
	(16,'null',24,'2016-03-13 07:09:37','2016-03-13 07:09:37'),
	(17,'null',26,'2016-03-13 07:09:37','2016-03-13 07:09:37'),
	(18,'null',27,'2016-03-13 07:09:37','2016-03-13 07:09:37'),
	(19,'null',28,'2016-03-13 07:09:37','2016-03-13 07:09:37'),
	(20,'null',29,'2016-03-13 07:09:37','2016-03-13 07:09:37'),
	(21,'null',30,'2016-03-13 07:09:37','2016-03-13 07:09:37'),
	(22,'null',31,'2016-03-13 07:09:37','2016-03-13 07:09:37'),
	(23,'null',32,'2016-03-13 07:09:37','2016-03-13 07:09:37'),
	(24,'null',33,'2016-03-13 07:09:37','2016-03-13 07:09:37'),
	(25,'null',34,'2016-03-13 07:09:37','2016-03-13 07:09:37'),
	(26,'null',35,'2016-03-13 07:09:37','2016-03-13 07:09:37'),
	(27,'null',36,'2016-03-13 07:09:38','2016-03-13 07:09:38'),
	(28,'null',37,'2016-03-13 07:09:38','2016-03-13 07:09:38'),
	(29,'null',38,'2016-03-13 07:09:38','2016-03-13 07:09:38'),
	(30,'null',39,'2016-03-13 07:09:38','2016-03-13 07:09:38'),
	(31,'null',40,'2016-03-13 07:09:38','2016-03-13 07:09:38'),
	(32,'null',41,'2016-03-13 07:09:38','2016-03-13 07:09:38'),
	(33,'null',42,'2016-03-13 07:09:38','2016-03-13 07:09:38'),
	(34,'null',43,'2016-03-13 07:09:38','2016-03-13 07:09:38');

/*!40000 ALTER TABLE `question_metas` ENABLE KEYS */;
UNLOCK TABLES;


# Dump of table questionaires
# ------------------------------------------------------------

DROP TABLE IF EXISTS `questionaires`;

CREATE TABLE `questionaires` (
  `id` int(10) unsigned NOT NULL AUTO_INCREMENT,
  `parentID` int(11) DEFAULT NULL,
  `name` varchar(255) COLLATE utf8_unicode_ci NOT NULL,
  `header` varchar(2048) COLLATE utf8_unicode_ci DEFAULT NULL,
  `level` tinyint(4) NOT NULL DEFAULT '0',
  `created_at` timestamp NOT NULL DEFAULT '0000-00-00 00:00:00',
  `updated_at` timestamp NOT NULL DEFAULT '0000-00-00 00:00:00',
  `type` tinyint(4) NOT NULL DEFAULT '0',
  PRIMARY KEY (`id`)
) ENGINE=InnoDB DEFAULT CHARSET=utf8 COLLATE=utf8_unicode_ci;

LOCK TABLES `questionaires` WRITE;
/*!40000 ALTER TABLE `questionaires` DISABLE KEYS */;

INSERT INTO `questionaires` (`id`, `parentID`, `name`, `header`, `level`, `created_at`, `updated_at`, `type`)
VALUES
	(32,NULL,'แบบประเมินความเครียด','{\"rows\":[{\"cols\":[{\"rowspan\":\"2\",\"colspan\":\"2\",\"label\":\"\\u0e2d\\u0e32\\u0e01\\u0e32\\u0e23\\u0e1e\\u0e24\\u0e15\\u0e34\\u0e01\\u0e23\\u0e23\\u0e21\\u0e2b\\u0e23\\u0e37\\u0e2d\\u0e04\\u0e27\\u0e32\\u0e21\\u0e23\\u0e39\\u0e49\\u0e2a\\u0e36\\u0e01\"},{\"rowspan\":1,\"colspan\":\"4\",\"label\":\"\\u0e23\\u0e30\\u0e14\\u0e31\\u0e1a\\u0e2d\\u0e32\\u0e01\\u0e32\\u0e23\"}]},{\"cols\":[{\"rowspan\":1,\"colspan\":1,\"label\":\"\\u0e44\\u0e21\\u0e48\\u0e40\\u0e04\\u0e22\\u0e40\\u0e25\\u0e22\"},{\"rowspan\":1,\"colspan\":1,\"label\":\"\\u0e40\\u0e1b\\u0e47\\u0e19\\u0e04\\u0e23\\u0e31\\u0e49\\u0e07\\u0e04\\u0e23\\u0e32\\u0e27\"},{\"rowspan\":1,\"colspan\":1,\"label\":\"\\u0e40\\u0e1b\\u0e47\\u0e19\\u0e04\\u0e23\\u0e31\\u0e49\\u0e07\\u0e04\\u0e23\\u0e32\\u0e27\"},{\"rowspan\":1,\"colspan\":1,\"label\":\"\\u0e40\\u0e1b\\u0e47\\u0e19\\u0e1a\\u0e48\\u0e2d\\u0e22\\u0e46\"}]}]}',0,'2016-01-10 08:17:24','2016-01-16 08:19:29',0),
	(33,NULL,'แบบวัดโรคซึมเศร้า','{\"rows\":[{\"cols\":[{\"rowspan\":1,\"colspan\":\"2\",\"label\":\"\\u0e2d\\u0e32\\u0e01\\u0e32\\u0e23\\u0e1e\\u0e24\\u0e15\\u0e34\\u0e01\\u0e23\\u0e23\\u0e21\\u0e04\\u0e27\\u0e32\\u0e21\\u0e23\\u0e39\\u0e49\\u0e2a\\u0e36\\u0e01\"},{\"rowspan\":1,\"colspan\":1,\"label\":\"\\u0e1a\\u0e48\\u0e2d\\u0e22\"},{\"rowspan\":1,\"colspan\":1,\"label\":\"\\u0e04\\u0e48\\u0e2d\\u0e19\\u0e02\\u0e49\\u0e32\\u0e07\\u0e1a\\u0e48\\u0e2d\\u0e22\"},{\"rowspan\":1,\"colspan\":1,\"label\":\"\\u0e1a\\u0e32\\u0e07\\u0e04\\u0e23\\u0e31\\u0e49\\u0e07\"},{\"rowspan\":1,\"colspan\":1,\"label\":\"\\u0e44\\u0e21\\u0e48\\u0e40\\u0e25\\u0e22\"}]}]}',0,'2016-01-16 06:41:56','2016-01-16 08:22:29',0),
	(34,NULL,'แบบคัดกรองนักเรียน',NULL,1,'2016-02-20 05:21:16','2016-02-20 09:09:09',0);

/*!40000 ALTER TABLE `questionaires` ENABLE KEYS */;
UNLOCK TABLES;


# Dump of table questions
# ------------------------------------------------------------

DROP TABLE IF EXISTS `questions`;

CREATE TABLE `questions` (
  `id` int(10) unsigned NOT NULL AUTO_INCREMENT,
  `order` int(11) NOT NULL,
  `label` varchar(255) COLLATE utf8_unicode_ci DEFAULT NULL,
  `name` varchar(255) COLLATE utf8_unicode_ci NOT NULL,
  `description` varchar(255) COLLATE utf8_unicode_ci DEFAULT NULL,
  `type` int(11) NOT NULL,
  `questionaireID` int(10) unsigned NOT NULL,
  `created_at` timestamp NOT NULL DEFAULT '0000-00-00 00:00:00',
  `updated_at` timestamp NOT NULL DEFAULT '0000-00-00 00:00:00',
  PRIMARY KEY (`id`),
  KEY `questions_questionaireid_foreign` (`questionaireID`),
  CONSTRAINT `questions_questionaireid_foreign` FOREIGN KEY (`questionaireID`) REFERENCES `questionaires` (`id`)
) ENGINE=InnoDB DEFAULT CHARSET=utf8 COLLATE=utf8_unicode_ci;

LOCK TABLES `questions` WRITE;
/*!40000 ALTER TABLE `questions` DISABLE KEYS */;

INSERT INTO `questions` (`id`, `order`, `label`, `name`, `description`, `type`, `questionaireID`, `created_at`, `updated_at`)
VALUES
	(4,1,'1.','นอนไม่หลับหรือคิดมาหรือกังวลใจ','',0,32,'2016-01-10 08:17:24','2016-01-10 15:01:43'),
	(5,2,'2.','รู้สึกหงุดหงิดรำคาญใจ','',0,32,'2016-01-10 15:01:06','2016-01-10 15:01:43'),
	(6,3,'3.','ทำอะไรไม่ได้เลยเพราะประสาทตึงเครียด','',0,32,'2016-01-10 15:01:43','2016-01-10 15:01:43'),
	(7,4,'4.','มีความวุ่นวายใจ','',0,32,'2016-01-10 16:50:44','2016-01-10 16:50:44'),
	(8,5,'5.','ไม่อยากพบปะผู้คน','',0,32,'2016-01-10 16:50:44','2016-01-10 16:50:44'),
	(9,6,'6.','ปวดหัวข้างเดียวหรือปวดขมับทั้งสองข้าง','',0,32,'2016-01-10 16:50:44','2016-01-10 16:50:44'),
	(10,7,'7.','รู้สึกไม่มีความสุขหรือเศร้าหมอง','',0,32,'2016-01-10 16:50:44','2016-01-10 16:50:44'),
	(11,8,'8.','รู้สึกหมดหวังในชีวิต','',0,32,'2016-01-10 16:50:44','2016-01-10 16:50:44'),
	(12,9,'9.','รู้สึกว่าชีวิตตนเองไม่มีคุณค่า','',0,32,'2016-01-10 16:50:44','2016-01-10 16:50:44'),
	(13,10,'10.','กระวนกระวายอยู่ตลอดเวลา','',0,32,'2016-01-10 16:50:44','2016-01-10 16:50:44'),
	(14,11,'11.','รู้สึกว่าตนเองไม่มีสมาธิ','',0,32,'2016-01-10 16:50:44','2016-01-10 16:50:44'),
	(15,12,'12.','รู้สึกเพลียไม่มีแรงจะทำอะไร','',0,32,'2016-01-10 16:50:44','2016-01-10 16:50:44'),
	(16,13,'13.','รู้สึกเหนื่อยไม่อยากจะทำอะไร','',0,32,'2016-01-10 16:50:44','2016-01-10 16:50:44'),
	(17,14,'14.','มีอาการหัวใจเต้นแรง','',0,32,'2016-01-10 16:50:44','2016-01-10 16:50:44'),
	(18,15,'15.','เสียงสั่น ปากสั่น หรือมือสั่นเวลาไม่พอใจ','',0,32,'2016-01-10 16:50:44','2016-01-10 16:50:44'),
	(19,16,'16.','รู้สึกกลัวผิดพลาด','',0,32,'2016-01-10 16:50:44','2016-01-10 16:50:44'),
	(20,17,'17.','ปวดหรือเกร็งกล้ามเนื้อบริเวณท้ายทอย หลัง หรือไหล่','',0,32,'2016-01-10 16:50:44','2016-01-10 16:50:44'),
	(21,18,'18.','ตื่นเต้นง่ายกับเหตุการณ์ที่ไม่คุ้นเคย','',0,32,'2016-01-10 16:50:44','2016-01-10 16:50:44'),
	(22,19,'19.','มึนงงหรือเวียนศรีษะ','',0,32,'2016-01-10 16:50:44','2016-01-10 16:50:44'),
	(23,20,'20.','ความสุขทางเพศลดลง หรือเบื่อหน่ายในการดูแลตนเองให้เป็นที่สนใจของเพศตรงข้าม','',0,32,'2016-01-10 16:51:40','2016-01-10 16:51:40'),
	(24,1,'1.','รู้สึกเบื่ออาหาร','',0,33,'2016-01-16 06:41:56','2016-01-16 06:41:56'),
	(26,2,'2.','นอนไม่หลับหรือต้องใช้ยาช่วยให้หลับ','',0,33,'2016-01-16 08:25:27','2016-01-16 08:25:27'),
	(27,3,'3.','รู้สึกอ่อนเพลีย เหนื่อยง่าย','',0,33,'2016-01-16 08:25:27','2016-01-16 08:25:27'),
	(28,4,'4.','คิดมาก กังวล','',0,33,'2016-01-16 08:25:27','2016-01-16 08:25:27'),
	(29,5,'5.','รู้สึกสบายใจ','',0,33,'2016-01-16 08:32:21','2016-01-16 08:32:21'),
	(30,6,'6.','รู้สึกเบื่อ ไม่อยากพูดคุย','',0,33,'2016-01-16 08:32:21','2016-01-16 08:32:21'),
	(31,7,'7.','ใจลอย ไม่มีสมาธิ','',0,33,'2016-01-16 08:32:21','2016-01-16 08:32:21'),
	(32,8,'8.','อยากอยู่เฉยๆ ไม่อยากทำอะไร','',0,33,'2016-01-16 08:32:21','2016-01-16 08:32:21'),
	(33,9,'9.','รู้สึกเศร้า หดหู่','',0,33,'2016-01-16 08:32:21','2016-01-16 08:32:21'),
	(34,10,'10.','ชีวิตอนาคตยังน่าอยู่ มีความหมาย','',0,33,'2016-01-16 08:32:21','2016-01-16 08:32:21'),
	(35,11,'11.','ร้องไห้หรืออยากร้องไห้','',0,33,'2016-01-16 08:32:21','2016-01-16 08:32:21'),
	(36,12,'12.','ตัดสินใจไม่ได้แม้เรื่องเล็กๆ น้อยๆ','',0,33,'2016-01-16 08:32:21','2016-01-16 08:32:21'),
	(37,13,'13.','ชีวิตไม่มีความสุข','',0,33,'2016-01-16 08:32:21','2016-01-16 08:32:21'),
	(38,14,'14.','รู้สึกเศร้าเมื่อตื่นนอนตอนเช้า','',0,33,'2016-01-16 08:32:21','2016-01-16 08:32:21'),
	(39,15,'15.','รู้สึกว่าตัวเองมีคุณค่า','',0,33,'2016-01-16 08:32:21','2016-01-16 08:32:21'),
	(40,16,'16.','ตำหนิหรือกล่าวโทษตนเอง','',0,33,'2016-01-16 08:32:21','2016-01-16 08:32:21'),
	(41,17,'17.','เบื่อหน่ายกับทุกอย่าง','',0,33,'2016-01-16 08:32:21','2016-01-16 08:32:21'),
	(42,18,'18.','คิดอยากตาย','',0,33,'2016-01-16 08:32:21','2016-01-16 08:32:21'),
	(43,19,'19.','คนอื่นทักว่าดูเครียด','',0,33,'2016-01-16 08:32:21','2016-01-16 08:32:21'),
	(44,20,'20.','พยายามฆ่าตัวตาย','',0,33,'2016-01-16 08:32:21','2016-01-16 08:32:21'),
	(45,1,'1.','ความสามารถพิเศษ (ความถนัดและความสนใจในวิชาที่เรียน)','',0,34,'2016-02-20 05:21:17','2016-02-20 07:23:19'),
	(47,2,'2.','ด้านการเรียน','',2,34,'2016-02-20 07:23:19','2016-02-27 12:04:38'),
	(48,3,'3.','ด้านสุขภาพ','',2,34,'2016-02-20 07:23:19','2016-02-27 12:04:38'),
	(49,4,'4.','ด้านเศรษฐกิจ','',2,34,'2016-02-20 07:23:19','2016-02-27 12:04:38'),
	(50,5,'5.','ด้านสวัสดิการและความปลอดภัย','',2,34,'2016-02-20 07:23:19','2016-02-27 12:04:38'),
	(51,6,'6.','ด้านพฤติกรรมการใช้สารเสพติด','',2,34,'2016-02-20 07:23:19','2016-02-27 12:04:38'),
	(52,7,'7.','ด้านพฤติกรรมการใช้ความรุนแรง','',2,34,'2016-02-20 07:23:19','2016-02-27 12:04:38'),
	(53,8,'8.','ด้านพฤติกรรมทางเพศ','',2,34,'2016-02-20 07:23:19','2016-02-27 12:04:38'),
	(54,9,'9.','ด้านการติดเกม','',2,34,'2016-02-20 07:23:19','2016-02-27 12:04:38'),
	(55,10,'10.','นักเรียนที่มีความต้องการพิเศษ','',1,34,'2016-02-20 07:23:19','2016-02-27 11:58:16'),
	(56,11,'11.','ด้านการใช้เครื่องมือสื่อสารอิเล็กทรอนิกส์','',2,34,'2016-02-20 07:23:19','2016-02-27 12:04:38');

/*!40000 ALTER TABLE `questions` ENABLE KEYS */;
UNLOCK TABLES;



/*!40111 SET SQL_NOTES=@OLD_SQL_NOTES */;
/*!40101 SET SQL_MODE=@OLD_SQL_MODE */;
/*!40014 SET FOREIGN_KEY_CHECKS=@OLD_FOREIGN_KEY_CHECKS */;
/*!40101 SET CHARACTER_SET_CLIENT=@OLD_CHARACTER_SET_CLIENT */;
/*!40101 SET CHARACTER_SET_RESULTS=@OLD_CHARACTER_SET_RESULTS */;
/*!40101 SET COLLATION_CONNECTION=@OLD_COLLATION_CONNECTION */;
