# ************************************************************
# Sequel Pro SQL dump
# Version 4500
#
# http://www.sequelpro.com/
# https://github.com/sequelpro/sequelpro
#
# Host: 127.0.0.1 (MySQL 5.5.42)
# Database: ammart
# Generation Time: 2016-02-01 14:58:55 +0000
# ************************************************************


/*!40101 SET @OLD_CHARACTER_SET_CLIENT=@@CHARACTER_SET_CLIENT */;
/*!40101 SET @OLD_CHARACTER_SET_RESULTS=@@CHARACTER_SET_RESULTS */;
/*!40101 SET @OLD_COLLATION_CONNECTION=@@COLLATION_CONNECTION */;
/*!40101 SET NAMES utf8 */;
/*!40014 SET @OLD_FOREIGN_KEY_CHECKS=@@FOREIGN_KEY_CHECKS, FOREIGN_KEY_CHECKS=0 */;
/*!40101 SET @OLD_SQL_MODE=@@SQL_MODE, SQL_MODE='NO_AUTO_VALUE_ON_ZERO' */;
/*!40111 SET @OLD_SQL_NOTES=@@SQL_NOTES, SQL_NOTES=0 */;


# Dump of table choices
# ------------------------------------------------------------

DROP TABLE IF EXISTS `choices`;

CREATE TABLE `choices` (
  `id` int(10) unsigned NOT NULL AUTO_INCREMENT,
  `label` varchar(255) COLLATE utf8_unicode_ci DEFAULT NULL,
  `name` varchar(255) COLLATE utf8_unicode_ci DEFAULT NULL,
  `description` varchar(255) COLLATE utf8_unicode_ci DEFAULT NULL,
  `note` varchar(255) COLLATE utf8_unicode_ci DEFAULT NULL,
  `value` int(11) NOT NULL,
  `enabled` tinyint(1) NOT NULL DEFAULT '1',
  `questionID` int(10) unsigned NOT NULL,
  `created_at` timestamp NOT NULL DEFAULT '0000-00-00 00:00:00',
  `updated_at` timestamp NOT NULL DEFAULT '0000-00-00 00:00:00',
  PRIMARY KEY (`id`),
  KEY `choices_questionid_foreign` (`questionID`),
  CONSTRAINT `choices_questionid_foreign` FOREIGN KEY (`questionID`) REFERENCES `questions` (`id`)
) ENGINE=InnoDB DEFAULT CHARSET=utf8 COLLATE=utf8_unicode_ci;

LOCK TABLES `choices` WRITE;
/*!40000 ALTER TABLE `choices` DISABLE KEYS */;

INSERT INTO `choices` (`id`, `label`, `name`, `description`, `note`, `value`, `enabled`, `questionID`, `created_at`, `updated_at`)
VALUES
	(1,NULL,'ไม่เคยเลย',NULL,NULL,0,1,4,'0000-00-00 00:00:00','0000-00-00 00:00:00'),
	(2,NULL,'เป็นครั้งคราว',NULL,NULL,1,1,4,'0000-00-00 00:00:00','0000-00-00 00:00:00'),
	(3,NULL,'เป็นบ่อยๆ',NULL,NULL,2,1,4,'0000-00-00 00:00:00','0000-00-00 00:00:00'),
	(4,NULL,'เป็นประจำ',NULL,NULL,3,1,4,'0000-00-00 00:00:00','0000-00-00 00:00:00'),
	(5,NULL,'ไม่เคยเลย',NULL,NULL,0,1,5,'0000-00-00 00:00:00','0000-00-00 00:00:00'),
	(6,NULL,'เป็นครั้งคราว',NULL,NULL,1,1,5,'0000-00-00 00:00:00','0000-00-00 00:00:00'),
	(7,NULL,'เป็นบ่อยๆ',NULL,NULL,2,1,5,'0000-00-00 00:00:00','0000-00-00 00:00:00'),
	(8,NULL,'เป็นประจำ',NULL,NULL,3,1,5,'0000-00-00 00:00:00','0000-00-00 00:00:00'),
	(9,NULL,'ไม่เคยเลย',NULL,NULL,0,1,6,'0000-00-00 00:00:00','0000-00-00 00:00:00'),
	(10,NULL,'เป็นครั้งคราว',NULL,NULL,1,1,6,'0000-00-00 00:00:00','0000-00-00 00:00:00'),
	(11,NULL,'เป็นบ่อยๆ',NULL,NULL,2,1,6,'0000-00-00 00:00:00','0000-00-00 00:00:00'),
	(12,NULL,'เป็นประจำ',NULL,NULL,3,1,6,'0000-00-00 00:00:00','0000-00-00 00:00:00'),
	(13,NULL,'ไม่เคยเลย',NULL,NULL,0,1,7,'0000-00-00 00:00:00','0000-00-00 00:00:00'),
	(14,NULL,'เป็นครั้งคราว',NULL,NULL,1,1,7,'0000-00-00 00:00:00','0000-00-00 00:00:00'),
	(15,NULL,'เป็นบ่อยๆ',NULL,NULL,2,1,7,'0000-00-00 00:00:00','0000-00-00 00:00:00'),
	(16,NULL,'เป็นประจำ',NULL,NULL,3,1,7,'0000-00-00 00:00:00','0000-00-00 00:00:00'),
	(17,NULL,'ไม่เคยเลย',NULL,NULL,0,1,8,'0000-00-00 00:00:00','0000-00-00 00:00:00'),
	(18,NULL,'เป็นครั้งคราว',NULL,NULL,1,1,8,'0000-00-00 00:00:00','0000-00-00 00:00:00'),
	(19,NULL,'เป็นบ่อยๆ',NULL,NULL,2,1,8,'0000-00-00 00:00:00','0000-00-00 00:00:00'),
	(20,NULL,'เป็นประจำ',NULL,NULL,3,1,8,'0000-00-00 00:00:00','0000-00-00 00:00:00'),
	(21,NULL,'ไม่เคยเลย',NULL,NULL,0,1,9,'0000-00-00 00:00:00','0000-00-00 00:00:00'),
	(22,NULL,'เป็นครั้งคราว',NULL,NULL,1,1,9,'0000-00-00 00:00:00','0000-00-00 00:00:00'),
	(23,NULL,'เป็นบ่อยๆ',NULL,NULL,2,1,9,'0000-00-00 00:00:00','0000-00-00 00:00:00'),
	(24,NULL,'เป็นประจำ',NULL,NULL,3,1,9,'0000-00-00 00:00:00','0000-00-00 00:00:00'),
	(25,NULL,'ไม่เคยเลย',NULL,NULL,0,1,10,'0000-00-00 00:00:00','0000-00-00 00:00:00'),
	(26,NULL,'เป็นครั้งคราว',NULL,NULL,1,1,10,'0000-00-00 00:00:00','0000-00-00 00:00:00'),
	(27,NULL,'เป็นบ่อยๆ',NULL,NULL,2,1,10,'0000-00-00 00:00:00','0000-00-00 00:00:00'),
	(28,NULL,'เป็นประจำ',NULL,NULL,3,1,10,'0000-00-00 00:00:00','0000-00-00 00:00:00'),
	(29,NULL,'ไม่เคยเลย',NULL,NULL,0,1,11,'0000-00-00 00:00:00','0000-00-00 00:00:00'),
	(30,NULL,'เป็นครั้งคราว',NULL,NULL,1,1,11,'0000-00-00 00:00:00','0000-00-00 00:00:00'),
	(31,NULL,'เป็นบ่อยๆ',NULL,NULL,2,1,11,'0000-00-00 00:00:00','0000-00-00 00:00:00'),
	(32,NULL,'เป็นประจำ',NULL,NULL,3,1,11,'0000-00-00 00:00:00','0000-00-00 00:00:00'),
	(33,NULL,'ไม่เคยเลย',NULL,NULL,0,1,12,'0000-00-00 00:00:00','0000-00-00 00:00:00'),
	(34,NULL,'เป็นครั้งคราว',NULL,NULL,1,1,12,'0000-00-00 00:00:00','0000-00-00 00:00:00'),
	(35,NULL,'เป็นบ่อยๆ',NULL,NULL,2,1,12,'0000-00-00 00:00:00','0000-00-00 00:00:00'),
	(36,NULL,'เป็นประจำ',NULL,NULL,3,1,12,'0000-00-00 00:00:00','0000-00-00 00:00:00'),
	(37,NULL,'ไม่เคยเลย',NULL,NULL,0,1,13,'0000-00-00 00:00:00','0000-00-00 00:00:00'),
	(38,NULL,'เป็นครั้งคราว',NULL,NULL,1,1,13,'0000-00-00 00:00:00','0000-00-00 00:00:00'),
	(39,NULL,'เป็นบ่อยๆ',NULL,NULL,2,1,13,'0000-00-00 00:00:00','0000-00-00 00:00:00'),
	(40,NULL,'เป็นประจำ',NULL,NULL,3,1,13,'0000-00-00 00:00:00','0000-00-00 00:00:00'),
	(41,NULL,'ไม่เคยเลย',NULL,NULL,0,1,14,'0000-00-00 00:00:00','0000-00-00 00:00:00'),
	(42,NULL,'เป็นครั้งคราว',NULL,NULL,1,1,14,'0000-00-00 00:00:00','0000-00-00 00:00:00'),
	(43,NULL,'เป็นบ่อยๆ',NULL,NULL,2,1,14,'0000-00-00 00:00:00','0000-00-00 00:00:00'),
	(44,NULL,'เป็นประจำ',NULL,NULL,3,1,14,'0000-00-00 00:00:00','0000-00-00 00:00:00'),
	(45,NULL,'ไม่เคยเลย',NULL,NULL,0,1,15,'0000-00-00 00:00:00','0000-00-00 00:00:00'),
	(46,NULL,'เป็นครั้งคราว',NULL,NULL,1,1,15,'0000-00-00 00:00:00','0000-00-00 00:00:00'),
	(47,NULL,'เป็นบ่อยๆ',NULL,NULL,2,1,15,'0000-00-00 00:00:00','0000-00-00 00:00:00'),
	(48,NULL,'เป็นประจำ',NULL,NULL,3,1,15,'0000-00-00 00:00:00','0000-00-00 00:00:00'),
	(49,NULL,'ไม่เคยเลย',NULL,NULL,0,1,16,'0000-00-00 00:00:00','0000-00-00 00:00:00'),
	(50,NULL,'เป็นครั้งคราว',NULL,NULL,1,1,16,'0000-00-00 00:00:00','0000-00-00 00:00:00'),
	(51,NULL,'เป็นบ่อยๆ',NULL,NULL,2,1,16,'0000-00-00 00:00:00','0000-00-00 00:00:00'),
	(52,NULL,'เป็นประจำ',NULL,NULL,3,1,16,'0000-00-00 00:00:00','0000-00-00 00:00:00'),
	(53,NULL,'ไม่เคยเลย',NULL,NULL,0,1,17,'0000-00-00 00:00:00','0000-00-00 00:00:00'),
	(54,NULL,'เป็นครั้งคราว',NULL,NULL,1,1,17,'0000-00-00 00:00:00','0000-00-00 00:00:00'),
	(55,NULL,'เป็นบ่อยๆ',NULL,NULL,2,1,17,'0000-00-00 00:00:00','0000-00-00 00:00:00'),
	(56,NULL,'เป็นประจำ',NULL,NULL,3,1,17,'0000-00-00 00:00:00','0000-00-00 00:00:00'),
	(57,NULL,'ไม่เคยเลย',NULL,NULL,0,1,18,'0000-00-00 00:00:00','0000-00-00 00:00:00'),
	(58,NULL,'เป็นครั้งคราว',NULL,NULL,1,1,18,'0000-00-00 00:00:00','0000-00-00 00:00:00'),
	(59,NULL,'เป็นบ่อยๆ',NULL,NULL,2,1,18,'0000-00-00 00:00:00','0000-00-00 00:00:00'),
	(60,NULL,'เป็นประจำ',NULL,NULL,3,1,18,'0000-00-00 00:00:00','0000-00-00 00:00:00'),
	(61,NULL,'ไม่เคยเลย',NULL,NULL,0,1,19,'0000-00-00 00:00:00','0000-00-00 00:00:00'),
	(62,NULL,'เป็นครั้งคราว',NULL,NULL,1,1,19,'0000-00-00 00:00:00','0000-00-00 00:00:00'),
	(63,NULL,'เป็นบ่อยๆ',NULL,NULL,2,1,19,'0000-00-00 00:00:00','0000-00-00 00:00:00'),
	(64,NULL,'เป็นประจำ',NULL,NULL,3,1,19,'0000-00-00 00:00:00','0000-00-00 00:00:00'),
	(65,NULL,'ไม่เคยเลย',NULL,NULL,0,1,20,'0000-00-00 00:00:00','0000-00-00 00:00:00'),
	(66,NULL,'เป็นครั้งคราว',NULL,NULL,1,1,20,'0000-00-00 00:00:00','0000-00-00 00:00:00'),
	(67,NULL,'เป็นบ่อยๆ',NULL,NULL,2,1,20,'0000-00-00 00:00:00','0000-00-00 00:00:00'),
	(68,NULL,'เป็นประจำ',NULL,NULL,3,1,20,'0000-00-00 00:00:00','0000-00-00 00:00:00'),
	(69,NULL,'ไม่เคยเลย',NULL,NULL,0,1,21,'0000-00-00 00:00:00','0000-00-00 00:00:00'),
	(70,NULL,'เป็นครั้งคราว',NULL,NULL,1,1,21,'0000-00-00 00:00:00','0000-00-00 00:00:00'),
	(71,NULL,'เป็นบ่อยๆ',NULL,NULL,2,1,21,'0000-00-00 00:00:00','0000-00-00 00:00:00'),
	(72,NULL,'เป็นประจำ',NULL,NULL,3,1,21,'0000-00-00 00:00:00','0000-00-00 00:00:00'),
	(73,NULL,'ไม่เคยเลย',NULL,NULL,0,1,22,'0000-00-00 00:00:00','0000-00-00 00:00:00'),
	(74,NULL,'เป็นครั้งคราว',NULL,NULL,1,1,22,'0000-00-00 00:00:00','0000-00-00 00:00:00'),
	(75,NULL,'เป็นบ่อยๆ',NULL,NULL,2,1,22,'0000-00-00 00:00:00','0000-00-00 00:00:00'),
	(76,NULL,'เป็นประจำ',NULL,NULL,3,1,22,'0000-00-00 00:00:00','0000-00-00 00:00:00'),
	(77,NULL,'ไม่เคยเลย',NULL,NULL,0,1,23,'0000-00-00 00:00:00','0000-00-00 00:00:00'),
	(78,NULL,'เป็นครั้งคราว',NULL,NULL,1,1,23,'0000-00-00 00:00:00','0000-00-00 00:00:00'),
	(79,NULL,'เป็นบ่อยๆ',NULL,NULL,2,1,23,'0000-00-00 00:00:00','0000-00-00 00:00:00'),
	(80,NULL,'เป็นประจำ',NULL,NULL,3,1,23,'0000-00-00 00:00:00','0000-00-00 00:00:00'),
	(81,'','บ่อย','','',3,1,24,'2016-01-16 06:41:56','2016-01-16 06:41:56'),
	(82,'','ค่อนข้างบ่อย','','',2,1,24,'2016-01-16 06:41:56','2016-01-16 06:41:56'),
	(83,'','บางครั้ง','','',1,1,24,'2016-01-16 06:41:56','2016-01-16 06:41:56'),
	(84,'','ไม่เคยเลย','','',0,1,24,'2016-01-16 06:41:56','2016-01-16 06:41:56'),
	(86,'','บ่อย','','',3,1,26,'2016-01-16 08:25:27','2016-01-16 08:25:27'),
	(87,'','ค่อนข้างบ่อย','','',2,1,26,'2016-01-16 08:25:27','2016-01-16 08:25:27'),
	(88,'','บางครั้ง','','',1,1,26,'2016-01-16 08:25:27','2016-01-16 08:25:27'),
	(89,'','ไม่เคยเลย','','',0,1,26,'2016-01-16 08:25:27','2016-01-16 08:25:27'),
	(90,'','บ่อย','','',3,1,27,'2016-01-16 08:25:27','2016-01-16 08:25:27'),
	(91,'','ค่อนข้างบ่อย','','',2,1,27,'2016-01-16 08:25:27','2016-01-16 08:25:27'),
	(92,'','บางครั้ง','','',1,1,27,'2016-01-16 08:25:27','2016-01-16 08:25:27'),
	(93,'','ไม่เคยเลย','','',0,1,27,'2016-01-16 08:25:27','2016-01-16 08:25:27'),
	(94,'','บ่อย','','',3,1,28,'2016-01-16 08:25:27','2016-01-16 08:25:27'),
	(95,'','ค่อนข้างบ่อย','','',2,1,28,'2016-01-16 08:25:27','2016-01-16 08:25:27'),
	(96,'','บางครั้ง','','',1,1,28,'2016-01-16 08:25:27','2016-01-16 08:25:27'),
	(97,'','ไม่เคยเลย','','',0,1,28,'2016-01-16 08:25:27','2016-01-16 08:25:27'),
	(98,'','บ่อย','','',0,1,29,'2016-01-16 08:32:21','2016-01-16 08:32:21'),
	(99,'','ค่อนข้างบ่อย','','',1,1,29,'2016-01-16 08:32:21','2016-01-16 08:32:21'),
	(100,'','บางครั้ง','','',2,1,29,'2016-01-16 08:32:21','2016-01-16 08:32:21'),
	(101,'','ไม่เคยเลย','','',3,1,29,'2016-01-16 08:32:21','2016-01-16 08:32:21'),
	(102,'','บ่อย','','',3,1,30,'2016-01-16 08:32:21','2016-01-16 08:32:21'),
	(103,'','ค่อนข้างบ่อย','','',2,1,30,'2016-01-16 08:32:21','2016-01-16 08:32:21'),
	(104,'','บางครั้ง','','',1,1,30,'2016-01-16 08:32:21','2016-01-16 08:32:21'),
	(105,'','ไม่เคยเลย','','',0,1,30,'2016-01-16 08:32:21','2016-01-16 08:32:21'),
	(106,'','บ่อย','','',3,1,31,'2016-01-16 08:32:21','2016-01-16 08:32:21'),
	(107,'','ค่อนข้างบ่อย','','',2,1,31,'2016-01-16 08:32:21','2016-01-16 08:32:21'),
	(108,'','บางครั้ง','','',1,1,31,'2016-01-16 08:32:21','2016-01-16 08:32:21'),
	(109,'','ไม่เคยเลย','','',0,1,31,'2016-01-16 08:32:21','2016-01-16 08:32:21'),
	(110,'','บ่อย','','',3,1,32,'2016-01-16 08:32:21','2016-01-16 08:32:21'),
	(111,'','ค่อนข้างบ่อย','','',2,1,32,'2016-01-16 08:32:21','2016-01-16 08:32:21'),
	(112,'','บางครั้ง','','',1,1,32,'2016-01-16 08:32:21','2016-01-16 08:32:21'),
	(113,'','ไม่เคยเลย','','',0,1,32,'2016-01-16 08:32:21','2016-01-16 08:32:21'),
	(114,'','บ่อย','','',3,1,33,'2016-01-16 08:32:21','2016-01-16 08:32:21'),
	(115,'','ค่อนข้างบ่อย','','',2,1,33,'2016-01-16 08:32:21','2016-01-16 08:32:21'),
	(116,'','บางครั้ง','','',1,1,33,'2016-01-16 08:32:21','2016-01-16 08:32:21'),
	(117,'','ไม่เคยเลย','','',0,1,33,'2016-01-16 08:32:21','2016-01-16 08:32:21'),
	(118,'','บ่อย','','',0,1,34,'2016-01-16 08:32:21','2016-01-16 08:32:21'),
	(119,'','ค่อนข้างบ่อย','','',1,1,34,'2016-01-16 08:32:21','2016-01-16 08:32:21'),
	(120,'','บางครั้ง','','',2,1,34,'2016-01-16 08:32:21','2016-01-16 08:32:21'),
	(121,'','ไม่เคยเลย','','',3,1,34,'2016-01-16 08:32:21','2016-01-16 08:32:21'),
	(122,'','บ่อย','','',3,1,35,'2016-01-16 08:32:21','2016-01-16 08:32:21'),
	(123,'','ค่อนข้างบ่อย','','',2,1,35,'2016-01-16 08:32:21','2016-01-16 08:32:21'),
	(124,'','บางครั้ง','','',1,1,35,'2016-01-16 08:32:21','2016-01-16 08:32:21'),
	(125,'','ไม่เคยเลย','','',0,1,35,'2016-01-16 08:32:21','2016-01-16 08:32:21'),
	(126,'','บ่อย','','',3,1,36,'2016-01-16 08:32:21','2016-01-16 08:32:21'),
	(127,'','ค่อนข้างบ่อย','','',2,1,36,'2016-01-16 08:32:21','2016-01-16 08:32:21'),
	(128,'','บางครั้ง','','',1,1,36,'2016-01-16 08:32:21','2016-01-16 08:32:21'),
	(129,'','ไม่เคยเลย','','',0,1,36,'2016-01-16 08:32:21','2016-01-16 08:32:21'),
	(130,'','บ่อย','','',3,1,37,'2016-01-16 08:32:21','2016-01-16 08:32:21'),
	(131,'','ค่อนข้างบ่อย','','',2,1,37,'2016-01-16 08:32:21','2016-01-16 08:32:21'),
	(132,'','บางครั้ง','','',1,1,37,'2016-01-16 08:32:21','2016-01-16 08:32:21'),
	(133,'','ไม่เคยเลย','','',0,1,37,'2016-01-16 08:32:21','2016-01-16 08:32:21'),
	(134,'','บ่อย','','',3,1,38,'2016-01-16 08:32:21','2016-01-16 08:32:21'),
	(135,'','ค่อนข้างบ่อย','','',2,1,38,'2016-01-16 08:32:21','2016-01-16 08:32:21'),
	(136,'','บางครั้ง','','',1,1,38,'2016-01-16 08:32:21','2016-01-16 08:32:21'),
	(137,'','ไม่เคยเลย','','',0,1,38,'2016-01-16 08:32:21','2016-01-16 08:32:21'),
	(138,'','บ่อย','','',0,1,39,'2016-01-16 08:32:21','2016-01-16 08:32:21'),
	(139,'','ค่อนข้างบ่อย','','',1,1,39,'2016-01-16 08:32:21','2016-01-16 08:32:21'),
	(140,'','บางครั้ง','','',2,1,39,'2016-01-16 08:32:21','2016-01-16 08:32:21'),
	(141,'','ไม่เคยเลย','','',3,1,39,'2016-01-16 08:32:21','2016-01-16 08:32:21'),
	(142,'','บ่อย','','',3,1,40,'2016-01-16 08:32:21','2016-01-23 06:31:15'),
	(143,'','ค่อนข้างบ่อย','','',2,1,40,'2016-01-16 08:32:21','2016-01-23 06:31:15'),
	(144,'','บางครั้ง','','',1,1,40,'2016-01-16 08:32:21','2016-01-23 06:31:15'),
	(145,'','ไม่เคยเลย','','',0,1,40,'2016-01-16 08:32:21','2016-01-23 06:31:15'),
	(146,'','บ่อย','','',3,1,41,'2016-01-16 08:32:21','2016-01-16 08:32:21'),
	(147,'','ค่อนข้างบ่อย','','',2,1,41,'2016-01-16 08:32:21','2016-01-16 08:32:21'),
	(148,'','บางครั้ง','','',1,1,41,'2016-01-16 08:32:21','2016-01-16 08:32:21'),
	(149,'','ไม่เคยเลย','','',0,1,41,'2016-01-16 08:32:21','2016-01-16 08:32:21'),
	(150,'','บ่อย','','',3,1,42,'2016-01-16 08:32:21','2016-01-16 08:32:21'),
	(151,'','ค่อนข้างบ่อย','','',2,1,42,'2016-01-16 08:32:21','2016-01-16 08:32:21'),
	(152,'','บางครั้ง','','',1,1,42,'2016-01-16 08:32:21','2016-01-16 08:32:21'),
	(153,'','ไม่เคยเลย','','',0,1,42,'2016-01-16 08:32:21','2016-01-16 08:32:21'),
	(154,'','บ่อย','','',3,1,43,'2016-01-16 08:32:21','2016-01-16 08:32:21'),
	(155,'','ค่อนข้างบ่อย','','',2,1,43,'2016-01-16 08:32:21','2016-01-16 08:32:21'),
	(156,'','บางครั้ง','','',1,1,43,'2016-01-16 08:32:21','2016-01-16 08:32:21'),
	(157,'','ไม่เคยเลย','','',0,1,43,'2016-01-16 08:32:21','2016-01-16 08:32:21'),
	(160,'','','','',-999,0,44,'2016-01-16 08:32:21','2016-01-23 08:11:03'),
	(161,'','','','',-999,0,44,'2016-01-16 08:32:21','2016-01-23 08:11:03'),
	(162,'','ไม่เคย','','',0,1,44,'2016-01-23 08:11:03','2016-01-23 08:11:03'),
	(163,'','เคย','','',3,1,44,'2016-01-23 08:11:03','2016-01-23 08:11:03');

/*!40000 ALTER TABLE `choices` ENABLE KEYS */;
UNLOCK TABLES;


# Dump of table questionaires
# ------------------------------------------------------------

DROP TABLE IF EXISTS `questionaires`;

CREATE TABLE `questionaires` (
  `id` int(10) unsigned NOT NULL AUTO_INCREMENT,
  `parentID` int(11) DEFAULT NULL,
  `name` varchar(255) COLLATE utf8_unicode_ci NOT NULL,
  `header` varchar(2048) COLLATE utf8_unicode_ci DEFAULT NULL,
  `created_at` timestamp NOT NULL DEFAULT '0000-00-00 00:00:00',
  `updated_at` timestamp NOT NULL DEFAULT '0000-00-00 00:00:00',
  PRIMARY KEY (`id`)
) ENGINE=InnoDB DEFAULT CHARSET=utf8 COLLATE=utf8_unicode_ci;

LOCK TABLES `questionaires` WRITE;
/*!40000 ALTER TABLE `questionaires` DISABLE KEYS */;

INSERT INTO `questionaires` (`id`, `parentID`, `name`, `header`, `created_at`, `updated_at`)
VALUES
	(32,NULL,'แบบประเมินความเครียด','{\"rows\":[{\"cols\":[{\"rowspan\":\"2\",\"colspan\":\"2\",\"label\":\"\\u0e2d\\u0e32\\u0e01\\u0e32\\u0e23\\u0e1e\\u0e24\\u0e15\\u0e34\\u0e01\\u0e23\\u0e23\\u0e21\\u0e2b\\u0e23\\u0e37\\u0e2d\\u0e04\\u0e27\\u0e32\\u0e21\\u0e23\\u0e39\\u0e49\\u0e2a\\u0e36\\u0e01\"},{\"rowspan\":1,\"colspan\":\"4\",\"label\":\"\\u0e23\\u0e30\\u0e14\\u0e31\\u0e1a\\u0e2d\\u0e32\\u0e01\\u0e32\\u0e23\"}]},{\"cols\":[{\"rowspan\":1,\"colspan\":1,\"label\":\"\\u0e44\\u0e21\\u0e48\\u0e40\\u0e04\\u0e22\\u0e40\\u0e25\\u0e22\"},{\"rowspan\":1,\"colspan\":1,\"label\":\"\\u0e40\\u0e1b\\u0e47\\u0e19\\u0e04\\u0e23\\u0e31\\u0e49\\u0e07\\u0e04\\u0e23\\u0e32\\u0e27\"},{\"rowspan\":1,\"colspan\":1,\"label\":\"\\u0e40\\u0e1b\\u0e47\\u0e19\\u0e04\\u0e23\\u0e31\\u0e49\\u0e07\\u0e04\\u0e23\\u0e32\\u0e27\"},{\"rowspan\":1,\"colspan\":1,\"label\":\"\\u0e40\\u0e1b\\u0e47\\u0e19\\u0e1a\\u0e48\\u0e2d\\u0e22\\u0e46\"}]}]}','2016-01-10 08:17:24','2016-01-16 08:19:29'),
	(33,NULL,'แบบวัดโรคซึมเศร้า','{\"rows\":[{\"cols\":[{\"rowspan\":1,\"colspan\":\"2\",\"label\":\"\\u0e2d\\u0e32\\u0e01\\u0e32\\u0e23\\u0e1e\\u0e24\\u0e15\\u0e34\\u0e01\\u0e23\\u0e23\\u0e21\\u0e04\\u0e27\\u0e32\\u0e21\\u0e23\\u0e39\\u0e49\\u0e2a\\u0e36\\u0e01\"},{\"rowspan\":1,\"colspan\":1,\"label\":\"\\u0e1a\\u0e48\\u0e2d\\u0e22\"},{\"rowspan\":1,\"colspan\":1,\"label\":\"\\u0e04\\u0e48\\u0e2d\\u0e19\\u0e02\\u0e49\\u0e32\\u0e07\\u0e1a\\u0e48\\u0e2d\\u0e22\"},{\"rowspan\":1,\"colspan\":1,\"label\":\"\\u0e1a\\u0e32\\u0e07\\u0e04\\u0e23\\u0e31\\u0e49\\u0e07\"},{\"rowspan\":1,\"colspan\":1,\"label\":\"\\u0e44\\u0e21\\u0e48\\u0e40\\u0e25\\u0e22\"}]}]}','2016-01-16 06:41:56','2016-01-16 08:22:29');

/*!40000 ALTER TABLE `questionaires` ENABLE KEYS */;
UNLOCK TABLES;


# Dump of table questions
# ------------------------------------------------------------

DROP TABLE IF EXISTS `questions`;

CREATE TABLE `questions` (
  `id` int(10) unsigned NOT NULL AUTO_INCREMENT,
  `order` int(11) NOT NULL,
  `label` varchar(255) COLLATE utf8_unicode_ci DEFAULT NULL,
  `name` varchar(255) COLLATE utf8_unicode_ci NOT NULL,
  `description` varchar(255) COLLATE utf8_unicode_ci DEFAULT NULL,
  `type` int(11) NOT NULL,
  `questionaireID` int(10) unsigned NOT NULL,
  `created_at` timestamp NOT NULL DEFAULT '0000-00-00 00:00:00',
  `updated_at` timestamp NOT NULL DEFAULT '0000-00-00 00:00:00',
  PRIMARY KEY (`id`),
  KEY `questions_questionaireid_foreign` (`questionaireID`),
  CONSTRAINT `questions_questionaireid_foreign` FOREIGN KEY (`questionaireID`) REFERENCES `questionaires` (`id`)
) ENGINE=InnoDB DEFAULT CHARSET=utf8 COLLATE=utf8_unicode_ci;

LOCK TABLES `questions` WRITE;
/*!40000 ALTER TABLE `questions` DISABLE KEYS */;

INSERT INTO `questions` (`id`, `order`, `label`, `name`, `description`, `type`, `questionaireID`, `created_at`, `updated_at`)
VALUES
	(4,1,'1.','นอนไม่หลับหรือคิดมาหรือกังวลใจ','',0,32,'2016-01-10 08:17:24','2016-01-10 15:01:43'),
	(5,2,'2.','รู้สึกหงุดหงิดรำคาญใจ','',0,32,'2016-01-10 15:01:06','2016-01-10 15:01:43'),
	(6,3,'3.','ทำอะไรไม่ได้เลยเพราะประสาทตึงเครียด','',0,32,'2016-01-10 15:01:43','2016-01-10 15:01:43'),
	(7,4,'4.','มีความวุ่นวายใจ','',0,32,'2016-01-10 16:50:44','2016-01-10 16:50:44'),
	(8,5,'5.','ไม่อยากพบปะผู้คน','',0,32,'2016-01-10 16:50:44','2016-01-10 16:50:44'),
	(9,6,'6.','ปวดหัวข้างเดียวหรือปวดขมับทั้งสองข้าง','',0,32,'2016-01-10 16:50:44','2016-01-10 16:50:44'),
	(10,7,'7.','รู้สึกไม่มีความสุขหรือเศร้าหมอง','',0,32,'2016-01-10 16:50:44','2016-01-10 16:50:44'),
	(11,8,'8.','รู้สึกหมดหวังในชีวิต','',0,32,'2016-01-10 16:50:44','2016-01-10 16:50:44'),
	(12,9,'9.','รู้สึกว่าชีวิตตนเองไม่มีคุณค่า','',0,32,'2016-01-10 16:50:44','2016-01-10 16:50:44'),
	(13,10,'10.','กระวนกระวายอยู่ตลอดเวลา','',0,32,'2016-01-10 16:50:44','2016-01-10 16:50:44'),
	(14,11,'11.','รู้สึกว่าตนเองไม่มีสมาธิ','',0,32,'2016-01-10 16:50:44','2016-01-10 16:50:44'),
	(15,12,'12.','รู้สึกเพลียไม่มีแรงจะทำอะไร','',0,32,'2016-01-10 16:50:44','2016-01-10 16:50:44'),
	(16,13,'13.','รู้สึกเหนื่อยไม่อยากจะทำอะไร','',0,32,'2016-01-10 16:50:44','2016-01-10 16:50:44'),
	(17,14,'14.','มีอาการหัวใจเต้นแรง','',0,32,'2016-01-10 16:50:44','2016-01-10 16:50:44'),
	(18,15,'15.','เสียงสั่น ปากสั่น หรือมือสั่นเวลาไม่พอใจ','',0,32,'2016-01-10 16:50:44','2016-01-10 16:50:44'),
	(19,16,'16.','รู้สึกกลัวผิดพลาด','',0,32,'2016-01-10 16:50:44','2016-01-10 16:50:44'),
	(20,17,'17.','ปวดหรือเกร็งกล้ามเนื้อบริเวณท้ายทอย หลัง หรือไหล่','',0,32,'2016-01-10 16:50:44','2016-01-10 16:50:44'),
	(21,18,'18.','ตื่นเต้นง่ายกับเหตุการณ์ที่ไม่คุ้นเคย','',0,32,'2016-01-10 16:50:44','2016-01-10 16:50:44'),
	(22,19,'19.','มึนงงหรือเวียนศรีษะ','',0,32,'2016-01-10 16:50:44','2016-01-10 16:50:44'),
	(23,20,'20.','ความสุขทางเพศลดลง หรือเบื่อหน่ายในการดูแลตนเองให้เป็นที่สนใจของเพศตรงข้าม','',0,32,'2016-01-10 16:51:40','2016-01-10 16:51:40'),
	(24,1,'1.','รู้สึกเบื่ออาหาร','',0,33,'2016-01-16 06:41:56','2016-01-16 06:41:56'),
	(26,2,'2.','นอนไม่หลับหรือต้องใช้ยาช่วยให้หลับ','',0,33,'2016-01-16 08:25:27','2016-01-16 08:25:27'),
	(27,3,'3.','รู้สึกอ่อนเพลีย เหนื่อยง่าย','',0,33,'2016-01-16 08:25:27','2016-01-16 08:25:27'),
	(28,4,'4.','คิดมาก กังวล','',0,33,'2016-01-16 08:25:27','2016-01-16 08:25:27'),
	(29,5,'5.','รู้สึกสบายใจ','',0,33,'2016-01-16 08:32:21','2016-01-16 08:32:21'),
	(30,6,'6.','รู้สึกเบื่อ ไม่อยากพูดคุย','',0,33,'2016-01-16 08:32:21','2016-01-16 08:32:21'),
	(31,7,'7.','ใจลอย ไม่มีสมาธิ','',0,33,'2016-01-16 08:32:21','2016-01-16 08:32:21'),
	(32,8,'8.','อยากอยู่เฉยๆ ไม่อยากทำอะไร','',0,33,'2016-01-16 08:32:21','2016-01-16 08:32:21'),
	(33,9,'9.','รู้สึกเศร้า หดหู่','',0,33,'2016-01-16 08:32:21','2016-01-16 08:32:21'),
	(34,10,'10.','ชีวิตอนาคตยังน่าอยู่ มีความหมาย','',0,33,'2016-01-16 08:32:21','2016-01-16 08:32:21'),
	(35,11,'11.','ร้องไห้หรืออยากร้องไห้','',0,33,'2016-01-16 08:32:21','2016-01-16 08:32:21'),
	(36,12,'12.','ตัดสินใจไม่ได้แม้เรื่องเล็กๆ น้อยๆ','',0,33,'2016-01-16 08:32:21','2016-01-16 08:32:21'),
	(37,13,'13.','ชีวิตไม่มีความสุข','',0,33,'2016-01-16 08:32:21','2016-01-16 08:32:21'),
	(38,14,'14.','รู้สึกเศร้าเมื่อตื่นนอนตอนเช้า','',0,33,'2016-01-16 08:32:21','2016-01-16 08:32:21'),
	(39,15,'15.','รู้สึกว่าตัวเองมีคุณค่า','',0,33,'2016-01-16 08:32:21','2016-01-16 08:32:21'),
	(40,16,'16.','ตำหนิหรือกล่าวโทษตนเอง','',0,33,'2016-01-16 08:32:21','2016-01-16 08:32:21'),
	(41,17,'17.','เบื่อหน่ายกับทุกอย่าง','',0,33,'2016-01-16 08:32:21','2016-01-16 08:32:21'),
	(42,18,'18.','คิดอยากตาย','',0,33,'2016-01-16 08:32:21','2016-01-16 08:32:21'),
	(43,19,'19.','คนอื่นทักว่าดูเครียด','',0,33,'2016-01-16 08:32:21','2016-01-16 08:32:21'),
	(44,20,'20.','พยายามฆ่าตัวตาย','',0,33,'2016-01-16 08:32:21','2016-01-16 08:32:21');

/*!40000 ALTER TABLE `questions` ENABLE KEYS */;
UNLOCK TABLES;



/*!40111 SET SQL_NOTES=@OLD_SQL_NOTES */;
/*!40101 SET SQL_MODE=@OLD_SQL_MODE */;
/*!40014 SET FOREIGN_KEY_CHECKS=@OLD_FOREIGN_KEY_CHECKS */;
/*!40101 SET CHARACTER_SET_CLIENT=@OLD_CHARACTER_SET_CLIENT */;
/*!40101 SET CHARACTER_SET_RESULTS=@OLD_CHARACTER_SET_RESULTS */;
/*!40101 SET COLLATION_CONNECTION=@OLD_COLLATION_CONNECTION */;
