# ************************************************************
# Sequel Pro SQL dump
# Version 4541
#
# http://www.sequelpro.com/
# https://github.com/sequelpro/sequelpro
#
# Host: 202.143.160.227 (MySQL 5.5.36)
# Database: eq-sdq
# Generation Time: 2016-09-10 12:41:07 +0000
# ************************************************************


/*!40101 SET @OLD_CHARACTER_SET_CLIENT=@@CHARACTER_SET_CLIENT */;
/*!40101 SET @OLD_CHARACTER_SET_RESULTS=@@CHARACTER_SET_RESULTS */;
/*!40101 SET @OLD_COLLATION_CONNECTION=@@COLLATION_CONNECTION */;
/*!40101 SET NAMES utf8 */;
/*!40014 SET @OLD_FOREIGN_KEY_CHECKS=@@FOREIGN_KEY_CHECKS, FOREIGN_KEY_CHECKS=0 */;
/*!40101 SET @OLD_SQL_MODE=@@SQL_MODE, SQL_MODE='NO_AUTO_VALUE_ON_ZERO' */;
/*!40111 SET @OLD_SQL_NOTES=@@SQL_NOTES, SQL_NOTES=0 */;


# Dump of table additional_inputs
# ------------------------------------------------------------

DROP TABLE IF EXISTS `additional_inputs`;

CREATE TABLE `additional_inputs` (
  `id` int(10) unsigned NOT NULL AUTO_INCREMENT,
  `name` varchar(64) COLLATE utf8_unicode_ci NOT NULL,
  `placeholder` varchar(128) COLLATE utf8_unicode_ci NOT NULL,
  `type` varchar(16) COLLATE utf8_unicode_ci NOT NULL,
  `choiceID` int(10) unsigned NOT NULL,
  `created_at` timestamp NOT NULL DEFAULT '0000-00-00 00:00:00',
  `updated_at` timestamp NOT NULL DEFAULT '0000-00-00 00:00:00',
  PRIMARY KEY (`id`),
  KEY `additional_inputs_choiceid_foreign` (`choiceID`),
  CONSTRAINT `additional_inputs_choiceid_foreign` FOREIGN KEY (`choiceID`) REFERENCES `choices` (`id`)
) ENGINE=InnoDB DEFAULT CHARSET=utf8 COLLATE=utf8_unicode_ci;

LOCK TABLES `additional_inputs` WRITE;
/*!40000 ALTER TABLE `additional_inputs` DISABLE KEYS */;

INSERT INTO `additional_inputs` (`id`, `name`, `placeholder`, `type`, `choiceID`, `created_at`, `updated_at`)
VALUES
	(1,'talent','ความสามารถ/ความสนใจ','text',165,'2016-02-20 09:07:35','2016-02-20 09:07:35'),
	(3,'defection','ความพิการอื่นๆ','0',310,'2016-02-20 10:06:27','2016-02-20 10:06:27'),
	(4,'comments','อย่างอื่นที่จะบอก','1',416,'2016-05-23 16:41:44','2016-05-23 16:41:44');

/*!40000 ALTER TABLE `additional_inputs` ENABLE KEYS */;
UNLOCK TABLES;


# Dump of table answer_additional_inputs
# ------------------------------------------------------------

DROP TABLE IF EXISTS `answer_additional_inputs`;

CREATE TABLE `answer_additional_inputs` (
  `id` int(10) unsigned NOT NULL AUTO_INCREMENT,
  `value` varchar(1024) COLLATE utf8_unicode_ci NOT NULL,
  `inputID` int(10) unsigned NOT NULL,
  `answerID` int(10) unsigned NOT NULL,
  `created_at` timestamp NULL DEFAULT NULL,
  `updated_at` timestamp NULL DEFAULT NULL,
  PRIMARY KEY (`id`),
  KEY `answer_addtional_inputs_inputid_foreign` (`inputID`),
  KEY `answer_addtional_inputs_answerid_foreign` (`answerID`),
  CONSTRAINT `answer_addtional_inputs_inputid_foreign` FOREIGN KEY (`inputID`) REFERENCES `additional_inputs` (`id`) ON DELETE CASCADE
) ENGINE=InnoDB DEFAULT CHARSET=utf8 COLLATE=utf8_unicode_ci;

LOCK TABLES `answer_additional_inputs` WRITE;
/*!40000 ALTER TABLE `answer_additional_inputs` DISABLE KEYS */;

INSERT INTO `answer_additional_inputs` (`id`, `value`, `inputID`, `answerID`, `created_at`, `updated_at`)
VALUES
	(1,'ไม่มีค่ะ',4,26,'2016-08-08 05:41:17','2016-08-08 05:41:17'),
	(2,'เป็นคนที่ชอบช่วยเหลือคนอื่น เป็นคนที่รักเพื่อน รักครอบครัว เเละรักตัวเองมาก เเต่ไม่ตามเพื่อน',4,201,'2016-08-08 05:55:02','2016-08-08 05:55:02'),
	(3,'-',4,269,'2016-08-08 12:41:40','2016-08-08 12:41:40'),
	(4,'-',4,303,'2016-08-08 12:41:45','2016-08-08 12:41:45'),
	(5,'ไม่มี',4,337,'2016-08-08 13:45:37','2016-08-08 13:45:37'),
	(6,'ไม่มี',4,411,'2016-08-09 11:05:19','2016-08-09 11:05:19'),
	(7,'ไม่มี',4,444,'2016-08-09 11:05:20','2016-08-09 11:05:20'),
	(8,'ว่ายนำ้',1,565,'2016-08-10 06:30:51','2016-08-10 06:30:51'),
	(9,'ไม่มี',3,709,'2016-08-10 06:34:31','2016-08-10 06:34:31'),
	(10,'คณิตศาสตร์',1,721,'2016-08-10 06:34:32','2016-08-10 06:34:32'),
	(11,'สังคม',1,724,'2016-08-10 06:34:32','2016-08-10 06:34:32'),
	(12,'บาส',1,907,'2016-08-10 06:36:24','2016-08-10 06:36:24'),
	(13,'เล่นดนตรีได้',1,919,'2016-08-10 06:37:33','2016-08-10 06:37:33'),
	(14,'ฟุตบอล',1,936,'2016-08-10 06:37:51','2016-08-10 06:37:51'),
	(15,'',4,1016,'2016-08-10 06:48:11','2016-08-10 06:48:11'),
	(16,'เล่นกีต้าร์ ภาษาอังกฤษ',1,1070,'2016-08-10 06:50:08','2016-08-10 06:50:08'),
	(17,'คณิต',1,1084,'2016-08-10 06:50:26','2016-08-10 06:50:26'),
	(18,'ไม่',4,1175,'2016-08-11 06:39:08','2016-08-11 06:39:08'),
	(19,'ไม่',4,1209,'2016-08-11 06:46:03','2016-08-11 06:46:03'),
	(20,'ไม่',4,1243,'2016-08-11 06:50:24','2016-08-11 06:50:24'),
	(21,'ไม่',4,1277,'2016-08-11 06:54:22','2016-08-11 06:54:22'),
	(22,'ไม่มี',4,1344,'2016-08-11 12:14:37','2016-08-11 12:14:37'),
	(23,'ไม่',4,1378,'2016-08-11 13:16:48','2016-08-11 13:16:48'),
	(24,'อยากประสบความสำเร็จในการเรียนและการใช้ชีวิต',4,1513,'2016-08-13 04:33:19','2016-08-13 04:33:19'),
	(25,'อยากประสบความสำเร็จในการเรียนและการใช้ชีวิต',4,1546,'2016-08-13 04:33:20','2016-08-13 04:33:20'),
	(26,'อยากประสบความสำเร็จในการเรียนและการใช้ชีวิต',4,1579,'2016-08-13 04:36:42','2016-08-13 04:36:42'),
	(27,'อยากประสบความสำเร็จในการเรียนและการใช้ชีวิต',4,1612,'2016-08-13 04:36:52','2016-08-13 04:36:52'),
	(28,'',4,1645,'2016-08-13 12:17:08','2016-08-13 12:17:08'),
	(29,'ช่วงนี้ค่อนข้างสับสนในทุกๆเรื่อง รู้สึกกลัวไปหมดทุกอย่าง ไม่อยากทำอะไรสักเท่าไรไม่ว่าจะเป็นเรื่องไหนๆ พยายามจะบอกให้ตัวเองขยัน แต่ก็มักจะไม่สำเร็จ ผิดหวังกับตัวเองบ่อยครั้ง ใครพูดอะไรหรือทำอะไรกับฉันหรือแทนที่ฉัน ก็มักจะหงุดหงิด โดยไม่ทราบสาเหตุ หดหู่มากค่ะ',4,1781,'2016-08-14 07:51:22','2016-08-14 07:51:22'),
	(30,'ฉันแคร์ความรู้สึกของคนอื่นมากๆ',4,1815,'2016-08-14 08:27:56','2016-08-14 08:27:56'),
	(31,'คำถามด่านล่างผมตอบว่า\"ไม่\"แต่ตอนส่งมันบอกกรอกไม่ครบผมเลยตอบข้อด่านล่างไปด้วยจะพยายามตอบให้ใกล้เคียงไม่ที่สุดครับ',4,1849,'2016-08-14 08:27:58','2016-08-14 08:27:58'),
	(32,'ไม่มีค่ะ',4,1883,'2016-08-14 08:34:17','2016-08-14 08:34:17'),
	(33,'คำถามด้านล่างที่ผมทำก็เพราะว่าตอนผมส่งแล้วมันบอกว่ากรอกไม่ครบผมเลยต้องทำข้อด้านล่างไปด้วยจะพยายามตอบให้ไม่ใกล้คียงที่สุดคับ',4,1950,'2016-08-14 09:28:59','2016-08-14 09:28:59'),
	(34,'คำถามด้านล่างที่ผมทำก็เพราะว่าตอนผมส่งแล้วมันบอกว่ากรอกไม่ครบผมเลยต้องทำข้อด้านล่างไปด้วยจะพยายามตอบให้ไม่ใกล้คียงที่สุดคับ',4,1983,'2016-08-14 09:29:05','2016-08-14 09:29:05'),
	(35,'คำถามด้านล่างที่ผมทำก็เพราะว่าตอนผมส่งแล้วมันบอกว่ากรอกไม่ครบผมเลยต้องทำข้อด้านล่างไปด้วยจะพยายามตอบให้ไม่ใกล้คียงที่สุดคับ',4,2016,'2016-08-14 09:29:45','2016-08-14 09:29:45'),
	(36,'คำถามด้านล่างที่ผมทำก็เพราะว่าตอนผมส่งแล้วมันบอกว่ากรอกไม่ครบผมเลยต้องทำข้อด้านล่างไปด้วยจะพยายามตอบให้ไม่ใกล้คียงที่สุดคับ',4,2049,'2016-08-14 09:30:58','2016-08-14 09:30:58'),
	(37,'คำถามด้านล่างที่ผมทำก็เพราะว่าตอนผมส่งแล้วมันบอกว่ากรอกไม่ครบผมเลยต้องทำข้อด้านล่างไปด้วยจะพยายามตอบให้ไม่ใกล้คียงที่สุดคับ',4,2150,'2016-08-14 09:31:28','2016-08-14 09:31:28'),
	(38,'คำถามด้านล่างที่ผมทำก็เพราะว่าตอนผมส่งแล้วมันบอกว่ากรอกไม่ครบผมเลยต้องทำข้อด้านล่างไปด้วยจะพยายามตอบให้ไม่ใกล้คียงที่สุดคับ',4,2183,'2016-08-14 09:31:32','2016-08-14 09:31:32'),
	(39,'คำถามด้านล่างที่ผมทำก็เพราะว่าตอนผมส่งแล้วมันบอกว่ากรอกไม่ครบผมเลยต้องทำข้อด้านล่างไปด้วยจะพยายามตอบให้ไม่ใกล้คียงที่สุดคับ',4,2250,'2016-08-14 09:32:50','2016-08-14 09:32:50'),
	(40,'ฉันมีความมั่นใจในตัวเอง',4,2487,'2016-08-14 09:32:59','2016-08-14 09:32:59'),
	(41,'ฉันมีความมั่นใจในตัวเอง',4,2521,'2016-08-14 09:33:04','2016-08-14 09:33:04'),
	(42,'คำถามด้านล่างที่ผมทำก็เพราะว่าตอนผมส่งแล้วมันบอกว่ากรอกไม่ครบผมเลยต้องทำข้อด้านล่างไปด้วยจะพยายามตอบให้ไม่ใกล้คียงที่สุดคับ',4,2595,'2016-08-14 09:33:41','2016-08-14 09:33:41'),
	(43,'คำถามด้านล่างที่ผมทำก็เพราะว่าตอนผมส่งแล้วมันบอกว่ากรอกไม่ครบผมเลยต้องทำข้อด้านล่างไปด้วยจะพยายามตอบให้ไม่ใกล้คียงที่สุดคับ',4,2626,'2016-08-14 09:33:41','2016-08-14 09:33:41'),
	(44,'คำถามด้านล่างที่ผมทำก็เพราะว่าตอนผมส่งแล้วมันบอกว่ากรอกไม่ครบผมเลยต้องทำข้อด้านล่างไปด้วยจะพยายามตอบให้ไม่ใกล้คียงที่สุดคับ',4,2645,'2016-08-14 09:33:41','2016-08-14 09:33:41'),
	(45,'คำถามด้านล่างที่ผมทำก็เพราะว่าตอนผมส่งแล้วมันบอกว่ากรอกไม่ครบผมเลยต้องทำข้อด้านล่างไปด้วยจะพยายามตอบให้ไม่ใกล้คียงที่สุดคับ',4,2671,'2016-08-14 09:33:42','2016-08-14 09:33:42'),
	(46,'คำถามด้านล่างที่ผมทำก็เพราะว่าตอนผมส่งแล้วมันบอกว่ากรอกไม่ครบผมเลยต้องทำข้อด้านล่างไปด้วยจะพยายามตอบให้ไม่ใกล้คียงที่สุดคับ',4,2711,'2016-08-14 09:33:42','2016-08-14 09:33:42'),
	(47,'คำถามด้านล่างที่ผมทำก็เพราะว่าตอนผมส่งแล้วมันบอกว่ากรอกไม่ครบผมเลยต้องทำข้อด้านล่างไปด้วยจะพยายามตอบให้ไม่ใกล้คียงที่สุดคับ',4,2748,'2016-08-14 09:33:42','2016-08-14 09:33:42'),
	(48,'คำถามด้านล่างที่ผมทำก็เพราะว่าตอนผมส่งแล้วมันบอกว่ากรอกไม่ครบผมเลยต้องทำข้อด้านล่างไปด้วยจะพยายามตอบให้ไม่ใกล้คียงที่สุดคับ',4,2806,'2016-08-14 09:33:43','2016-08-14 09:33:43'),
	(49,'คำถามด้านล่างที่ผมทำก็เพราะว่าตอนผมส่งแล้วมันบอกว่ากรอกไม่ครบผมเลยต้องทำข้อด้านล่างไปด้วยจะพยายามตอบให้ไม่ใกล้คียงที่สุดคับ',4,2825,'2016-08-14 09:33:43','2016-08-14 09:33:43'),
	(50,'คำถามด้านล่างที่ผมทำก็เพราะว่าตอนผมส่งแล้วมันบอกว่ากรอกไม่ครบผมเลยต้องทำข้อด้านล่างไปด้วยจะพยายามตอบให้ไม่ใกล้คียงที่สุดคับ',4,2836,'2016-08-14 09:33:43','2016-08-14 09:33:43'),
	(51,'คำถามด้านล่างที่ผมทำก็เพราะว่าตอนผมส่งแล้วมันบอกว่ากรอกไม่ครบผมเลยต้องทำข้อด้านล่างไปด้วยจะพยายามตอบให้ไม่ใกล้คียงที่สุดคับ',4,2865,'2016-08-14 09:33:43','2016-08-14 09:33:43'),
	(52,'คำถามด้านล่างที่ผมทำก็เพราะว่าตอนผมส่งแล้วมันบอกว่ากรอกไม่ครบผมเลยต้องทำข้อด้านล่างไปด้วยจะพยายามตอบให้ไม่ใกล้คียงที่สุดคับ',4,2908,'2016-08-14 09:33:44','2016-08-14 09:33:44'),
	(53,'คำถามด้านล่างที่ผมทำก็เพราะว่าตอนผมส่งแล้วมันบอกว่ากรอกไม่ครบผมเลยต้องทำข้อด้านล่างไปด้วยจะพยายามตอบให้ไม่ใกล้คียงที่สุดคับ',4,2941,'2016-08-14 09:33:44','2016-08-14 09:33:44'),
	(54,'คำถามด้านล่างที่ผมทำก็เพราะว่าตอนผมส่งแล้วมันบอกว่ากรอกไม่ครบผมเลยต้องทำข้อด้านล่างไปด้วยจะพยายามตอบให้ไม่ใกล้คียงที่สุดคับ',4,3003,'2016-08-14 09:33:45','2016-08-14 09:33:45'),
	(55,'คำถามด้านล่างที่ผมทำก็เพราะว่าตอนผมส่งแล้วมันบอกว่ากรอกไม่ครบผมเลยต้องทำข้อด้านล่างไปด้วยจะพยายามตอบให้ไม่ใกล้คียงที่สุดคับ',4,3030,'2016-08-14 09:33:45','2016-08-14 09:33:45'),
	(56,'คำถามด้านล่างที่ผมทำก็เพราะว่าตอนผมส่งแล้วมันบอกว่ากรอกไม่ครบผมเลยต้องทำข้อด้านล่างไปด้วยจะพยายามตอบให้ไม่ใกล้คียงที่สุดคับ',4,3032,'2016-08-14 09:33:45','2016-08-14 09:33:45'),
	(57,'คำถามด้านล่างที่ผมทำก็เพราะว่าตอนผมส่งแล้วมันบอกว่ากรอกไม่ครบผมเลยต้องทำข้อด้านล่างไปด้วยจะพยายามตอบให้ไม่ใกล้คียงที่สุดคับ',4,3064,'2016-08-14 09:33:45','2016-08-14 09:33:45'),
	(58,'คำถามด้านล่างที่ผมทำก็เพราะว่าตอนผมส่งแล้วมันบอกว่ากรอกไม่ครบผมเลยต้องทำข้อด้านล่างไปด้วยจะพยายามตอบให้ไม่ใกล้คียงที่สุดคับ',4,3108,'2016-08-14 09:33:46','2016-08-14 09:33:46'),
	(59,'คำถามด้านล่างที่ผมทำก็เพราะว่าตอนผมส่งแล้วมันบอกว่ากรอกไม่ครบผมเลยต้องทำข้อด้านล่างไปด้วยจะพยายามตอบให้ไม่ใกล้คียงที่สุดคับ',4,3136,'2016-08-14 09:33:46','2016-08-14 09:33:46'),
	(60,'คำถามด้านล่างที่ผมทำก็เพราะว่าตอนผมส่งแล้วมันบอกว่ากรอกไม่ครบผมเลยต้องทำข้อด้านล่างไปด้วยจะพยายามตอบให้ไม่ใกล้คียงที่สุดคับ',4,3199,'2016-08-14 09:33:47','2016-08-14 09:33:47'),
	(61,'คำถามด้านล่างที่ผมทำก็เพราะว่าตอนผมส่งแล้วมันบอกว่ากรอกไม่ครบผมเลยต้องทำข้อด้านล่างไปด้วยจะพยายามตอบให้ไม่ใกล้คียงที่สุดคับ',4,3234,'2016-08-14 09:33:47','2016-08-14 09:33:47'),
	(62,'คำถามด้านล่างที่ผมทำก็เพราะว่าตอนผมส่งแล้วมันบอกว่ากรอกไม่ครบผมเลยต้องทำข้อด้านล่างไปด้วยจะพยายามตอบให้ไม่ใกล้คียงที่สุดคับ',4,3242,'2016-08-14 09:33:47','2016-08-14 09:33:47'),
	(63,'คำถามด้านล่างที่ผมทำก็เพราะว่าตอนผมส่งแล้วมันบอกว่ากรอกไม่ครบผมเลยต้องทำข้อด้านล่างไปด้วยจะพยายามตอบให้ไม่ใกล้คียงที่สุดคับ',4,3252,'2016-08-14 09:33:47','2016-08-14 09:33:47'),
	(64,'คำถามด้านล่างที่ผมทำก็เพราะว่าตอนผมส่งแล้วมันบอกว่ากรอกไม่ครบผมเลยต้องทำข้อด้านล่างไปด้วยจะพยายามตอบให้ไม่ใกล้คียงที่สุดคับ',4,3310,'2016-08-14 09:33:48','2016-08-14 09:33:48'),
	(65,'คำถามด้านล่างที่ผมทำก็เพราะว่าตอนผมส่งแล้วมันบอกว่ากรอกไม่ครบผมเลยต้องทำข้อด้านล่างไปด้วยจะพยายามตอบให้ไม่ใกล้คียงที่สุดคับ',4,3337,'2016-08-14 09:33:48','2016-08-14 09:33:48'),
	(66,'คำถามด้านล่างที่ผมทำก็เพราะว่าตอนผมส่งแล้วมันบอกว่ากรอกไม่ครบผมเลยต้องทำข้อด้านล่างไปด้วยจะพยายามตอบให้ไม่ใกล้คียงที่สุดคับ',4,3401,'2016-08-14 09:33:49','2016-08-14 09:33:49'),
	(67,'คำถามด้านล่างที่ผมทำก็เพราะว่าตอนผมส่งแล้วมันบอกว่ากรอกไม่ครบผมเลยต้องทำข้อด้านล่างไปด้วยจะพยายามตอบให้ไม่ใกล้คียงที่สุดคับ',4,3445,'2016-08-14 09:33:50','2016-08-14 09:33:50'),
	(68,'คำถามด้านล่างที่ผมทำก็เพราะว่าตอนผมส่งแล้วมันบอกว่ากรอกไม่ครบผมเลยต้องทำข้อด้านล่างไปด้วยจะพยายามตอบให้ไม่ใกล้คียงที่สุดคับ',4,3443,'2016-08-14 09:33:50','2016-08-14 09:33:50'),
	(69,'คำถามด้านล่างที่ผมทำก็เพราะว่าตอนผมส่งแล้วมันบอกว่ากรอกไม่ครบผมเลยต้องทำข้อด้านล่างไปด้วยจะพยายามตอบให้ไม่ใกล้คียงที่สุดคับ',4,3446,'2016-08-14 09:33:50','2016-08-14 09:33:50'),
	(70,'คำถามด้านล่างที่ผมทำก็เพราะว่าตอนผมส่งแล้วมันบอกว่ากรอกไม่ครบผมเลยต้องทำข้อด้านล่างไปด้วยจะพยายามตอบให้ไม่ใกล้คียงที่สุดคับ',4,3499,'2016-08-14 09:33:51','2016-08-14 09:33:51'),
	(71,'คำถามด้านล่างที่ผมทำก็เพราะว่าตอนผมส่งแล้วมันบอกว่ากรอกไม่ครบผมเลยต้องทำข้อด้านล่างไปด้วยจะพยายามตอบให้ไม่ใกล้คียงที่สุดคับ',4,3509,'2016-08-14 09:33:51','2016-08-14 09:33:51'),
	(72,'ไม่มี',4,6633,'2016-08-14 11:11:47','2016-08-14 11:11:47'),
	(73,'ไม่มี',4,6667,'2016-08-14 11:11:57','2016-08-14 11:11:57'),
	(74,'ชอบที่จะดีกับผู้อื่นเมื่อตอนเขาลำบากเเต่ผู้อื่นมักจะไม่ค่อยช่วยเหลือเราในตอนที่เราลำบากบ้างเลยติดนิสัยเห็นเเก่ตัวไปหน่อยเพื่อความสบายใจของตัวเราเองเเต่ก็ไม่ถึงที่จะเกินไปจะชอบช่วยเหลือกันเท่าเเต่กับคนที่เราสนิทหรือไว้ใจเท่านั้น',4,7755,'2016-08-14 11:52:55','2016-08-14 11:52:55'),
	(75,'ชอบที่จะดีกับผู้อื่นเมื่อตอนเขาลำบากเเต่ผู้อื่นมักจะไม่ค่อยช่วยเหลือเราในตอนที่เราลำบากบ้างเลยติดนิสัยเห็นเเก่ตัวไปหน่อยเพื่อความสบายใจของตัวเราเองเเต่ก็ไม่ถึงที่จะเกินไปจะชอบช่วยเหลือกันเท่าเเต่กับคนที่เราสนิทหรือไว้ใจเท่านั้น',4,7789,'2016-08-14 11:53:31','2016-08-14 11:53:31'),
	(76,'ไม่มี',4,7891,'2016-08-14 11:55:21','2016-08-14 11:55:21'),
	(77,'ไม่มีค่ะ',4,8140,'2016-08-14 12:25:59','2016-08-14 12:25:59'),
	(78,'ไม่มีค่ะ',4,8174,'2016-08-14 12:26:11','2016-08-14 12:26:11'),
	(79,'ไม่มีค่ะ',4,8208,'2016-08-14 12:27:16','2016-08-14 12:27:16'),
	(80,'ไม่มีค่ะ',4,8242,'2016-08-14 12:27:34','2016-08-14 12:27:34'),
	(81,'ไม่มีค่ะ',4,8276,'2016-08-14 12:27:47','2016-08-14 12:27:47'),
	(82,'ไม่มีค่ะ',4,8310,'2016-08-14 12:28:50','2016-08-14 12:28:50'),
	(83,'ไม่มีค่ะ',4,8344,'2016-08-14 12:28:57','2016-08-14 12:28:57'),
	(84,'ไม่มีค่ะ',4,8378,'2016-08-14 12:29:24','2016-08-14 12:29:24'),
	(85,'ไม่มีค่ะ',4,8412,'2016-08-14 12:31:00','2016-08-14 12:31:00'),
	(86,'ไม่มีค่ะ',4,8460,'2016-08-14 12:31:04','2016-08-14 12:31:04'),
	(87,'ไม่มีค่ะ',4,8516,'2016-08-14 12:31:05','2016-08-14 12:31:05'),
	(88,'ไม่มีค่ะ',4,8532,'2016-08-14 12:31:05','2016-08-14 12:31:05'),
	(89,'ไม่มีค่ะ',4,8542,'2016-08-14 12:31:05','2016-08-14 12:31:05'),
	(90,'ไม่มีค่ะ',4,8582,'2016-08-14 12:31:09','2016-08-14 12:31:09'),
	(91,'ไม่มีค่ะ',4,8616,'2016-08-14 12:31:15','2016-08-14 12:31:15'),
	(92,'ไม่มีค่ะ',4,8650,'2016-08-14 12:31:32','2016-08-14 12:31:32'),
	(93,'ไม่มีค่ะ',4,8684,'2016-08-14 12:31:42','2016-08-14 12:31:42'),
	(94,'ไม่มีค่ะ',4,8752,'2016-08-14 12:32:19','2016-08-14 12:32:19'),
	(95,'ไม่มีค่ะ',4,8811,'2016-08-14 12:32:20','2016-08-14 12:32:20'),
	(96,'ไม่มีค่ะ',4,8857,'2016-08-14 12:32:21','2016-08-14 12:32:21'),
	(97,'ไม่มีค่ะ',4,8882,'2016-08-14 12:32:21','2016-08-14 12:32:21'),
	(98,'ไม่มีค่ะ',4,8903,'2016-08-14 12:32:22','2016-08-14 12:32:22'),
	(99,'ไม่มีค่ะ',4,8949,'2016-08-14 12:32:22','2016-08-14 12:32:22'),
	(100,'ไม่มีค่ะ',4,8991,'2016-08-14 12:32:22','2016-08-14 12:32:22'),
	(101,'ไม่มีค่ะ',4,9001,'2016-08-14 12:32:23','2016-08-14 12:32:23'),
	(102,'ไม่มีค่ะ',4,9053,'2016-08-14 12:32:23','2016-08-14 12:32:23'),
	(103,'ไม่มีค่ะ',4,9076,'2016-08-14 12:32:23','2016-08-14 12:32:23'),
	(104,'ไม่มีค่ะ',4,9089,'2016-08-14 12:32:24','2016-08-14 12:32:24'),
	(105,'ไม่มีค่ะ',4,9126,'2016-08-14 12:32:35','2016-08-14 12:32:35'),
	(106,'ไม่มีค่ะ',4,9160,'2016-08-14 12:32:45','2016-08-14 12:32:45'),
	(107,'ไม่มีค่ะ',4,9194,'2016-08-14 12:32:46','2016-08-14 12:32:46'),
	(108,'ไม่มีค่ะ',4,9364,'2016-08-14 12:36:39','2016-08-14 12:36:39'),
	(109,'ไม่มีค่ะ',4,9412,'2016-08-14 12:36:42','2016-08-14 12:36:42'),
	(110,'ไม่มีค่ะ',4,9471,'2016-08-14 12:36:42','2016-08-14 12:36:42'),
	(111,'ไม่มีค่ะ',4,9507,'2016-08-14 12:36:43','2016-08-14 12:36:43'),
	(112,'ไม่มีค่ะ',4,9530,'2016-08-14 12:36:43','2016-08-14 12:36:43'),
	(113,'ไม่มีค่ะ',4,9550,'2016-08-14 12:36:43','2016-08-14 12:36:43'),
	(114,'ไม่มีค่ะ',4,9564,'2016-08-14 12:36:43','2016-08-14 12:36:43'),
	(115,'ไม่มีค่ะ',4,9675,'2016-08-14 12:36:44','2016-08-14 12:36:44'),
	(116,'ไม่มีค่ะ',4,9677,'2016-08-14 12:36:45','2016-08-14 12:36:45'),
	(117,'ไม่มีค่ะ',4,9707,'2016-08-14 12:36:45','2016-08-14 12:36:45'),
	(118,'ไม่มีค่ะ',4,9734,'2016-08-14 12:36:45','2016-08-14 12:36:45'),
	(119,'ไม่มีค่ะ',4,9754,'2016-08-14 12:36:45','2016-08-14 12:36:45'),
	(120,'ไม่มีค่ะ',4,9768,'2016-08-14 12:36:46','2016-08-14 12:36:46'),
	(121,'ไม่มีค่ะ',4,9862,'2016-08-14 12:36:47','2016-08-14 12:36:47'),
	(122,'ไม่มีค่ะ',4,9882,'2016-08-14 12:36:48','2016-08-14 12:36:48'),
	(123,'ไม่มีค่ะ',4,9898,'2016-08-14 12:36:48','2016-08-14 12:36:48'),
	(124,'ไม่มีค่ะ',4,9920,'2016-08-14 12:36:48','2016-08-14 12:36:48'),
	(125,'ไม่มีค่ะ',4,9959,'2016-08-14 12:36:49','2016-08-14 12:36:49'),
	(126,'ไม่มีค่ะ',4,10042,'2016-08-14 12:36:50','2016-08-14 12:36:50'),
	(127,'ไม่มีค่ะ',4,10044,'2016-08-14 12:36:50','2016-08-14 12:36:50'),
	(128,'ไม่มีค่ะ',4,10064,'2016-08-14 12:36:51','2016-08-14 12:36:51'),
	(129,'ไม่มีค่ะ',4,10097,'2016-08-14 12:36:51','2016-08-14 12:36:51'),
	(130,'ไม่มีค่ะ',4,10130,'2016-08-14 12:36:51','2016-08-14 12:36:51'),
	(131,'ไม่มีค่ะ',4,10144,'2016-08-14 12:36:52','2016-08-14 12:36:52'),
	(132,'ไม่มีค่ะ',4,10180,'2016-08-14 12:36:53','2016-08-14 12:36:53'),
	(133,'ไม่มีค่ะ',4,10246,'2016-08-14 12:37:43','2016-08-14 12:37:43'),
	(134,'ไม่มีค่ะ',4,10313,'2016-08-14 12:37:43','2016-08-14 12:37:43'),
	(135,'ไม่มีค่ะ',4,10324,'2016-08-14 12:37:44','2016-08-14 12:37:44'),
	(136,'ไม่มีค่ะ',4,10350,'2016-08-14 12:37:44','2016-08-14 12:37:44'),
	(137,'ไม่มีค่ะ',4,10370,'2016-08-14 12:37:44','2016-08-14 12:37:44'),
	(138,'ไม่มีค่ะ',4,10379,'2016-08-14 12:37:44','2016-08-14 12:37:44'),
	(139,'ไม่มีค่ะ',4,10431,'2016-08-14 12:37:45','2016-08-14 12:37:45'),
	(140,'ไม่มีค่ะ',4,10452,'2016-08-14 12:37:46','2016-08-14 12:37:46'),
	(141,'ไม่มีค่ะ',4,10486,'2016-08-14 12:38:37','2016-08-14 12:38:37'),
	(142,'ไม่มีค่ะ',4,10520,'2016-08-14 12:38:43','2016-08-14 12:38:43'),
	(143,'ไม่มีค่ะ',4,10554,'2016-08-14 12:39:13','2016-08-14 12:39:13'),
	(144,'ไม่มีค่ะ',4,10634,'2016-08-14 12:39:14','2016-08-14 12:39:14'),
	(145,'ไม่มีค่ะ',4,10660,'2016-08-14 12:39:14','2016-08-14 12:39:14'),
	(146,'ไม่มีค่ะ',4,10696,'2016-08-14 12:39:15','2016-08-14 12:39:15'),
	(147,'ไม่มีค่ะ',4,10701,'2016-08-14 12:39:15','2016-08-14 12:39:15'),
	(148,'ไม่มีค่ะ',4,10721,'2016-08-14 12:39:15','2016-08-14 12:39:15'),
	(149,'ไม่มีค่ะ',4,10815,'2016-08-14 12:39:27','2016-08-14 12:39:27'),
	(150,'ไม่มีค่ะ',4,10847,'2016-08-14 12:39:27','2016-08-14 12:39:27'),
	(151,'ไม่มีค่ะ',4,10864,'2016-08-14 12:39:27','2016-08-14 12:39:27'),
	(152,'ไม่มีค่ะ',4,10874,'2016-08-14 12:39:27','2016-08-14 12:39:27'),
	(153,'ไม่มี',4,11797,'2016-08-14 12:59:24','2016-08-14 12:59:24'),
	(154,'ไม่มี',4,11919,'2016-08-14 13:05:55','2016-08-14 13:05:55'),
	(155,'ไม่มี',4,11953,'2016-08-14 13:06:16','2016-08-14 13:06:16'),
	(156,'ไม่มี',4,11987,'2016-08-14 13:07:03','2016-08-14 13:07:03'),
	(157,'ไม่มี',4,12021,'2016-08-14 13:07:22','2016-08-14 13:07:22'),
	(158,'ไม่มี',4,12542,'2016-08-14 16:22:06','2016-08-14 16:22:06'),
	(159,'ไม่มี',4,12611,'2016-08-14 16:22:08','2016-08-14 16:22:08'),
	(160,'ไม่มี',4,12623,'2016-08-14 16:22:09','2016-08-14 16:22:09'),
	(161,'ไม่มี',4,12641,'2016-08-14 16:22:09','2016-08-14 16:22:09'),
	(162,'ไม่มี',4,12678,'2016-08-14 16:22:10','2016-08-14 16:22:10'),
	(163,'ไม่มี',4,12737,'2016-08-14 16:22:14','2016-08-14 16:22:14'),
	(164,'ไม่มี',4,12738,'2016-08-14 16:22:14','2016-08-14 16:22:14'),
	(165,'ไม่มี',4,12805,'2016-08-14 16:22:33','2016-08-14 16:22:33'),
	(166,'ไม่มี',4,12806,'2016-08-14 16:22:33','2016-08-14 16:22:33'),
	(167,'ไม่',4,13142,'2016-08-15 11:56:00','2016-08-15 11:56:00'),
	(168,'ไม่',4,14149,'2016-08-17 14:51:49','2016-08-17 14:51:49'),
	(169,'ไม่',4,14183,'2016-08-17 14:51:54','2016-08-17 14:51:54'),
	(170,'ไม่',4,14217,'2016-08-17 14:52:18','2016-08-17 14:52:18'),
	(171,'ไม่',4,14251,'2016-08-17 14:52:31','2016-08-17 14:52:31'),
	(172,'ไม่',4,14285,'2016-08-17 14:54:12','2016-08-17 14:54:12'),
	(173,'ไม่',4,14319,'2016-08-17 14:54:41','2016-08-17 14:54:41'),
	(174,'ไม่',4,14421,'2016-08-17 15:02:04','2016-08-17 15:02:04'),
	(175,'ไม่มีค่ะ',4,14617,'2016-08-17 23:54:23','2016-08-17 23:54:23'),
	(176,'ไม่มีค่ะ',4,19659,'2016-08-21 04:14:15','2016-08-21 04:14:15'),
	(177,'ไม่มีค่ะ',4,19693,'2016-08-21 04:14:40','2016-08-21 04:14:40'),
	(178,'ไม่มีค่ะ',4,19727,'2016-08-21 04:14:44','2016-08-21 04:14:44'),
	(179,'ไม่มีค่ะ',4,19761,'2016-08-21 04:14:47','2016-08-21 04:14:47'),
	(180,'ไม่มีค่ะ',4,19795,'2016-08-21 04:14:51','2016-08-21 04:14:51'),
	(181,'ไม่มีค่ะ',4,19829,'2016-08-21 04:14:54','2016-08-21 04:14:54'),
	(182,'ไม่มีค่ะ',4,19951,'2016-08-21 05:53:02','2016-08-21 05:53:02'),
	(183,'ไม่มี',4,20525,'2016-08-21 12:46:39','2016-08-21 12:46:39'),
	(184,'ไม่มี',4,21369,'2016-08-22 13:22:55','2016-08-22 13:22:55'),
	(185,'ไม่มี',4,21403,'2016-08-22 13:22:59','2016-08-22 13:22:59'),
	(186,'หนูอยากประสบความสำเร์จทั้งการเรียนและการการใช้ชีวิตอย่างมีความสุข',4,21462,'2016-08-28 10:07:26','2016-08-28 10:07:26'),
	(187,'หนูอยากประสบความสำเร์จทั้งการเรียนและการการใช้ชีวิตอย่างมีความสุข',4,21463,'2016-08-28 10:07:26','2016-08-28 10:07:26'),
	(188,'หนูอยากประสบความสำเร์จทั้งการเรียนและการการใช้ชีวิตอย่างมีความสุข',4,21505,'2016-08-28 10:07:30','2016-08-28 10:07:30'),
	(189,'หนูอยากประสบความสำเร์จทั้งการเรียนและการการใช้ชีวิตอย่างมีความสุข',4,21536,'2016-08-28 10:07:31','2016-08-28 10:07:31'),
	(190,'หนูอยากประสบความสำเร์จทั้งการเรียนและการการใช้ชีวิตอย่างมีความสุข',4,21569,'2016-08-28 10:07:32','2016-08-28 10:07:32'),
	(191,'ไม่',4,21662,'2016-09-08 14:13:40','2016-09-08 14:13:40'),
	(192,'ไม่',4,21695,'2016-09-08 14:13:55','2016-09-08 14:13:55');

/*!40000 ALTER TABLE `answer_additional_inputs` ENABLE KEYS */;
UNLOCK TABLES;


# Dump of table choices
# ------------------------------------------------------------

DROP TABLE IF EXISTS `choices`;

CREATE TABLE `choices` (
  `id` int(10) unsigned NOT NULL AUTO_INCREMENT,
  `label` varchar(255) COLLATE utf8_unicode_ci DEFAULT NULL,
  `name` varchar(255) COLLATE utf8_unicode_ci DEFAULT NULL,
  `description` varchar(255) COLLATE utf8_unicode_ci DEFAULT NULL,
  `note` varchar(255) COLLATE utf8_unicode_ci DEFAULT NULL,
  `value` int(11) NOT NULL,
  `type` int(11) NOT NULL DEFAULT '0',
  `enabled` tinyint(1) NOT NULL DEFAULT '1',
  `questionID` int(10) unsigned NOT NULL,
  `parentID` int(10) unsigned DEFAULT NULL,
  `created_at` timestamp NOT NULL DEFAULT '0000-00-00 00:00:00',
  `updated_at` timestamp NOT NULL DEFAULT '0000-00-00 00:00:00',
  PRIMARY KEY (`id`),
  KEY `choices_questionid_foreign` (`questionID`),
  CONSTRAINT `choices_questionid_foreign` FOREIGN KEY (`questionID`) REFERENCES `questions` (`id`)
) ENGINE=InnoDB DEFAULT CHARSET=utf8 COLLATE=utf8_unicode_ci;

LOCK TABLES `choices` WRITE;
/*!40000 ALTER TABLE `choices` DISABLE KEYS */;

INSERT INTO `choices` (`id`, `label`, `name`, `description`, `note`, `value`, `type`, `enabled`, `questionID`, `parentID`, `created_at`, `updated_at`)
VALUES
	(1,NULL,'ไม่เคยเลย',NULL,NULL,0,0,1,4,NULL,'0000-00-00 00:00:00','0000-00-00 00:00:00'),
	(2,NULL,'เป็นครั้งคราว',NULL,NULL,1,0,1,4,NULL,'0000-00-00 00:00:00','0000-00-00 00:00:00'),
	(3,NULL,'เป็นบ่อยๆ',NULL,NULL,2,0,1,4,NULL,'0000-00-00 00:00:00','0000-00-00 00:00:00'),
	(4,NULL,'เป็นประจำ',NULL,NULL,3,0,1,4,NULL,'0000-00-00 00:00:00','0000-00-00 00:00:00'),
	(5,NULL,'ไม่เคยเลย',NULL,NULL,0,0,1,5,NULL,'0000-00-00 00:00:00','0000-00-00 00:00:00'),
	(6,NULL,'เป็นครั้งคราว',NULL,NULL,1,0,1,5,NULL,'0000-00-00 00:00:00','0000-00-00 00:00:00'),
	(7,NULL,'เป็นบ่อยๆ',NULL,NULL,2,0,1,5,NULL,'0000-00-00 00:00:00','0000-00-00 00:00:00'),
	(8,NULL,'เป็นประจำ',NULL,NULL,3,0,1,5,NULL,'0000-00-00 00:00:00','0000-00-00 00:00:00'),
	(9,NULL,'ไม่เคยเลย',NULL,NULL,0,0,1,6,NULL,'0000-00-00 00:00:00','0000-00-00 00:00:00'),
	(10,NULL,'เป็นครั้งคราว',NULL,NULL,1,0,1,6,NULL,'0000-00-00 00:00:00','0000-00-00 00:00:00'),
	(11,NULL,'เป็นบ่อยๆ',NULL,NULL,2,0,1,6,NULL,'0000-00-00 00:00:00','0000-00-00 00:00:00'),
	(12,NULL,'เป็นประจำ',NULL,NULL,3,0,1,6,NULL,'0000-00-00 00:00:00','0000-00-00 00:00:00'),
	(13,NULL,'ไม่เคยเลย',NULL,NULL,0,0,1,7,NULL,'0000-00-00 00:00:00','0000-00-00 00:00:00'),
	(14,NULL,'เป็นครั้งคราว',NULL,NULL,1,0,1,7,NULL,'0000-00-00 00:00:00','0000-00-00 00:00:00'),
	(15,NULL,'เป็นบ่อยๆ',NULL,NULL,2,0,1,7,NULL,'0000-00-00 00:00:00','0000-00-00 00:00:00'),
	(16,NULL,'เป็นประจำ',NULL,NULL,3,0,1,7,NULL,'0000-00-00 00:00:00','0000-00-00 00:00:00'),
	(17,NULL,'ไม่เคยเลย',NULL,NULL,0,0,1,8,NULL,'0000-00-00 00:00:00','0000-00-00 00:00:00'),
	(18,NULL,'เป็นครั้งคราว',NULL,NULL,1,0,1,8,NULL,'0000-00-00 00:00:00','0000-00-00 00:00:00'),
	(19,NULL,'เป็นบ่อยๆ',NULL,NULL,2,0,1,8,NULL,'0000-00-00 00:00:00','0000-00-00 00:00:00'),
	(20,NULL,'เป็นประจำ',NULL,NULL,3,0,1,8,NULL,'0000-00-00 00:00:00','0000-00-00 00:00:00'),
	(21,NULL,'ไม่เคยเลย',NULL,NULL,0,0,1,9,NULL,'0000-00-00 00:00:00','0000-00-00 00:00:00'),
	(22,NULL,'เป็นครั้งคราว',NULL,NULL,1,0,1,9,NULL,'0000-00-00 00:00:00','0000-00-00 00:00:00'),
	(23,NULL,'เป็นบ่อยๆ',NULL,NULL,2,0,1,9,NULL,'0000-00-00 00:00:00','0000-00-00 00:00:00'),
	(24,NULL,'เป็นประจำ',NULL,NULL,3,0,1,9,NULL,'0000-00-00 00:00:00','0000-00-00 00:00:00'),
	(25,NULL,'ไม่เคยเลย',NULL,NULL,0,0,1,10,NULL,'0000-00-00 00:00:00','0000-00-00 00:00:00'),
	(26,NULL,'เป็นครั้งคราว',NULL,NULL,1,0,1,10,NULL,'0000-00-00 00:00:00','0000-00-00 00:00:00'),
	(27,NULL,'เป็นบ่อยๆ',NULL,NULL,2,0,1,10,NULL,'0000-00-00 00:00:00','0000-00-00 00:00:00'),
	(28,NULL,'เป็นประจำ',NULL,NULL,3,0,1,10,NULL,'0000-00-00 00:00:00','0000-00-00 00:00:00'),
	(29,NULL,'ไม่เคยเลย',NULL,NULL,0,0,1,11,NULL,'0000-00-00 00:00:00','0000-00-00 00:00:00'),
	(30,NULL,'เป็นครั้งคราว',NULL,NULL,1,0,1,11,NULL,'0000-00-00 00:00:00','0000-00-00 00:00:00'),
	(31,NULL,'เป็นบ่อยๆ',NULL,NULL,2,0,1,11,NULL,'0000-00-00 00:00:00','0000-00-00 00:00:00'),
	(32,NULL,'เป็นประจำ',NULL,NULL,3,0,1,11,NULL,'0000-00-00 00:00:00','0000-00-00 00:00:00'),
	(33,NULL,'ไม่เคยเลย',NULL,NULL,0,0,1,12,NULL,'0000-00-00 00:00:00','0000-00-00 00:00:00'),
	(34,NULL,'เป็นครั้งคราว',NULL,NULL,1,0,1,12,NULL,'0000-00-00 00:00:00','0000-00-00 00:00:00'),
	(35,NULL,'เป็นบ่อยๆ',NULL,NULL,2,0,1,12,NULL,'0000-00-00 00:00:00','0000-00-00 00:00:00'),
	(36,NULL,'เป็นประจำ',NULL,NULL,3,0,1,12,NULL,'0000-00-00 00:00:00','0000-00-00 00:00:00'),
	(37,NULL,'ไม่เคยเลย',NULL,NULL,0,0,1,13,NULL,'0000-00-00 00:00:00','0000-00-00 00:00:00'),
	(38,NULL,'เป็นครั้งคราว',NULL,NULL,1,0,1,13,NULL,'0000-00-00 00:00:00','0000-00-00 00:00:00'),
	(39,NULL,'เป็นบ่อยๆ',NULL,NULL,2,0,1,13,NULL,'0000-00-00 00:00:00','0000-00-00 00:00:00'),
	(40,NULL,'เป็นประจำ',NULL,NULL,3,0,1,13,NULL,'0000-00-00 00:00:00','0000-00-00 00:00:00'),
	(41,NULL,'ไม่เคยเลย',NULL,NULL,0,0,1,14,NULL,'0000-00-00 00:00:00','0000-00-00 00:00:00'),
	(42,NULL,'เป็นครั้งคราว',NULL,NULL,1,0,1,14,NULL,'0000-00-00 00:00:00','0000-00-00 00:00:00'),
	(43,NULL,'เป็นบ่อยๆ',NULL,NULL,2,0,1,14,NULL,'0000-00-00 00:00:00','0000-00-00 00:00:00'),
	(44,NULL,'เป็นประจำ',NULL,NULL,3,0,1,14,NULL,'0000-00-00 00:00:00','0000-00-00 00:00:00'),
	(45,NULL,'ไม่เคยเลย',NULL,NULL,0,0,1,15,NULL,'0000-00-00 00:00:00','0000-00-00 00:00:00'),
	(46,NULL,'เป็นครั้งคราว',NULL,NULL,1,0,1,15,NULL,'0000-00-00 00:00:00','0000-00-00 00:00:00'),
	(47,NULL,'เป็นบ่อยๆ',NULL,NULL,2,0,1,15,NULL,'0000-00-00 00:00:00','0000-00-00 00:00:00'),
	(48,NULL,'เป็นประจำ',NULL,NULL,3,0,1,15,NULL,'0000-00-00 00:00:00','0000-00-00 00:00:00'),
	(49,NULL,'ไม่เคยเลย',NULL,NULL,0,0,1,16,NULL,'0000-00-00 00:00:00','0000-00-00 00:00:00'),
	(50,NULL,'เป็นครั้งคราว',NULL,NULL,1,0,1,16,NULL,'0000-00-00 00:00:00','0000-00-00 00:00:00'),
	(51,NULL,'เป็นบ่อยๆ',NULL,NULL,2,0,1,16,NULL,'0000-00-00 00:00:00','0000-00-00 00:00:00'),
	(52,NULL,'เป็นประจำ',NULL,NULL,3,0,1,16,NULL,'0000-00-00 00:00:00','0000-00-00 00:00:00'),
	(53,NULL,'ไม่เคยเลย',NULL,NULL,0,0,1,17,NULL,'0000-00-00 00:00:00','0000-00-00 00:00:00'),
	(54,NULL,'เป็นครั้งคราว',NULL,NULL,1,0,1,17,NULL,'0000-00-00 00:00:00','0000-00-00 00:00:00'),
	(55,NULL,'เป็นบ่อยๆ',NULL,NULL,2,0,1,17,NULL,'0000-00-00 00:00:00','0000-00-00 00:00:00'),
	(56,NULL,'เป็นประจำ',NULL,NULL,3,0,1,17,NULL,'0000-00-00 00:00:00','0000-00-00 00:00:00'),
	(57,NULL,'ไม่เคยเลย',NULL,NULL,0,0,1,18,NULL,'0000-00-00 00:00:00','0000-00-00 00:00:00'),
	(58,NULL,'เป็นครั้งคราว',NULL,NULL,1,0,1,18,NULL,'0000-00-00 00:00:00','0000-00-00 00:00:00'),
	(59,NULL,'เป็นบ่อยๆ',NULL,NULL,2,0,1,18,NULL,'0000-00-00 00:00:00','0000-00-00 00:00:00'),
	(60,NULL,'เป็นประจำ',NULL,NULL,3,0,1,18,NULL,'0000-00-00 00:00:00','0000-00-00 00:00:00'),
	(61,NULL,'ไม่เคยเลย',NULL,NULL,0,0,1,19,NULL,'0000-00-00 00:00:00','0000-00-00 00:00:00'),
	(62,NULL,'เป็นครั้งคราว',NULL,NULL,1,0,1,19,NULL,'0000-00-00 00:00:00','0000-00-00 00:00:00'),
	(63,NULL,'เป็นบ่อยๆ',NULL,NULL,2,0,1,19,NULL,'0000-00-00 00:00:00','0000-00-00 00:00:00'),
	(64,NULL,'เป็นประจำ',NULL,NULL,3,0,1,19,NULL,'0000-00-00 00:00:00','0000-00-00 00:00:00'),
	(65,NULL,'ไม่เคยเลย',NULL,NULL,0,0,1,20,NULL,'0000-00-00 00:00:00','0000-00-00 00:00:00'),
	(66,NULL,'เป็นครั้งคราว',NULL,NULL,1,0,1,20,NULL,'0000-00-00 00:00:00','0000-00-00 00:00:00'),
	(67,NULL,'เป็นบ่อยๆ',NULL,NULL,2,0,1,20,NULL,'0000-00-00 00:00:00','0000-00-00 00:00:00'),
	(68,NULL,'เป็นประจำ',NULL,NULL,3,0,1,20,NULL,'0000-00-00 00:00:00','0000-00-00 00:00:00'),
	(69,NULL,'ไม่เคยเลย',NULL,NULL,0,0,1,21,NULL,'0000-00-00 00:00:00','0000-00-00 00:00:00'),
	(70,NULL,'เป็นครั้งคราว',NULL,NULL,1,0,1,21,NULL,'0000-00-00 00:00:00','0000-00-00 00:00:00'),
	(71,NULL,'เป็นบ่อยๆ',NULL,NULL,2,0,1,21,NULL,'0000-00-00 00:00:00','0000-00-00 00:00:00'),
	(72,NULL,'เป็นประจำ',NULL,NULL,3,0,1,21,NULL,'0000-00-00 00:00:00','0000-00-00 00:00:00'),
	(73,NULL,'ไม่เคยเลย',NULL,NULL,0,0,1,22,NULL,'0000-00-00 00:00:00','0000-00-00 00:00:00'),
	(74,NULL,'เป็นครั้งคราว',NULL,NULL,1,0,1,22,NULL,'0000-00-00 00:00:00','0000-00-00 00:00:00'),
	(75,NULL,'เป็นบ่อยๆ',NULL,NULL,2,0,1,22,NULL,'0000-00-00 00:00:00','0000-00-00 00:00:00'),
	(76,NULL,'เป็นประจำ',NULL,NULL,3,0,1,22,NULL,'0000-00-00 00:00:00','0000-00-00 00:00:00'),
	(77,NULL,'ไม่เคยเลย',NULL,NULL,0,0,1,23,NULL,'0000-00-00 00:00:00','0000-00-00 00:00:00'),
	(78,NULL,'เป็นครั้งคราว',NULL,NULL,1,0,1,23,NULL,'0000-00-00 00:00:00','0000-00-00 00:00:00'),
	(79,NULL,'เป็นบ่อยๆ',NULL,NULL,2,0,1,23,NULL,'0000-00-00 00:00:00','0000-00-00 00:00:00'),
	(80,NULL,'เป็นประจำ',NULL,NULL,3,0,1,23,NULL,'0000-00-00 00:00:00','0000-00-00 00:00:00'),
	(81,'','บ่อย','','',3,0,1,24,NULL,'2016-01-16 06:41:56','2016-01-16 06:41:56'),
	(82,'','ค่อนข้างบ่อย','','',2,0,1,24,NULL,'2016-01-16 06:41:56','2016-01-16 06:41:56'),
	(83,'','บางครั้ง','','',1,0,1,24,NULL,'2016-01-16 06:41:56','2016-01-16 06:41:56'),
	(84,'','ไม่เคยเลย','','',0,0,1,24,NULL,'2016-01-16 06:41:56','2016-01-16 06:41:56'),
	(86,'','บ่อย','','',3,0,1,26,NULL,'2016-01-16 08:25:27','2016-01-16 08:25:27'),
	(87,'','ค่อนข้างบ่อย','','',2,0,1,26,NULL,'2016-01-16 08:25:27','2016-01-16 08:25:27'),
	(88,'','บางครั้ง','','',1,0,1,26,NULL,'2016-01-16 08:25:27','2016-01-16 08:25:27'),
	(89,'','ไม่เคยเลย','','',0,0,1,26,NULL,'2016-01-16 08:25:27','2016-01-16 08:25:27'),
	(90,'','บ่อย','','',3,0,1,27,NULL,'2016-01-16 08:25:27','2016-01-16 08:25:27'),
	(91,'','ค่อนข้างบ่อย','','',2,0,1,27,NULL,'2016-01-16 08:25:27','2016-01-16 08:25:27'),
	(92,'','บางครั้ง','','',1,0,1,27,NULL,'2016-01-16 08:25:27','2016-01-16 08:25:27'),
	(93,'','ไม่เคยเลย','','',0,0,1,27,NULL,'2016-01-16 08:25:27','2016-01-16 08:25:27'),
	(94,'','บ่อย','','',3,0,1,28,NULL,'2016-01-16 08:25:27','2016-01-16 08:25:27'),
	(95,'','ค่อนข้างบ่อย','','',2,0,1,28,NULL,'2016-01-16 08:25:27','2016-01-16 08:25:27'),
	(96,'','บางครั้ง','','',1,0,1,28,NULL,'2016-01-16 08:25:27','2016-01-16 08:25:27'),
	(97,'','ไม่เคยเลย','','',0,0,1,28,NULL,'2016-01-16 08:25:27','2016-01-16 08:25:27'),
	(98,'','บ่อย','','',0,0,1,29,NULL,'2016-01-16 08:32:21','2016-01-16 08:32:21'),
	(99,'','ค่อนข้างบ่อย','','',1,0,1,29,NULL,'2016-01-16 08:32:21','2016-01-16 08:32:21'),
	(100,'','บางครั้ง','','',2,0,1,29,NULL,'2016-01-16 08:32:21','2016-01-16 08:32:21'),
	(101,'','ไม่เคยเลย','','',3,0,1,29,NULL,'2016-01-16 08:32:21','2016-01-16 08:32:21'),
	(102,'','บ่อย','','',3,0,1,30,NULL,'2016-01-16 08:32:21','2016-01-16 08:32:21'),
	(103,'','ค่อนข้างบ่อย','','',2,0,1,30,NULL,'2016-01-16 08:32:21','2016-01-16 08:32:21'),
	(104,'','บางครั้ง','','',1,0,1,30,NULL,'2016-01-16 08:32:21','2016-01-16 08:32:21'),
	(105,'','ไม่เคยเลย','','',0,0,1,30,NULL,'2016-01-16 08:32:21','2016-01-16 08:32:21'),
	(106,'','บ่อย','','',3,0,1,31,NULL,'2016-01-16 08:32:21','2016-01-16 08:32:21'),
	(107,'','ค่อนข้างบ่อย','','',2,0,1,31,NULL,'2016-01-16 08:32:21','2016-01-16 08:32:21'),
	(108,'','บางครั้ง','','',1,0,1,31,NULL,'2016-01-16 08:32:21','2016-01-16 08:32:21'),
	(109,'','ไม่เคยเลย','','',0,0,1,31,NULL,'2016-01-16 08:32:21','2016-01-16 08:32:21'),
	(110,'','บ่อย','','',3,0,1,32,NULL,'2016-01-16 08:32:21','2016-01-16 08:32:21'),
	(111,'','ค่อนข้างบ่อย','','',2,0,1,32,NULL,'2016-01-16 08:32:21','2016-01-16 08:32:21'),
	(112,'','บางครั้ง','','',1,0,1,32,NULL,'2016-01-16 08:32:21','2016-01-16 08:32:21'),
	(113,'','ไม่เคยเลย','','',0,0,1,32,NULL,'2016-01-16 08:32:21','2016-01-16 08:32:21'),
	(114,'','บ่อย','','',3,0,1,33,NULL,'2016-01-16 08:32:21','2016-01-16 08:32:21'),
	(115,'','ค่อนข้างบ่อย','','',2,0,1,33,NULL,'2016-01-16 08:32:21','2016-01-16 08:32:21'),
	(116,'','บางครั้ง','','',1,0,1,33,NULL,'2016-01-16 08:32:21','2016-01-16 08:32:21'),
	(117,'','ไม่เคยเลย','','',0,0,1,33,NULL,'2016-01-16 08:32:21','2016-01-16 08:32:21'),
	(118,'','บ่อย','','',0,0,1,34,NULL,'2016-01-16 08:32:21','2016-01-16 08:32:21'),
	(119,'','ค่อนข้างบ่อย','','',1,0,1,34,NULL,'2016-01-16 08:32:21','2016-01-16 08:32:21'),
	(120,'','บางครั้ง','','',2,0,1,34,NULL,'2016-01-16 08:32:21','2016-01-16 08:32:21'),
	(121,'','ไม่เคยเลย','','',3,0,1,34,NULL,'2016-01-16 08:32:21','2016-01-16 08:32:21'),
	(122,'','บ่อย','','',3,0,1,35,NULL,'2016-01-16 08:32:21','2016-01-16 08:32:21'),
	(123,'','ค่อนข้างบ่อย','','',2,0,1,35,NULL,'2016-01-16 08:32:21','2016-01-16 08:32:21'),
	(124,'','บางครั้ง','','',1,0,1,35,NULL,'2016-01-16 08:32:21','2016-01-16 08:32:21'),
	(125,'','ไม่เคยเลย','','',0,0,1,35,NULL,'2016-01-16 08:32:21','2016-01-16 08:32:21'),
	(126,'','บ่อย','','',3,0,1,36,NULL,'2016-01-16 08:32:21','2016-01-16 08:32:21'),
	(127,'','ค่อนข้างบ่อย','','',2,0,1,36,NULL,'2016-01-16 08:32:21','2016-01-16 08:32:21'),
	(128,'','บางครั้ง','','',1,0,1,36,NULL,'2016-01-16 08:32:21','2016-01-16 08:32:21'),
	(129,'','ไม่เคยเลย','','',0,0,1,36,NULL,'2016-01-16 08:32:21','2016-01-16 08:32:21'),
	(130,'','บ่อย','','',3,0,1,37,NULL,'2016-01-16 08:32:21','2016-01-16 08:32:21'),
	(131,'','ค่อนข้างบ่อย','','',2,0,1,37,NULL,'2016-01-16 08:32:21','2016-01-16 08:32:21'),
	(132,'','บางครั้ง','','',1,0,1,37,NULL,'2016-01-16 08:32:21','2016-01-16 08:32:21'),
	(133,'','ไม่เคยเลย','','',0,0,1,37,NULL,'2016-01-16 08:32:21','2016-01-16 08:32:21'),
	(134,'','บ่อย','','',3,0,1,38,NULL,'2016-01-16 08:32:21','2016-01-16 08:32:21'),
	(135,'','ค่อนข้างบ่อย','','',2,0,1,38,NULL,'2016-01-16 08:32:21','2016-01-16 08:32:21'),
	(136,'','บางครั้ง','','',1,0,1,38,NULL,'2016-01-16 08:32:21','2016-01-16 08:32:21'),
	(137,'','ไม่เคยเลย','','',0,0,1,38,NULL,'2016-01-16 08:32:21','2016-01-16 08:32:21'),
	(138,'','บ่อย','','',0,0,1,39,NULL,'2016-01-16 08:32:21','2016-01-16 08:32:21'),
	(139,'','ค่อนข้างบ่อย','','',1,0,1,39,NULL,'2016-01-16 08:32:21','2016-01-16 08:32:21'),
	(140,'','บางครั้ง','','',2,0,1,39,NULL,'2016-01-16 08:32:21','2016-01-16 08:32:21'),
	(141,'','ไม่เคยเลย','','',3,0,1,39,NULL,'2016-01-16 08:32:21','2016-01-16 08:32:21'),
	(142,'','บ่อย','','',3,0,1,40,NULL,'2016-01-16 08:32:21','2016-01-23 06:31:15'),
	(143,'','ค่อนข้างบ่อย','','',2,0,1,40,NULL,'2016-01-16 08:32:21','2016-01-23 06:31:15'),
	(144,'','บางครั้ง','','',1,0,1,40,NULL,'2016-01-16 08:32:21','2016-01-23 06:31:15'),
	(145,'','ไม่เคยเลย','','',0,0,1,40,NULL,'2016-01-16 08:32:21','2016-01-23 06:31:15'),
	(146,'','บ่อย','','',3,0,1,41,NULL,'2016-01-16 08:32:21','2016-01-16 08:32:21'),
	(147,'','ค่อนข้างบ่อย','','',2,0,1,41,NULL,'2016-01-16 08:32:21','2016-01-16 08:32:21'),
	(148,'','บางครั้ง','','',1,0,1,41,NULL,'2016-01-16 08:32:21','2016-01-16 08:32:21'),
	(149,'','ไม่เคยเลย','','',0,0,1,41,NULL,'2016-01-16 08:32:21','2016-01-16 08:32:21'),
	(150,'','บ่อย','','',3,0,1,42,NULL,'2016-01-16 08:32:21','2016-01-16 08:32:21'),
	(151,'','ค่อนข้างบ่อย','','',2,0,1,42,NULL,'2016-01-16 08:32:21','2016-01-16 08:32:21'),
	(152,'','บางครั้ง','','',1,0,1,42,NULL,'2016-01-16 08:32:21','2016-01-16 08:32:21'),
	(153,'','ไม่เคยเลย','','',0,0,1,42,NULL,'2016-01-16 08:32:21','2016-01-16 08:32:21'),
	(154,'','บ่อย','','',3,0,1,43,NULL,'2016-01-16 08:32:21','2016-01-16 08:32:21'),
	(155,'','ค่อนข้างบ่อย','','',2,0,1,43,NULL,'2016-01-16 08:32:21','2016-01-16 08:32:21'),
	(156,'','บางครั้ง','','',1,0,1,43,NULL,'2016-01-16 08:32:21','2016-01-16 08:32:21'),
	(157,'','ไม่เคยเลย','','',0,0,1,43,NULL,'2016-01-16 08:32:21','2016-01-16 08:32:21'),
	(161,'','','','',-999,0,0,44,NULL,'2016-01-16 08:32:21','2016-01-23 08:11:03'),
	(162,'','','','',-999,0,0,44,NULL,'2016-01-23 08:11:03','2016-03-13 07:09:38'),
	(163,'','ไม่เคย','','',0,0,1,44,NULL,'2016-01-23 08:11:03','2016-03-13 07:09:38'),
	(165,'','มี','','',0,0,1,45,NULL,'2016-02-20 07:25:54','2016-02-20 07:25:54'),
	(166,'','ไม่มี','','',0,0,1,45,NULL,'2016-02-20 07:25:54','2016-02-20 07:25:54'),
	(169,'','ปกติ','','',0,0,1,47,NULL,'2016-02-20 07:26:02','2016-02-20 07:26:02'),
	(170,'','เสี่ยง','','',1,1,1,47,NULL,'2016-02-20 07:26:02','2016-02-20 09:27:17'),
	(171,'','มีปัญหา','','',2,1,1,47,NULL,'2016-02-20 07:26:02','2016-02-20 09:37:20'),
	(177,'','ผลการเรียนเฉลี่ย 1.00 - 2.00','','',0,1,1,47,170,'2016-02-20 09:27:17','2016-02-20 09:27:17'),
	(178,'','ติด 0, ร, มส, มพ 1-2 วิชา/1 ภาคเรียน','','',0,1,1,47,170,'2016-02-20 09:27:17','2016-02-20 09:27:17'),
	(179,'','ไม่เข้าเรียน 1-2 ครั้ง/รายวิชา','','',0,1,1,47,170,'2016-02-20 09:27:17','2016-02-20 09:27:17'),
	(180,'','มาเรียนสาย 3 ครั้งต่อสัปดาห์','','',0,1,1,47,170,'2016-02-20 09:27:17','2016-02-20 09:27:17'),
	(181,'','ไม่ตั้งใจเรียนขณะครูสอน','','',0,1,1,47,170,'2016-02-20 09:27:17','2016-02-20 09:27:17'),
	(182,'','ไม่มีอุปกรณ์การเรียนมาเรียน หรือนำอุปกรณ์การเรียนมาไม่ครบ','','',0,1,1,47,170,'2016-02-20 09:27:17','2016-02-20 09:27:17'),
	(183,'','อ่านสะกดคำไม่ได้','','',0,1,1,47,170,'2016-02-20 09:27:17','2016-02-20 09:27:17'),
	(184,'','ไม่รู้ความหมายของคำ','','',0,1,1,47,170,'2016-02-20 09:27:17','2016-02-20 09:27:17'),
	(185,'','จับใจความสำคัญไม่ได้','','',0,1,1,47,170,'2016-02-20 09:27:17','2016-02-20 09:27:17'),
	(186,'','เขียนตัวอักษรไม่ได้','','',0,1,1,47,170,'2016-02-20 09:27:17','2016-02-20 09:27:17'),
	(187,'','เขียนไม่ได้ใจความ','','',0,1,1,47,170,'2016-02-20 09:27:17','2016-02-20 09:27:17'),
	(188,'','คำนวณ บวก ลบ คูณ หาร ไม่ได้','','',0,1,1,47,170,'2016-02-20 09:27:17','2016-02-20 09:27:17'),
	(189,'','ไม่ส่งงาน 1-2 วิชา','','',0,1,1,47,170,'2016-02-20 09:27:17','2016-02-20 09:27:17'),
	(190,'','ไม่ผ่านคุณลักษณะอันพึงประสงค์ 1 ข้อ','','',0,1,1,47,170,'2016-02-20 09:27:17','2016-02-20 09:27:17'),
	(191,'','ผลการประเมินการอ่านคิดวิเคราะห์ และเขียนสื่อความอยู่ในระดับ 1','','',0,1,1,47,170,'2016-02-20 09:27:17','2016-02-20 09:27:17'),
	(192,'','ผลการเรียนต่ำกว่า 1.00','','',0,1,1,47,171,'2016-02-20 09:37:20','2016-02-20 09:37:20'),
	(193,'','ติด 0, ร, มส, มผ มากกว่า 2 วิชา/ภาคเรียน','','',0,1,1,47,171,'2016-02-20 09:37:20','2016-02-20 09:37:20'),
	(194,'','มาเรียนสายมากกว่า 3 ครั้ง/สัปดาห์','','',0,1,1,47,171,'2016-02-20 09:37:20','2016-02-20 09:37:20'),
	(195,'','ไม่เข้าเรียนหลายครั้งโดยไม่มีเหตุผล','','',0,1,1,47,171,'2016-02-20 09:37:20','2016-02-20 09:37:20'),
	(196,'','สมาธิสั้น','','',0,1,1,47,171,'2016-02-20 09:37:20','2016-02-20 09:37:20'),
	(197,'','ขาดเรียนบ่อยมากกว่า 1 วัน/สัปดาห์','','',0,1,1,47,171,'2016-02-20 09:37:20','2016-02-20 09:37:20'),
	(198,'','ไม่ส่งงานมากกว่า 2 วิชา','','',0,1,1,47,171,'2016-02-20 09:37:20','2016-02-20 09:37:20'),
	(199,'','ไม่ผ่านคุณลักษณะอันพึงประสงค์ตั้งแต่ 2 ข้อขึ้นไป','','',0,1,1,47,171,'2016-02-20 09:37:20','2016-02-20 09:37:20'),
	(200,'','ผลการประเมินการอ่านคิดวิเคราะห์และเขียนสื่อความไม่ผ่าน','','',0,1,1,47,171,'2016-02-20 09:37:20','2016-02-20 09:37:20'),
	(201,'','ปกติ','','',0,0,1,48,NULL,'2016-02-20 09:41:42','2016-02-20 09:41:42'),
	(202,'','เสี่ยง','','',1,1,1,48,NULL,'2016-02-20 09:41:42','2016-03-05 10:38:28'),
	(203,'','ร่างกายไม่แข็งแรง','','',0,1,1,48,202,'2016-02-20 09:41:42','2016-02-20 09:41:42'),
	(204,'','มีโรคประจำตัวหรือเจ็บป่วยบ่อย','','',0,1,1,48,202,'2016-02-20 09:41:42','2016-02-20 09:41:42'),
	(205,'','มีปัญหาด้านสายตา (สวมแว่น/คอนแท็คเลนส์)','','',0,1,1,48,202,'2016-02-20 09:41:42','2016-02-20 09:41:42'),
	(206,'','มีปัญหา','','',2,1,1,48,NULL,'2016-02-20 09:41:42','2016-03-05 10:38:28'),
	(207,'','มีภาวะทุกโภชนาการ','','',0,1,1,48,206,'2016-02-20 09:41:42','2016-02-20 09:41:42'),
	(208,'','มีความพิการทางร่างกาย','','',0,1,1,48,206,'2016-02-20 09:41:42','2016-02-20 09:41:42'),
	(209,'','ป่วยเป็นโรคร้ายแรง/เรื้อรัง','','',0,1,1,48,206,'2016-02-20 09:41:42','2016-02-20 09:41:42'),
	(210,'','มีปัญหาด้านสายตา (ไม่สวมแว่น/คอนแท็คเลนส์)','','',0,1,1,48,206,'2016-02-20 09:41:42','2016-02-20 09:41:42'),
	(211,'','มีความบกพร่องทางการได้ยิน','','',0,1,1,48,206,'2016-02-20 09:41:42','2016-02-20 09:41:42'),
	(212,'','สมรรถภาพทางร่างกายต่ำ','','',0,1,1,48,206,'2016-02-20 09:41:42','2016-02-20 09:41:42'),
	(225,'','ปกติ','','',0,0,1,49,NULL,'2016-02-20 09:46:17','2016-02-20 09:46:17'),
	(226,'','เสี่ยง','','',1,1,1,49,NULL,'2016-02-20 09:46:17','2016-03-05 10:38:28'),
	(227,'','รายได้ครอบครัว 5,000-10,000 บาท/เดือน','','',0,1,1,49,226,'2016-02-20 09:46:17','2016-02-20 09:46:17'),
	(228,'','บิดาหรือมารดาตกงาน (1 คน) แต่รายได้มากกว่า 5,000 บาท','','',0,1,1,49,226,'2016-02-20 09:46:17','2016-02-20 09:46:17'),
	(229,'','มีปัญหา','','',2,1,1,49,NULL,'2016-02-20 09:46:17','2016-03-05 10:38:28'),
	(230,'','รายได้ครอบครัวต่ำกว่า 5,000 บาท/เดือน','','',0,1,1,49,229,'2016-02-20 09:46:17','2016-02-20 09:46:17'),
	(231,'','บิดาและมารดาตกงาน (ทั้ง 2 คน)','','',0,1,1,49,229,'2016-02-20 09:46:17','2016-02-20 09:46:17'),
	(232,'','ครอบครัวมีภาระหนี้สินจำนวนมาก','','',0,1,1,49,229,'2016-02-20 09:46:17','2016-02-20 09:46:17'),
	(233,'','รายได้ไม่เพียงพอต่อการใช้จ่ายในชีวิตประจำวัน','','',0,1,1,49,229,'2016-02-20 09:46:17','2016-02-20 09:46:17'),
	(234,'','ปกติ','','',0,0,1,50,NULL,'2016-02-20 09:50:24','2016-02-20 09:50:24'),
	(235,'','เสี่ยง','','',1,1,1,50,NULL,'2016-02-20 09:50:24','2016-03-05 10:38:28'),
	(236,'','พ่อแม่แยกทางกัน หรือแต่งงานใหม่','','',0,1,1,50,235,'2016-02-20 09:50:24','2016-02-20 09:50:24'),
	(237,'','ที่พักอาศัยอยู่ในชุมชนแออัด หรือใกล้แหล่งมั่วสุม/สถานเริงรมย์','','',0,1,1,50,235,'2016-02-20 09:50:24','2016-02-20 09:50:24'),
	(238,'','อยู่หอพัก','','',0,1,1,50,235,'2016-02-20 09:50:24','2016-02-20 09:50:24'),
	(239,'','มีบุคคลเจ็บป่วยด้วยโรคร้ายแรง/เรื้อรัง','','',0,1,1,50,235,'2016-02-20 09:50:24','2016-02-20 09:50:24'),
	(240,'','บุคคลในครอบครัวติดสารเสพติด','','',0,1,1,50,235,'2016-02-20 09:50:24','2016-02-20 09:50:24'),
	(241,'','บุคคลในครอบครัวเล่นการพนัน','','',0,1,1,50,235,'2016-02-20 09:50:24','2016-02-20 09:50:24'),
	(242,'','มีความขัดแย้ง / ทะเลาะกันในครอบครัว','','',0,1,1,50,235,'2016-02-20 09:50:24','2016-02-20 09:50:24'),
	(243,'','มีปัญหา','','',2,1,1,50,NULL,'2016-02-20 09:50:24','2016-03-05 10:38:28'),
	(244,'','ไม่มีผู้ดูแล','','',0,1,1,50,243,'2016-02-20 09:50:24','2016-02-20 09:50:24'),
	(245,'','มีความขัดแย้งและมีการใช้ความรุนแรงในครอบครัว','','',0,1,1,50,243,'2016-02-20 09:50:24','2016-02-20 09:50:24'),
	(246,'','ถูกทารุณ / ทำร้ายจากบุคคลในครอบครัว','','',0,1,1,50,243,'2016-02-20 09:50:24','2016-02-20 09:50:24'),
	(247,'','ถูกล่วงละเมิดทางเพศ','','',0,1,1,50,243,'2016-02-20 09:50:24','2016-02-20 09:50:24'),
	(248,'','สูบบุหรี่ / กัญชา / ของมึนเมา','','',0,1,1,50,243,'2016-02-20 09:50:24','2016-02-20 09:50:24'),
	(249,'','เล่นการพนัน','','',0,1,1,50,243,'2016-02-20 09:50:24','2016-02-20 09:50:24'),
	(250,'','ปกติ','','',0,0,1,51,NULL,'2016-02-20 09:53:20','2016-02-20 09:53:20'),
	(251,'','เสี่ยง','','',1,1,1,51,NULL,'2016-02-20 09:53:20','2016-03-05 10:38:28'),
	(252,'','คบเพื่อนในกลุ่มใช้สารเสพติด','','',0,1,1,51,251,'2016-02-20 09:53:20','2016-02-20 09:53:20'),
	(253,'','สมาชิกในครอบครัวข้องเกี่ยวกับยาเสพติด','','',0,1,1,51,251,'2016-02-20 09:53:20','2016-02-20 09:53:20'),
	(254,'','เคยลองสูบบุหรี่ / กัญชา / ของมึนเมา','','',0,1,1,51,251,'2016-02-20 09:53:20','2016-02-20 09:53:20'),
	(255,'','อยู่ในสภาพแวดล้อมที่ใช้สารเสพติด','','',0,1,1,51,251,'2016-02-20 09:53:20','2016-02-20 09:53:20'),
	(256,'','มีปัญหา','','',2,1,1,51,NULL,'2016-02-20 09:53:20','2016-03-05 10:38:28'),
	(257,'','ใช้หรือเสพเองมากกว่า 2 ครั้ง','','',0,1,1,51,256,'2016-02-20 09:53:20','2016-02-20 09:53:20'),
	(258,'','มีประวัติเกี่ยวข้องกับสารเสพติด','','',0,1,1,51,256,'2016-02-20 09:53:20','2016-02-20 09:53:20'),
	(259,'','เป็นผู้ติดบุหรี่ สุรา หรือสารเสพติดอื่นๆ','','',0,1,1,51,256,'2016-02-20 09:53:20','2016-02-20 09:53:20'),
	(260,'','ปกติ','','',0,0,1,52,NULL,'2016-02-20 09:55:45','2016-02-20 09:55:45'),
	(261,'','เสี่ยง','','',1,1,1,52,NULL,'2016-02-20 09:55:45','2016-03-05 10:38:28'),
	(262,'','ไม่ปฏิบัติตามกฎจารจร','','',0,1,1,52,261,'2016-02-20 09:55:45','2016-02-20 09:55:45'),
	(263,'','พาหนะและสภาพการเดินทางไม่ปลอดภัย','','',0,1,1,52,261,'2016-02-20 09:55:45','2016-02-20 09:55:45'),
	(264,'','มีประวัติทะเลาะวิวาท','','',0,1,1,52,261,'2016-02-20 09:55:45','2016-02-20 09:55:45'),
	(265,'','ก้าวร้าว เกเร','','',0,1,1,52,261,'2016-02-20 09:55:45','2016-02-20 09:55:45'),
	(266,'','มีปัญหา','','',2,1,1,52,NULL,'2016-02-20 09:55:45','2016-03-05 10:38:28'),
	(267,'','ไม่ปฏิบัติตามกฎจารจรบ่อยๆ หรือเป็นประจำ','','',0,1,1,52,266,'2016-02-20 09:55:45','2016-02-20 09:55:45'),
	(268,'','ทะเลาะวิวาทบ่อยๆ','','',0,1,1,52,266,'2016-02-20 09:55:45','2016-02-20 09:55:45'),
	(269,'','ทำร้ายร่างกายผู้อื่น','','',0,1,1,52,266,'2016-02-20 09:55:45','2016-02-20 09:55:45'),
	(270,'','ปกติ','','',0,0,1,53,NULL,'2016-02-20 09:59:05','2016-02-20 09:59:05'),
	(271,'','เสี่ยง','','',1,1,1,53,NULL,'2016-02-20 09:59:05','2016-03-05 10:38:28'),
	(272,'','อยู่ในกลุ่มประพฤติตนเหมือนเพศตรงข้าม','','',0,1,1,53,271,'2016-02-20 09:59:05','2016-02-20 09:59:05'),
	(273,'','ทำงานพิเศษที่ล่อแหลมต่อการถูกล่วงละเมิดทางเพศ','','',0,1,1,53,271,'2016-02-20 09:59:05','2016-02-20 09:59:05'),
	(274,'','จับคู่ชัดเจนและแยกกลุ่มอยู่ด้วยกันสองต่อสองบ่อยครั้ง','','',0,1,1,53,271,'2016-02-20 09:59:05','2016-02-20 09:59:05'),
	(275,'','อยู่ในกลุ่มขายบริการ','','',0,1,1,53,271,'2016-02-20 09:59:05','2016-02-20 09:59:05'),
	(276,'','ใช้เครื่องมือสื่อสารเป็นเวลานานและบ่อยครั้ง','','',0,1,1,53,271,'2016-02-20 09:59:05','2016-02-20 09:59:05'),
	(277,'','มีปัญหา','','',2,1,1,53,NULL,'2016-02-20 09:59:05','2016-03-05 10:38:28'),
	(278,'','ประพฤติตนเหมือนเพศตรงข้าม','','',0,1,1,53,277,'2016-02-20 09:59:05','2016-02-20 09:59:05'),
	(279,'','ขาดเรียนไปกับคู่ของตนเองเสมอๆ','','',0,1,1,53,277,'2016-02-20 09:59:05','2016-02-20 09:59:05'),
	(280,'','อยู่ด้วยกัน','','',0,1,1,53,277,'2016-02-20 09:59:05','2016-02-20 09:59:05'),
	(281,'','ตั้งครรภ์','','',0,1,1,53,277,'2016-02-20 09:59:05','2016-02-20 09:59:05'),
	(282,'','ขายบริการทางเพศ','','',0,1,1,53,277,'2016-02-20 09:59:05','2016-02-20 09:59:05'),
	(283,'','มีการมั่วสุมทางเพศ','','',0,1,1,53,277,'2016-02-20 09:59:05','2016-02-20 09:59:05'),
	(284,'','หมกมุ่นในการใช้เครื่องมือสื่อสารที่เกี่ยวข้องทางเพศ','','',0,1,1,53,277,'2016-02-20 09:59:05','2016-02-20 09:59:05'),
	(285,'','ปกติ','','',0,0,1,54,NULL,'2016-02-20 10:03:05','2016-02-20 10:03:05'),
	(286,'','เสี่ยง','','',1,1,1,54,NULL,'2016-02-20 10:03:05','2016-03-05 10:38:28'),
	(287,'','เล่นเกมเกินวันละ 1 ชั่วโมง','','',0,1,1,54,286,'2016-02-20 10:03:05','2016-02-20 10:03:05'),
	(288,'','ขาดจินตนาการและความคิดสร้างสรรค์','','',0,1,1,54,286,'2016-02-20 10:03:05','2016-02-20 10:03:05'),
	(289,'','เก็บตัว แยกตัวจากกลุ่มเพื่อน','','',0,1,1,54,286,'2016-02-20 10:03:05','2016-02-20 10:03:05'),
	(290,'','ใช้จ่ายเงินผิดปกติ','','',0,1,1,54,286,'2016-02-20 10:03:05','2016-02-20 10:03:05'),
	(291,'','อยู่ในกลุ่มเพื่อนเล่นเกม','','',0,1,1,54,286,'2016-02-20 10:03:05','2016-02-20 10:03:05'),
	(292,'','ร้านเกมอยู่ใกล้บ้านหรือโรงเรียน','','',0,1,1,54,286,'2016-02-20 10:03:05','2016-02-20 10:03:05'),
	(293,'','มีปัญหา','','',2,1,1,54,NULL,'2016-02-20 10:03:05','2016-03-05 10:38:28'),
	(294,'','ใช้เวลาเล่นเกมเกิน 2 ชั่วโมงต่อวัน','','',0,1,1,54,293,'2016-02-20 10:03:05','2016-02-20 10:03:05'),
	(295,'','หงุดหงิด ฉุนเฉียว อารมณ์รุนแรง','','',0,1,1,54,293,'2016-02-20 10:03:05','2016-02-20 10:03:05'),
	(296,'','บุคลิกภาพผิดไปจากเดิม','','',0,1,1,54,293,'2016-02-20 10:03:05','2016-02-20 10:03:05'),
	(297,'','ขาดความรับผิดชอบ','','',0,1,1,54,293,'2016-02-20 10:03:05','2016-02-20 10:03:05'),
	(298,'','หมกมุ่น จริงจังในการเล่นเกม','','',0,1,1,54,293,'2016-02-20 10:03:05','2016-02-20 10:03:05'),
	(299,'','ใช้เงินสิ้นเปลือง โกหก ลักขโมยเงินเพื่อเล่นเกม','','',0,1,1,54,293,'2016-02-20 10:03:05','2016-02-20 10:03:05'),
	(300,'','มีความบกพร่องทางการเห็น','','',0,1,1,55,NULL,'2016-02-20 10:06:27','2016-02-20 10:06:27'),
	(301,'','มีความบกพร่องทางการได้ยิน','','',0,1,1,55,NULL,'2016-02-20 10:06:27','2016-02-20 10:06:27'),
	(302,'','มีความบกพร่องทางสติปัญญา','','',0,1,1,55,NULL,'2016-02-20 10:06:27','2016-02-20 10:06:27'),
	(303,'','มีความบกพร่องทางร่างกายและสุขภาพ','','',0,1,1,55,NULL,'2016-02-20 10:06:27','2016-02-20 10:06:27'),
	(304,'','มีความบกพร่องทางการเรียนรู้','','',0,1,1,55,NULL,'2016-02-20 10:06:27','2016-02-20 10:06:27'),
	(305,'','มีความบกพร่องทางพฤติกรรมหรืออารมณ์','','',0,1,1,55,NULL,'2016-02-20 10:06:27','2016-02-20 10:06:27'),
	(306,'','มีความบกพร่องทางการพูดและภาษา','','',0,1,1,55,NULL,'2016-02-20 10:06:27','2016-02-20 10:06:27'),
	(307,'','ออทิสติก','','',0,1,1,55,NULL,'2016-02-20 10:06:27','2016-02-20 10:06:27'),
	(308,'','มีสมาธิสั้น','','',0,1,1,55,NULL,'2016-02-20 10:06:27','2016-02-20 10:06:27'),
	(309,'','พิการซ้ำซ้อน (มีความบกพร่องตั้งแต่ 2 ประเภทขึ้นไป)','','',0,1,1,55,NULL,'2016-02-20 10:06:27','2016-02-20 10:06:27'),
	(310,'','อื่นๆ (ระบุ)','','',0,1,1,55,NULL,'2016-02-20 10:06:27','2016-02-20 10:06:27'),
	(333,'','ปกติ','','',0,0,1,56,NULL,'2016-02-20 10:36:58','2016-02-20 10:36:58'),
	(334,'','เสี่ยง','','',1,1,1,56,NULL,'2016-02-20 10:36:58','2016-03-05 10:38:29'),
	(335,'','เคยใช้โทรศัพท์มือถือในระหว่างการเรียนการสอนโดยไม่จำเป็น','','',0,1,1,56,334,'2016-02-20 10:36:58','2016-02-20 10:36:58'),
	(336,'','เข้าใช้ MSN, Facebook, Twitter หรือ Chat เกินวันละ 1 ชั่วโมง','','',0,1,1,56,334,'2016-02-20 10:36:58','2016-02-20 10:36:58'),
	(337,'','มีปัญหา','','',2,1,1,56,NULL,'2016-02-20 10:36:58','2016-03-05 10:38:29'),
	(338,'','ใช้โทรศัพท์มือถือในระหว่างการเรียนการสอน 2-3 ครั้ง/วัน','','',0,1,1,56,337,'2016-02-20 10:36:58','2016-02-20 10:36:58'),
	(339,'','เข้าใช้ MSN, Facebook, Twitter หรือ Chat เกินวันละ 2 ชั่วโมง','','',0,1,1,56,337,'2016-02-20 10:36:58','2016-02-20 10:36:58'),
	(340,'','เคย','','',3,0,1,44,NULL,'2016-03-13 07:09:38','2016-03-13 07:09:38'),
	(341,'','ไม่จริง','','',0,0,1,57,NULL,'2016-05-22 11:08:41','2016-05-23 16:03:37'),
	(342,'','ค่อนข้างจริง','','',1,0,1,57,NULL,'2016-05-23 16:03:38','2016-05-23 16:03:38'),
	(343,'','จริง','','',2,0,1,57,NULL,'2016-05-23 16:03:38','2016-05-23 16:03:38'),
	(344,'','ไม่จริง','','',0,0,1,58,NULL,'2016-05-23 16:11:21','2016-05-23 16:11:21'),
	(345,'','ค่อนข้างจริง','','',1,0,1,58,NULL,'2016-05-23 16:11:21','2016-05-23 16:11:21'),
	(346,'','จริง','','',2,0,1,58,NULL,'2016-05-23 16:11:21','2016-05-23 16:11:21'),
	(347,'','ไม่จริง','','',0,0,1,59,NULL,'2016-05-23 16:11:21','2016-05-23 16:11:21'),
	(348,'','ค่อนข้างจริง','','',1,0,1,59,NULL,'2016-05-23 16:11:21','2016-05-23 16:11:21'),
	(349,'','จริง','','',2,0,1,59,NULL,'2016-05-23 16:11:21','2016-05-23 16:11:21'),
	(350,'','ไม่จริง','','',0,0,1,60,NULL,'2016-05-23 16:11:21','2016-05-23 16:11:21'),
	(351,'','ค่อนข้างจริง','','',1,0,1,60,NULL,'2016-05-23 16:11:21','2016-05-23 16:11:21'),
	(352,'','จริง','','',2,0,1,60,NULL,'2016-05-23 16:11:21','2016-05-23 16:11:21'),
	(353,'','ไม่จริง','','',0,0,1,61,NULL,'2016-05-23 16:11:21','2016-05-23 16:11:21'),
	(354,'','ค่อนข้างจริง','','',1,0,1,61,NULL,'2016-05-23 16:11:21','2016-05-23 16:11:21'),
	(355,'','จริง','','',2,0,1,61,NULL,'2016-05-23 16:11:21','2016-05-23 16:11:21'),
	(356,'','ไม่จริง','','',0,0,1,62,NULL,'2016-05-23 16:11:21','2016-05-23 16:11:21'),
	(357,'','ค่อนข้างจริง','','',1,0,1,62,NULL,'2016-05-23 16:11:21','2016-05-23 16:11:21'),
	(358,'','จริง','','',2,0,1,62,NULL,'2016-05-23 16:11:21','2016-05-23 16:11:21'),
	(359,'','ไม่จริง','','',2,0,1,63,NULL,'2016-05-23 16:11:21','2016-05-28 09:37:45'),
	(360,'','ค่อนข้างจริง','','',1,0,1,63,NULL,'2016-05-23 16:11:21','2016-05-23 16:11:21'),
	(361,'','จริง','','',0,0,1,63,NULL,'2016-05-23 16:11:21','2016-05-28 09:37:45'),
	(362,'','ไม่จริง','','',0,0,1,64,NULL,'2016-05-23 16:11:21','2016-05-23 16:11:21'),
	(363,'','ค่อนข้างจริง','','',1,0,1,64,NULL,'2016-05-23 16:11:21','2016-05-23 16:11:21'),
	(364,'','จริง','','',2,0,1,64,NULL,'2016-05-23 16:11:21','2016-05-23 16:11:21'),
	(365,'','ไม่จริง','','',0,0,1,65,NULL,'2016-05-23 16:11:21','2016-05-23 16:11:21'),
	(366,'','ค่อนข้างจริง','','',1,0,1,65,NULL,'2016-05-23 16:11:21','2016-05-23 16:11:21'),
	(367,'','จริง','','',2,0,1,65,NULL,'2016-05-23 16:11:21','2016-05-23 16:11:21'),
	(368,'','ไม่จริง','','',0,0,1,66,NULL,'2016-05-23 16:11:21','2016-05-23 16:11:21'),
	(369,'','ค่อนข้างจริง','','',1,0,1,66,NULL,'2016-05-23 16:11:21','2016-05-23 16:11:21'),
	(370,'','จริง','','',2,0,1,66,NULL,'2016-05-23 16:11:21','2016-05-23 16:11:21'),
	(371,'','ไม่จริง','','',2,0,1,67,NULL,'2016-05-23 16:11:21','2016-05-28 09:37:45'),
	(372,'','ค่อนข้างจริง','','',1,0,1,67,NULL,'2016-05-23 16:11:21','2016-05-23 16:11:21'),
	(373,'','จริง','','',0,0,1,67,NULL,'2016-05-23 16:11:21','2016-05-28 09:37:45'),
	(374,'','ไม่จริง','','',0,0,1,68,NULL,'2016-05-23 16:11:21','2016-05-23 16:11:21'),
	(375,'','ค่อนข้างจริง','','',1,0,1,68,NULL,'2016-05-23 16:11:21','2016-05-23 16:11:21'),
	(376,'','จริง','','',2,0,1,68,NULL,'2016-05-23 16:11:21','2016-05-23 16:11:21'),
	(377,'','ไม่จริง','','',0,0,1,69,NULL,'2016-05-23 16:11:21','2016-05-23 16:11:21'),
	(378,'','ค่อนข้างจริง','','',1,0,1,69,NULL,'2016-05-23 16:11:21','2016-05-23 16:11:21'),
	(379,'','จริง','','',2,0,1,69,NULL,'2016-05-23 16:11:21','2016-05-23 16:11:21'),
	(380,'','ไม่จริง','','',2,0,1,70,NULL,'2016-05-23 16:11:21','2016-05-28 09:37:45'),
	(381,'','ค่อนข้างจริง','','',1,0,1,70,NULL,'2016-05-23 16:11:21','2016-05-23 16:11:21'),
	(382,'','จริง','','',0,0,1,70,NULL,'2016-05-23 16:11:21','2016-05-28 09:37:45'),
	(383,'','ไม่จริง','','',0,0,1,71,NULL,'2016-05-23 16:11:21','2016-05-23 16:11:21'),
	(384,'','ค่อนข้างจริง','','',1,0,1,71,NULL,'2016-05-23 16:11:21','2016-05-23 16:11:21'),
	(385,'','จริง','','',2,0,1,71,NULL,'2016-05-23 16:11:21','2016-05-23 16:11:21'),
	(386,'','ไม่จริง','','',0,0,1,72,NULL,'2016-05-23 16:11:21','2016-05-23 16:11:21'),
	(387,'','ค่อนข้างจริง','','',1,0,1,72,NULL,'2016-05-23 16:11:21','2016-05-23 16:11:21'),
	(388,'','จริง','','',2,0,1,72,NULL,'2016-05-23 16:11:21','2016-05-23 16:11:21'),
	(389,'','ไม่จริง','','',0,0,1,73,NULL,'2016-05-23 16:11:21','2016-05-23 16:11:21'),
	(390,'','ค่อนข้างจริง','','',1,0,1,73,NULL,'2016-05-23 16:11:21','2016-05-23 16:11:21'),
	(391,'','จริง','','',2,0,1,73,NULL,'2016-05-23 16:11:21','2016-05-23 16:11:21'),
	(392,'','ไม่จริง','','',0,0,1,74,NULL,'2016-05-23 16:11:21','2016-05-23 16:11:21'),
	(393,'','ค่อนข้างจริง','','',1,0,1,74,NULL,'2016-05-23 16:11:21','2016-05-23 16:11:21'),
	(394,'','จริง','','',2,0,1,74,NULL,'2016-05-23 16:11:21','2016-05-23 16:11:21'),
	(395,'','ไม่จริง','','',0,0,1,75,NULL,'2016-05-23 16:11:21','2016-05-23 16:11:21'),
	(396,'','ค่อนข้างจริง','','',1,0,1,75,NULL,'2016-05-23 16:11:21','2016-05-23 16:11:21'),
	(397,'','จริง','','',2,0,1,75,NULL,'2016-05-23 16:11:21','2016-05-23 16:11:21'),
	(398,'','ไม่จริง','','',0,0,1,76,NULL,'2016-05-23 16:11:21','2016-05-23 16:11:21'),
	(399,'','ค่อนข้างจริง','','',1,0,1,76,NULL,'2016-05-23 16:11:21','2016-05-23 16:11:21'),
	(400,'','จริง','','',2,0,1,76,NULL,'2016-05-23 16:11:21','2016-05-23 16:11:21'),
	(401,'','ไม่จริง','','',2,0,1,77,NULL,'2016-05-23 16:11:21','2016-05-28 09:37:45'),
	(402,'','ค่อนข้างจริง','','',1,0,1,77,NULL,'2016-05-23 16:11:21','2016-05-23 16:11:21'),
	(403,'','จริง','','',0,0,1,77,NULL,'2016-05-23 16:11:21','2016-05-28 09:37:45'),
	(404,'','ไม่จริง','','',0,0,1,78,NULL,'2016-05-23 16:11:21','2016-05-23 16:11:21'),
	(405,'','ค่อนข้างจริง','','',1,0,1,78,NULL,'2016-05-23 16:11:21','2016-05-23 16:11:21'),
	(406,'','จริง','','',2,0,1,78,NULL,'2016-05-23 16:11:21','2016-05-23 16:11:21'),
	(407,'','ไม่จริง','','',0,0,1,79,NULL,'2016-05-23 16:11:21','2016-05-23 16:11:21'),
	(408,'','ค่อนข้างจริง','','',1,0,1,79,NULL,'2016-05-23 16:11:21','2016-05-23 16:11:21'),
	(409,'','จริง','','',2,0,1,79,NULL,'2016-05-23 16:11:21','2016-05-23 16:11:21'),
	(410,'','ไม่จริง','','',0,0,1,80,NULL,'2016-05-23 16:11:21','2016-05-23 16:11:21'),
	(411,'','ค่อนข้างจริง','','',1,0,1,80,NULL,'2016-05-23 16:11:21','2016-05-23 16:11:21'),
	(412,'','จริง','','',2,0,1,80,NULL,'2016-05-23 16:11:21','2016-05-23 16:11:21'),
	(413,'','ไม่จริง','','',2,0,1,81,NULL,'2016-05-23 16:11:21','2016-05-28 09:37:46'),
	(414,'','ค่อนข้างจริง','','',1,0,1,81,NULL,'2016-05-23 16:11:21','2016-05-23 16:11:21'),
	(415,'','จริง','','',0,0,1,81,NULL,'2016-05-23 16:11:21','2016-05-28 09:37:46'),
	(416,'','','','',0,1,1,82,NULL,'2016-05-23 16:41:44','2016-05-23 16:55:43'),
	(417,'','ไม่','','',0,2,1,83,NULL,'2016-05-23 17:30:19','2016-05-23 17:30:19'),
	(418,'','ใช่ มีปัญหาเล็กน้อย','','',1,3,1,83,NULL,'2016-05-23 17:30:19','2016-05-23 17:30:19'),
	(419,'','ใช่ มีปัญหาชัดเจน','','',1,3,1,83,NULL,'2016-05-23 17:30:19','2016-05-23 17:30:19'),
	(420,'','ใช่ มีปัญหาอย่างมาก','','',1,3,1,83,NULL,'2016-05-23 17:30:19','2016-05-23 17:30:19'),
	(421,'','น้อยกว่า 1 เดือน','','',0,0,1,86,NULL,'2016-05-23 17:30:19','2016-05-23 17:30:19'),
	(422,'','1 - 5 เดือน','','',0,0,1,86,NULL,'2016-05-23 17:30:19','2016-05-23 17:30:19'),
	(423,'','6 - 12 เดือน','','',0,0,1,86,NULL,'2016-05-23 17:30:19','2016-05-23 17:30:19'),
	(424,'','มากกว่า 1 ปี','','',0,0,1,86,NULL,'2016-05-23 17:30:19','2016-05-23 17:30:19'),
	(425,'','ไม่เลย','','',0,0,1,87,NULL,'2016-05-23 17:36:44','2016-05-23 17:36:44'),
	(426,'','เล็กน้อย','','',0,0,1,87,NULL,'2016-05-23 17:36:44','2016-05-23 17:36:44'),
	(427,'','ค่อนข้างมาก','','',1,0,1,87,NULL,'2016-05-23 17:36:44','2016-05-23 17:36:44'),
	(428,'','มาก','','',2,0,1,87,NULL,'2016-05-23 17:36:44','2016-05-23 17:36:44'),
	(429,'','ความเป็นอยู่ที่บ้าน','','',0,0,1,88,NULL,'2016-05-23 17:36:44','2016-05-23 17:36:44'),
	(430,'','ไม่','','',0,0,1,88,429,'2016-05-23 17:36:44','2016-05-23 17:36:44'),
	(431,'','เล็กน้อย','','',0,0,1,88,429,'2016-05-23 17:36:44','2016-05-23 17:36:44'),
	(432,'','ค่อนข้างมาก','','',1,0,1,88,429,'2016-05-23 17:36:44','2016-05-23 17:36:44'),
	(433,'','มาก','','',2,0,1,88,429,'2016-05-23 17:36:44','2016-05-23 17:36:44'),
	(437,'','การคบเพื่อน','','',0,0,1,88,NULL,'2016-05-23 17:38:51','2016-05-23 17:38:51'),
	(438,'','ไม่','','',0,0,1,88,437,'2016-05-23 17:38:51','2016-05-23 17:38:51'),
	(439,'','เล็กน้อย','','',0,0,1,88,437,'2016-05-23 17:38:51','2016-05-23 17:38:51'),
	(440,'','ค่อนข้างมาก','','',1,0,1,88,437,'2016-05-23 17:38:51','2016-05-23 17:38:51'),
	(441,'','มาก','','',2,0,1,88,437,'2016-05-23 17:38:51','2016-05-23 17:38:51'),
	(442,'','การเรียนในห้องเรียน','','',0,0,1,88,NULL,'2016-05-23 17:38:51','2016-05-23 17:38:51'),
	(443,'','ไม่','','',0,0,1,88,442,'2016-05-23 17:38:51','2016-05-23 17:38:51'),
	(444,'','เล็กน้อย','','',0,0,1,88,442,'2016-05-23 17:38:51','2016-05-23 17:38:51'),
	(445,'','ค่อนข้างมาก','','',1,0,1,88,442,'2016-05-23 17:38:51','2016-05-23 17:38:51'),
	(446,'','มาก','','',2,0,1,88,442,'2016-05-23 17:38:51','2016-05-23 17:38:51'),
	(447,'','กิจกรรมยามว่าง','','',0,0,1,88,NULL,'2016-05-23 17:38:51','2016-05-23 17:38:51'),
	(448,'','ไม่','','',0,0,1,88,447,'2016-05-23 17:38:51','2016-05-23 17:38:51'),
	(449,'','เล็กน้อย','','',0,0,1,88,447,'2016-05-23 17:38:51','2016-05-23 17:38:51'),
	(450,'','ค่อนข้างมาก','','',1,0,1,88,447,'2016-05-23 17:38:51','2016-05-23 17:38:51'),
	(451,'','มาก','','',2,0,1,88,447,'2016-05-23 17:38:51','2016-05-23 17:38:51'),
	(452,'','ไม่เลย','','',0,0,1,89,NULL,'2016-05-23 17:42:12','2016-05-23 17:42:12'),
	(453,'','เล็กน้อย','','',0,0,1,89,NULL,'2016-05-23 17:42:12','2016-05-23 17:42:12'),
	(454,'','ค่อนข้างมาก','','',1,0,1,89,NULL,'2016-05-23 17:42:12','2016-05-23 17:42:12'),
	(455,'','มาก','','',2,0,1,89,NULL,'2016-05-23 17:42:12','2016-05-23 17:42:12');

/*!40000 ALTER TABLE `choices` ENABLE KEYS */;
UNLOCK TABLES;


# Dump of table criteria
# ------------------------------------------------------------

DROP TABLE IF EXISTS `criteria`;

CREATE TABLE `criteria` (
  `id` int(10) unsigned NOT NULL AUTO_INCREMENT,
  `label` varchar(64) COLLATE utf8_unicode_ci NOT NULL,
  `from` int(11) NOT NULL,
  `to` int(11) NOT NULL,
  `questionaireID` int(10) unsigned DEFAULT NULL,
  `groupID` int(10) unsigned DEFAULT NULL,
  `created_at` timestamp NOT NULL DEFAULT '0000-00-00 00:00:00',
  `updated_at` timestamp NOT NULL DEFAULT '0000-00-00 00:00:00',
  PRIMARY KEY (`id`),
  KEY `criteria_questionaireid_foreign` (`questionaireID`),
  CONSTRAINT `criteria_questionaireid_foreign` FOREIGN KEY (`questionaireID`) REFERENCES `questionaires` (`id`) ON DELETE CASCADE
) ENGINE=InnoDB DEFAULT CHARSET=utf8 COLLATE=utf8_unicode_ci;

LOCK TABLES `criteria` WRITE;
/*!40000 ALTER TABLE `criteria` DISABLE KEYS */;

INSERT INTO `criteria` (`id`, `label`, `from`, `to`, `questionaireID`, `groupID`, `created_at`, `updated_at`)
VALUES
	(1,'ปกติ',0,0,34,NULL,'2016-02-20 05:21:16','2016-02-20 05:21:16'),
	(2,'เสี่ยง',1,15,34,NULL,'2016-02-20 05:21:17','2016-02-20 05:21:17'),
	(3,'มีปัญหา',16,30,34,NULL,'2016-02-20 05:21:17','2016-02-20 05:21:17'),
	(8,'ต่ำกว่าปกติ',0,5,32,NULL,'2016-03-13 06:56:15','2016-03-13 06:56:15'),
	(9,'ปกติ',6,17,32,NULL,'2016-03-13 06:56:15','2016-03-13 06:56:15'),
	(10,'สูงกว่าปกติ',18,25,32,NULL,'2016-03-13 06:56:15','2016-03-13 06:56:15'),
	(11,'สูงกว่าปกติปานกลาง',26,29,32,NULL,'2016-03-13 06:56:15','2016-03-13 06:56:15'),
	(12,'สูงกว่าปกติมาก',30,60,32,NULL,'2016-03-13 06:56:15','2016-03-13 06:56:15'),
	(13,'ไม่มีภาวะซึมเศร้า',0,24,33,NULL,'2016-03-13 07:00:44','2016-03-13 07:00:44'),
	(14,'อาจมีภาวะซึมเศร้า',25,29,33,NULL,'2016-03-13 07:00:44','2016-03-13 07:00:44'),
	(15,'ซึมเศร้ารุนแรง',30,60,33,NULL,'2016-03-13 07:00:44','2016-03-13 07:00:44'),
	(18,'ปกติ',0,16,35,NULL,'2016-05-22 11:08:41','2016-05-22 11:12:22'),
	(19,'เสี่ยง',17,18,35,NULL,'2016-05-22 11:12:22','2016-05-22 11:12:22'),
	(20,'มีปัญหา',19,40,35,NULL,'2016-05-22 11:12:22','2016-05-22 11:12:22'),
	(24,'ปกติ',0,3,35,5,'2016-05-28 07:52:27','2016-05-28 07:52:27'),
	(25,'เสี่ยง',4,4,35,5,'2016-05-28 07:52:32','2016-05-28 07:52:32'),
	(26,'มีปัญหา',5,10,35,5,'2016-05-28 07:52:38','2016-05-28 07:52:38'),
	(27,'ปกติ',0,5,35,4,'2016-05-28 07:53:24','2016-05-28 07:53:24'),
	(29,'เสี่ยง',6,6,35,4,'2016-05-28 07:53:34','2016-05-28 07:53:34'),
	(30,'มีปัญหา',7,10,35,4,'2016-05-28 07:53:40','2016-05-28 07:53:40'),
	(34,'ปกติ',0,4,35,3,'2016-05-28 07:54:49','2016-05-28 07:54:49'),
	(35,'เสี่ยง',5,5,35,3,'2016-05-28 07:54:57','2016-05-28 07:54:57'),
	(36,'มีปัญหา',6,10,35,3,'2016-05-28 07:55:02','2016-05-28 07:55:02'),
	(37,'ปกติ',0,5,35,1,'2016-05-28 07:56:28','2016-05-28 07:56:28'),
	(38,'เสี่ยง',6,6,35,1,'2016-05-28 07:56:36','2016-05-28 07:56:36'),
	(39,'มีปัญหา',7,10,35,1,'2016-05-28 07:56:42','2016-05-28 07:56:42'),
	(40,'เป็นจุดแข็ง',4,10,35,6,'2016-05-28 11:40:23','2016-05-28 11:40:23'),
	(42,'ไม่มีจุดแข็ง',0,3,35,6,'2016-05-28 11:40:54','2016-05-28 11:40:54');

/*!40000 ALTER TABLE `criteria` ENABLE KEYS */;
UNLOCK TABLES;


# Dump of table migrations
# ------------------------------------------------------------

DROP TABLE IF EXISTS `migrations`;

CREATE TABLE `migrations` (
  `migration` varchar(255) COLLATE utf8_unicode_ci NOT NULL,
  `batch` int(11) NOT NULL
) ENGINE=InnoDB DEFAULT CHARSET=utf8 COLLATE=utf8_unicode_ci;

LOCK TABLES `migrations` WRITE;
/*!40000 ALTER TABLE `migrations` DISABLE KEYS */;

INSERT INTO `migrations` (`migration`, `batch`)
VALUES
	('2014_10_12_000000_create_users_table',1),
	('2014_10_12_100000_create_password_resets_table',1),
	('2016_01_08_165032_create_questionaires_table',1),
	('2016_01_08_165037_create_questions_table',1),
	('2016_01_08_165038_create_choices_table',1),
	('2016_01_08_165434_create_participants_table',1),
	('2016_01_08_165711_create_questionaire_results_table',1),
	('2016_01_08_165722_create_participant_answers_table',1),
	('2016_01_09_141743_create_criteria_table',1),
	('2016_01_16_065657_add_questionaire_header_and_relation',1),
	('2016_01_23_064753_create_question_metas_table',1),
	('2016_01_23_072147_choice_disability',1),
	('2016_02_20_052647_filter_form_data_model',2),
	('2016_02_20_085637_create_additional_inputs_table',2),
	('2016_03_05_100024_create_answer_additional_inputs_table',3),
	('2016_03_12_151153_migrate_to_annual_system',4),
	('2016_05_06_114155_create_settings_table',5),
	('2016_05_20_162027_create_question_groups_table',5),
	('2016_05_28_114259_add_group_label',6);

/*!40000 ALTER TABLE `migrations` ENABLE KEYS */;
UNLOCK TABLES;


# Dump of table participant_answers
# ------------------------------------------------------------

DROP TABLE IF EXISTS `participant_answers`;

CREATE TABLE `participant_answers` (
  `id` int(10) unsigned NOT NULL AUTO_INCREMENT,
  `participantID` int(10) unsigned NOT NULL,
  `questionaireID` int(10) unsigned NOT NULL,
  `questionID` int(10) unsigned NOT NULL,
  `choiceID` int(10) unsigned NOT NULL,
  `created_at` timestamp NULL DEFAULT NULL,
  `updated_at` timestamp NULL DEFAULT NULL,
  `academicYear` int(11) NOT NULL,
  PRIMARY KEY (`id`),
  KEY `participant_answers_participantid_foreign` (`participantID`),
  KEY `participant_answers_questionaireid_foreign` (`questionaireID`),
  KEY `participant_answers_questionid_foreign` (`questionID`),
  KEY `participant_answers_choiceid_foreign` (`choiceID`),
  CONSTRAINT `participant_answers_choiceid_foreign` FOREIGN KEY (`choiceID`) REFERENCES `choices` (`id`) ON DELETE CASCADE,
  CONSTRAINT `participant_answers_questionaireid_foreign` FOREIGN KEY (`questionaireID`) REFERENCES `questionaires` (`id`) ON DELETE CASCADE,
  CONSTRAINT `participant_answers_questionid_foreign` FOREIGN KEY (`questionID`) REFERENCES `questions` (`id`) ON DELETE CASCADE
) ENGINE=InnoDB DEFAULT CHARSET=utf8 COLLATE=utf8_unicode_ci;

LOCK TABLES `participant_answers` WRITE;
/*!40000 ALTER TABLE `participant_answers` DISABLE KEYS */;

INSERT INTO `participant_answers` (`id`, `participantID`, `questionaireID`, `questionID`, `choiceID`, `created_at`, `updated_at`, `academicYear`)
VALUES
	(1,1007,35,57,342,'2016-08-08 05:41:17','2016-08-08 05:41:17',2559),
	(2,1007,35,58,345,'2016-08-08 05:41:17','2016-08-08 05:41:17',2559),
	(3,1007,35,59,347,'2016-08-08 05:41:17','2016-08-08 05:41:17',2559),
	(4,1007,35,60,352,'2016-08-08 05:41:17','2016-08-08 05:41:17',2559),
	(5,1007,35,61,353,'2016-08-08 05:41:17','2016-08-08 05:41:17',2559),
	(6,1007,35,62,356,'2016-08-08 05:41:17','2016-08-08 05:41:17',2559),
	(7,1007,35,63,359,'2016-08-08 05:41:17','2016-08-08 05:41:17',2559),
	(8,1007,35,64,362,'2016-08-08 05:41:17','2016-08-08 05:41:17',2559),
	(9,1007,35,65,366,'2016-08-08 05:41:17','2016-08-08 05:41:17',2559),
	(10,1007,35,66,368,'2016-08-08 05:41:17','2016-08-08 05:41:17',2559),
	(11,1007,35,67,373,'2016-08-08 05:41:17','2016-08-08 05:41:17',2559),
	(12,1007,35,68,374,'2016-08-08 05:41:17','2016-08-08 05:41:17',2559),
	(13,1007,35,69,377,'2016-08-08 05:41:17','2016-08-08 05:41:17',2559),
	(14,1007,35,70,381,'2016-08-08 05:41:17','2016-08-08 05:41:17',2559),
	(15,1007,35,71,383,'2016-08-08 05:41:17','2016-08-08 05:41:17',2559),
	(16,1007,35,72,386,'2016-08-08 05:41:17','2016-08-08 05:41:17',2559),
	(17,1007,35,73,390,'2016-08-08 05:41:17','2016-08-08 05:41:17',2559),
	(18,1007,35,74,392,'2016-08-08 05:41:17','2016-08-08 05:41:17',2559),
	(19,1007,35,75,395,'2016-08-08 05:41:17','2016-08-08 05:41:17',2559),
	(20,1007,35,76,400,'2016-08-08 05:41:17','2016-08-08 05:41:17',2559),
	(21,1007,35,77,403,'2016-08-08 05:41:17','2016-08-08 05:41:17',2559),
	(22,1007,35,78,404,'2016-08-08 05:41:17','2016-08-08 05:41:17',2559),
	(23,1007,35,79,407,'2016-08-08 05:41:17','2016-08-08 05:41:17',2559),
	(24,1007,35,80,410,'2016-08-08 05:41:17','2016-08-08 05:41:17',2559),
	(25,1007,35,81,415,'2016-08-08 05:41:17','2016-08-08 05:41:17',2559),
	(26,1007,35,82,416,'2016-08-08 05:41:17','2016-08-08 05:41:17',2559),
	(27,1007,35,83,417,'2016-08-08 05:41:17','2016-08-08 05:41:17',2559),
	(28,1007,35,86,421,'2016-08-08 05:41:17','2016-08-08 05:41:17',2559),
	(29,1007,35,87,425,'2016-08-08 05:41:18','2016-08-08 05:41:18',2559),
	(30,1007,35,88,448,'2016-08-08 05:41:18','2016-08-08 05:41:18',2559),
	(31,1007,35,88,443,'2016-08-08 05:41:18','2016-08-08 05:41:18',2559),
	(32,1007,35,88,438,'2016-08-08 05:41:18','2016-08-08 05:41:18',2559),
	(33,1007,35,88,430,'2016-08-08 05:41:18','2016-08-08 05:41:18',2559),
	(34,1007,35,89,452,'2016-08-08 05:41:18','2016-08-08 05:41:18',2559),
	(55,1008,33,24,84,'2016-08-08 05:44:34','2016-08-08 05:44:34',2559),
	(56,1008,33,26,89,'2016-08-08 05:44:34','2016-08-08 05:44:34',2559),
	(57,1008,33,27,90,'2016-08-08 05:44:34','2016-08-08 05:44:34',2559),
	(58,1008,33,28,97,'2016-08-08 05:44:34','2016-08-08 05:44:34',2559),
	(59,1008,33,29,98,'2016-08-08 05:44:34','2016-08-08 05:44:34',2559),
	(60,1008,33,30,105,'2016-08-08 05:44:34','2016-08-08 05:44:34',2559),
	(61,1008,33,31,106,'2016-08-08 05:44:34','2016-08-08 05:44:34',2559),
	(62,1008,33,32,113,'2016-08-08 05:44:34','2016-08-08 05:44:34',2559),
	(63,1008,33,33,117,'2016-08-08 05:44:34','2016-08-08 05:44:34',2559),
	(64,1008,33,34,118,'2016-08-08 05:44:34','2016-08-08 05:44:34',2559),
	(65,1008,33,35,122,'2016-08-08 05:44:34','2016-08-08 05:44:34',2559),
	(66,1008,33,36,126,'2016-08-08 05:44:34','2016-08-08 05:44:34',2559),
	(67,1008,33,37,130,'2016-08-08 05:44:34','2016-08-08 05:44:34',2559),
	(68,1008,33,38,134,'2016-08-08 05:44:34','2016-08-08 05:44:34',2559),
	(69,1008,33,39,141,'2016-08-08 05:44:34','2016-08-08 05:44:34',2559),
	(70,1008,33,40,142,'2016-08-08 05:44:34','2016-08-08 05:44:34',2559),
	(71,1008,33,41,146,'2016-08-08 05:44:34','2016-08-08 05:44:34',2559),
	(72,1008,33,42,150,'2016-08-08 05:44:34','2016-08-08 05:44:34',2559),
	(73,1008,33,43,154,'2016-08-08 05:44:34','2016-08-08 05:44:34',2559),
	(74,1008,33,44,340,'2016-08-08 05:44:34','2016-08-08 05:44:34',2559),
	(75,1009,35,57,343,'2016-08-08 05:46:24','2016-08-08 05:46:24',2559),
	(76,1009,35,58,344,'2016-08-08 05:46:24','2016-08-08 05:46:24',2559),
	(77,1009,35,59,347,'2016-08-08 05:46:24','2016-08-08 05:46:24',2559),
	(78,1009,35,60,351,'2016-08-08 05:46:24','2016-08-08 05:46:24',2559),
	(79,1009,35,61,354,'2016-08-08 05:46:24','2016-08-08 05:46:24',2559),
	(80,1009,35,62,356,'2016-08-08 05:46:24','2016-08-08 05:46:24',2559),
	(81,1009,35,63,360,'2016-08-08 05:46:25','2016-08-08 05:46:25',2559),
	(82,1009,35,64,363,'2016-08-08 05:46:25','2016-08-08 05:46:25',2559),
	(83,1009,35,65,365,'2016-08-08 05:46:25','2016-08-08 05:46:25',2559),
	(84,1009,35,66,368,'2016-08-08 05:46:25','2016-08-08 05:46:25',2559),
	(85,1009,35,67,373,'2016-08-08 05:46:25','2016-08-08 05:46:25',2559),
	(86,1009,35,68,374,'2016-08-08 05:46:25','2016-08-08 05:46:25',2559),
	(87,1009,35,69,377,'2016-08-08 05:46:25','2016-08-08 05:46:25',2559),
	(88,1009,35,70,381,'2016-08-08 05:46:25','2016-08-08 05:46:25',2559),
	(89,1009,35,71,383,'2016-08-08 05:46:25','2016-08-08 05:46:25',2559),
	(90,1009,35,72,387,'2016-08-08 05:46:25','2016-08-08 05:46:25',2559),
	(91,1009,35,73,391,'2016-08-08 05:46:25','2016-08-08 05:46:25',2559),
	(92,1009,35,74,392,'2016-08-08 05:46:25','2016-08-08 05:46:25',2559),
	(93,1009,35,75,395,'2016-08-08 05:46:25','2016-08-08 05:46:25',2559),
	(94,1009,35,76,399,'2016-08-08 05:46:25','2016-08-08 05:46:25',2559),
	(95,1009,35,77,403,'2016-08-08 05:46:25','2016-08-08 05:46:25',2559),
	(96,1009,35,78,404,'2016-08-08 05:46:25','2016-08-08 05:46:25',2559),
	(97,1009,35,79,407,'2016-08-08 05:46:25','2016-08-08 05:46:25',2559),
	(98,1009,35,80,411,'2016-08-08 05:46:25','2016-08-08 05:46:25',2559),
	(99,1009,35,81,415,'2016-08-08 05:46:25','2016-08-08 05:46:25',2559),
	(100,1009,35,82,416,'2016-08-08 05:46:25','2016-08-08 05:46:25',2559),
	(101,1009,35,83,418,'2016-08-08 05:46:25','2016-08-08 05:46:25',2559),
	(102,1009,35,86,424,'2016-08-08 05:46:25','2016-08-08 05:46:25',2559),
	(103,1009,35,87,426,'2016-08-08 05:46:25','2016-08-08 05:46:25',2559),
	(104,1009,35,88,449,'2016-08-08 05:46:25','2016-08-08 05:46:25',2559),
	(105,1009,35,88,444,'2016-08-08 05:46:25','2016-08-08 05:46:25',2559),
	(106,1009,35,88,439,'2016-08-08 05:46:25','2016-08-08 05:46:25',2559),
	(107,1009,35,88,430,'2016-08-08 05:46:25','2016-08-08 05:46:25',2559),
	(108,1009,35,89,452,'2016-08-08 05:46:25','2016-08-08 05:46:25',2559),
	(109,1010,35,57,343,'2016-08-08 05:49:18','2016-08-08 05:49:18',2559),
	(110,1010,35,58,345,'2016-08-08 05:49:18','2016-08-08 05:49:18',2559),
	(111,1010,35,59,347,'2016-08-08 05:49:18','2016-08-08 05:49:18',2559),
	(112,1010,35,60,351,'2016-08-08 05:49:19','2016-08-08 05:49:19',2559),
	(113,1010,35,61,354,'2016-08-08 05:49:19','2016-08-08 05:49:19',2559),
	(114,1010,35,62,356,'2016-08-08 05:49:19','2016-08-08 05:49:19',2559),
	(115,1010,35,63,360,'2016-08-08 05:49:19','2016-08-08 05:49:19',2559),
	(116,1010,35,64,364,'2016-08-08 05:49:19','2016-08-08 05:49:19',2559),
	(117,1010,35,65,366,'2016-08-08 05:49:19','2016-08-08 05:49:19',2559),
	(118,1010,35,66,368,'2016-08-08 05:49:19','2016-08-08 05:49:19',2559),
	(119,1010,35,67,372,'2016-08-08 05:49:19','2016-08-08 05:49:19',2559),
	(120,1010,35,68,374,'2016-08-08 05:49:19','2016-08-08 05:49:19',2559),
	(121,1010,35,69,377,'2016-08-08 05:49:19','2016-08-08 05:49:19',2559),
	(122,1010,35,70,382,'2016-08-08 05:49:19','2016-08-08 05:49:19',2559),
	(123,1010,35,71,383,'2016-08-08 05:49:19','2016-08-08 05:49:19',2559),
	(124,1010,35,72,388,'2016-08-08 05:49:19','2016-08-08 05:49:19',2559),
	(125,1010,35,73,390,'2016-08-08 05:49:19','2016-08-08 05:49:19',2559),
	(126,1010,35,74,392,'2016-08-08 05:49:19','2016-08-08 05:49:19',2559),
	(127,1010,35,75,395,'2016-08-08 05:49:19','2016-08-08 05:49:19',2559),
	(128,1010,35,76,399,'2016-08-08 05:49:19','2016-08-08 05:49:19',2559),
	(129,1010,35,77,402,'2016-08-08 05:49:19','2016-08-08 05:49:19',2559),
	(130,1010,35,78,404,'2016-08-08 05:49:19','2016-08-08 05:49:19',2559),
	(131,1010,35,79,407,'2016-08-08 05:49:19','2016-08-08 05:49:19',2559),
	(132,1010,35,80,411,'2016-08-08 05:49:19','2016-08-08 05:49:19',2559),
	(133,1010,35,81,415,'2016-08-08 05:49:19','2016-08-08 05:49:19',2559),
	(134,1010,35,82,416,'2016-08-08 05:49:19','2016-08-08 05:49:19',2559),
	(135,1010,35,83,418,'2016-08-08 05:49:19','2016-08-08 05:49:19',2559),
	(136,1010,35,86,421,'2016-08-08 05:49:19','2016-08-08 05:49:19',2559),
	(137,1010,35,87,426,'2016-08-08 05:49:19','2016-08-08 05:49:19',2559),
	(138,1010,35,88,443,'2016-08-08 05:49:19','2016-08-08 05:49:19',2559),
	(139,1010,35,88,439,'2016-08-08 05:49:19','2016-08-08 05:49:19',2559),
	(140,1010,35,88,430,'2016-08-08 05:49:19','2016-08-08 05:49:19',2559),
	(141,1010,35,89,452,'2016-08-08 05:49:19','2016-08-08 05:49:19',2559),
	(142,1011,35,57,343,'2016-08-08 05:51:12','2016-08-08 05:51:12',2559),
	(143,1011,35,58,344,'2016-08-08 05:51:12','2016-08-08 05:51:12',2559),
	(144,1011,35,59,347,'2016-08-08 05:51:12','2016-08-08 05:51:12',2559),
	(145,1011,35,60,351,'2016-08-08 05:51:12','2016-08-08 05:51:12',2559),
	(146,1011,35,61,353,'2016-08-08 05:51:12','2016-08-08 05:51:12',2559),
	(147,1011,35,62,356,'2016-08-08 05:51:12','2016-08-08 05:51:12',2559),
	(148,1011,35,63,359,'2016-08-08 05:51:12','2016-08-08 05:51:12',2559),
	(149,1011,35,64,363,'2016-08-08 05:51:12','2016-08-08 05:51:12',2559),
	(150,1011,35,65,367,'2016-08-08 05:51:12','2016-08-08 05:51:12',2559),
	(151,1011,35,66,368,'2016-08-08 05:51:12','2016-08-08 05:51:12',2559),
	(152,1011,35,67,373,'2016-08-08 05:51:12','2016-08-08 05:51:12',2559),
	(153,1011,35,68,374,'2016-08-08 05:51:12','2016-08-08 05:51:12',2559),
	(154,1011,35,69,377,'2016-08-08 05:51:12','2016-08-08 05:51:12',2559),
	(155,1011,35,70,382,'2016-08-08 05:51:12','2016-08-08 05:51:12',2559),
	(156,1011,35,71,383,'2016-08-08 05:51:12','2016-08-08 05:51:12',2559),
	(157,1011,35,72,387,'2016-08-08 05:51:13','2016-08-08 05:51:13',2559),
	(158,1011,35,73,391,'2016-08-08 05:51:13','2016-08-08 05:51:13',2559),
	(159,1011,35,74,392,'2016-08-08 05:51:13','2016-08-08 05:51:13',2559),
	(160,1011,35,75,395,'2016-08-08 05:51:13','2016-08-08 05:51:13',2559),
	(161,1011,35,76,400,'2016-08-08 05:51:13','2016-08-08 05:51:13',2559),
	(162,1011,35,77,403,'2016-08-08 05:51:13','2016-08-08 05:51:13',2559),
	(163,1011,35,78,404,'2016-08-08 05:51:13','2016-08-08 05:51:13',2559),
	(164,1011,35,79,407,'2016-08-08 05:51:13','2016-08-08 05:51:13',2559),
	(165,1011,35,80,410,'2016-08-08 05:51:13','2016-08-08 05:51:13',2559),
	(166,1011,35,81,415,'2016-08-08 05:51:13','2016-08-08 05:51:13',2559),
	(167,1011,35,82,416,'2016-08-08 05:51:13','2016-08-08 05:51:13',2559),
	(168,1011,35,83,418,'2016-08-08 05:51:13','2016-08-08 05:51:13',2559),
	(169,1011,35,86,421,'2016-08-08 05:51:13','2016-08-08 05:51:13',2559),
	(170,1011,35,87,425,'2016-08-08 05:51:13','2016-08-08 05:51:13',2559),
	(171,1011,35,88,448,'2016-08-08 05:51:13','2016-08-08 05:51:13',2559),
	(172,1011,35,88,443,'2016-08-08 05:51:13','2016-08-08 05:51:13',2559),
	(173,1011,35,88,438,'2016-08-08 05:51:13','2016-08-08 05:51:13',2559),
	(174,1011,35,88,430,'2016-08-08 05:51:13','2016-08-08 05:51:13',2559),
	(175,1011,35,89,452,'2016-08-08 05:51:13','2016-08-08 05:51:13',2559),
	(176,1012,35,57,343,'2016-08-08 05:55:01','2016-08-08 05:55:01',2559),
	(177,1012,35,58,346,'2016-08-08 05:55:01','2016-08-08 05:55:01',2559),
	(178,1012,35,59,348,'2016-08-08 05:55:01','2016-08-08 05:55:01',2559),
	(179,1012,35,60,352,'2016-08-08 05:55:01','2016-08-08 05:55:01',2559),
	(180,1012,35,61,353,'2016-08-08 05:55:01','2016-08-08 05:55:01',2559),
	(181,1012,35,62,357,'2016-08-08 05:55:01','2016-08-08 05:55:01',2559),
	(182,1012,35,63,359,'2016-08-08 05:55:01','2016-08-08 05:55:01',2559),
	(183,1012,35,64,364,'2016-08-08 05:55:01','2016-08-08 05:55:01',2559),
	(184,1012,35,65,367,'2016-08-08 05:55:01','2016-08-08 05:55:01',2559),
	(185,1012,35,66,368,'2016-08-08 05:55:01','2016-08-08 05:55:01',2559),
	(186,1012,35,67,373,'2016-08-08 05:55:01','2016-08-08 05:55:01',2559),
	(187,1012,35,68,374,'2016-08-08 05:55:01','2016-08-08 05:55:01',2559),
	(188,1012,35,69,377,'2016-08-08 05:55:02','2016-08-08 05:55:02',2559),
	(189,1012,35,70,382,'2016-08-08 05:55:02','2016-08-08 05:55:02',2559),
	(190,1012,35,71,383,'2016-08-08 05:55:02','2016-08-08 05:55:02',2559),
	(191,1012,35,72,386,'2016-08-08 05:55:02','2016-08-08 05:55:02',2559),
	(192,1012,35,73,391,'2016-08-08 05:55:02','2016-08-08 05:55:02',2559),
	(193,1012,35,74,392,'2016-08-08 05:55:02','2016-08-08 05:55:02',2559),
	(194,1012,35,75,395,'2016-08-08 05:55:02','2016-08-08 05:55:02',2559),
	(195,1012,35,76,400,'2016-08-08 05:55:02','2016-08-08 05:55:02',2559),
	(196,1012,35,77,403,'2016-08-08 05:55:02','2016-08-08 05:55:02',2559),
	(197,1012,35,78,404,'2016-08-08 05:55:02','2016-08-08 05:55:02',2559),
	(198,1012,35,79,407,'2016-08-08 05:55:02','2016-08-08 05:55:02',2559),
	(199,1012,35,80,410,'2016-08-08 05:55:02','2016-08-08 05:55:02',2559),
	(200,1012,35,81,415,'2016-08-08 05:55:02','2016-08-08 05:55:02',2559),
	(201,1012,35,82,416,'2016-08-08 05:55:02','2016-08-08 05:55:02',2559),
	(202,1012,35,83,418,'2016-08-08 05:55:02','2016-08-08 05:55:02',2559),
	(203,1012,35,86,424,'2016-08-08 05:55:02','2016-08-08 05:55:02',2559),
	(204,1012,35,87,425,'2016-08-08 05:55:02','2016-08-08 05:55:02',2559),
	(205,1012,35,88,448,'2016-08-08 05:55:02','2016-08-08 05:55:02',2559),
	(206,1012,35,88,443,'2016-08-08 05:55:02','2016-08-08 05:55:02',2559),
	(207,1012,35,88,438,'2016-08-08 05:55:02','2016-08-08 05:55:02',2559),
	(208,1012,35,88,430,'2016-08-08 05:55:02','2016-08-08 05:55:02',2559),
	(209,1012,35,89,452,'2016-08-08 05:55:02','2016-08-08 05:55:02',2559),
	(210,1013,35,57,343,'2016-08-08 12:14:20','2016-08-08 12:14:20',2559),
	(211,1013,35,58,344,'2016-08-08 12:14:20','2016-08-08 12:14:20',2559),
	(212,1013,35,59,349,'2016-08-08 12:14:20','2016-08-08 12:14:20',2559),
	(213,1013,35,60,351,'2016-08-08 12:14:20','2016-08-08 12:14:20',2559),
	(214,1013,35,61,355,'2016-08-08 12:14:20','2016-08-08 12:14:20',2559),
	(215,1013,35,62,356,'2016-08-08 12:14:20','2016-08-08 12:14:20',2559),
	(216,1013,35,63,361,'2016-08-08 12:14:20','2016-08-08 12:14:20',2559),
	(217,1013,35,64,364,'2016-08-08 12:14:20','2016-08-08 12:14:20',2559),
	(218,1013,35,65,366,'2016-08-08 12:14:20','2016-08-08 12:14:20',2559),
	(219,1013,35,66,369,'2016-08-08 12:14:20','2016-08-08 12:14:20',2559),
	(220,1013,35,67,373,'2016-08-08 12:14:20','2016-08-08 12:14:20',2559),
	(221,1013,35,68,374,'2016-08-08 12:14:20','2016-08-08 12:14:20',2559),
	(222,1013,35,69,377,'2016-08-08 12:14:20','2016-08-08 12:14:20',2559),
	(223,1013,35,70,381,'2016-08-08 12:14:20','2016-08-08 12:14:20',2559),
	(224,1013,35,71,384,'2016-08-08 12:14:20','2016-08-08 12:14:20',2559),
	(225,1013,35,72,388,'2016-08-08 12:14:20','2016-08-08 12:14:20',2559),
	(226,1013,35,73,390,'2016-08-08 12:14:20','2016-08-08 12:14:20',2559),
	(227,1013,35,74,394,'2016-08-08 12:14:20','2016-08-08 12:14:20',2559),
	(228,1013,35,75,395,'2016-08-08 12:14:20','2016-08-08 12:14:20',2559),
	(229,1013,35,76,399,'2016-08-08 12:14:21','2016-08-08 12:14:21',2559),
	(230,1013,35,77,401,'2016-08-08 12:14:21','2016-08-08 12:14:21',2559),
	(231,1013,35,78,404,'2016-08-08 12:14:21','2016-08-08 12:14:21',2559),
	(232,1013,35,79,407,'2016-08-08 12:14:21','2016-08-08 12:14:21',2559),
	(233,1013,35,80,411,'2016-08-08 12:14:21','2016-08-08 12:14:21',2559),
	(234,1013,35,81,414,'2016-08-08 12:14:21','2016-08-08 12:14:21',2559),
	(235,1013,35,82,416,'2016-08-08 12:14:21','2016-08-08 12:14:21',2559),
	(236,1013,35,83,418,'2016-08-08 12:14:21','2016-08-08 12:14:21',2559),
	(237,1013,35,86,421,'2016-08-08 12:14:21','2016-08-08 12:14:21',2559),
	(238,1013,35,87,427,'2016-08-08 12:14:21','2016-08-08 12:14:21',2559),
	(239,1013,35,88,448,'2016-08-08 12:14:21','2016-08-08 12:14:21',2559),
	(240,1013,35,88,443,'2016-08-08 12:14:21','2016-08-08 12:14:21',2559),
	(241,1013,35,88,438,'2016-08-08 12:14:21','2016-08-08 12:14:21',2559),
	(242,1013,35,88,432,'2016-08-08 12:14:21','2016-08-08 12:14:21',2559),
	(243,1013,35,89,453,'2016-08-08 12:14:21','2016-08-08 12:14:21',2559),
	(278,1014,35,57,343,'2016-08-08 12:41:44','2016-08-08 12:41:44',2559),
	(279,1014,35,58,345,'2016-08-08 12:41:44','2016-08-08 12:41:44',2559),
	(280,1014,35,59,347,'2016-08-08 12:41:44','2016-08-08 12:41:44',2559),
	(281,1014,35,60,352,'2016-08-08 12:41:44','2016-08-08 12:41:44',2559),
	(282,1014,35,61,353,'2016-08-08 12:41:44','2016-08-08 12:41:44',2559),
	(283,1014,35,62,357,'2016-08-08 12:41:44','2016-08-08 12:41:44',2559),
	(284,1014,35,63,361,'2016-08-08 12:41:44','2016-08-08 12:41:44',2559),
	(285,1014,35,64,363,'2016-08-08 12:41:44','2016-08-08 12:41:44',2559),
	(286,1014,35,65,367,'2016-08-08 12:41:44','2016-08-08 12:41:44',2559),
	(287,1014,35,66,368,'2016-08-08 12:41:44','2016-08-08 12:41:44',2559),
	(288,1014,35,67,373,'2016-08-08 12:41:44','2016-08-08 12:41:44',2559),
	(289,1014,35,68,374,'2016-08-08 12:41:44','2016-08-08 12:41:44',2559),
	(290,1014,35,69,377,'2016-08-08 12:41:44','2016-08-08 12:41:44',2559),
	(291,1014,35,70,382,'2016-08-08 12:41:44','2016-08-08 12:41:44',2559),
	(292,1014,35,71,384,'2016-08-08 12:41:44','2016-08-08 12:41:44',2559),
	(293,1014,35,72,387,'2016-08-08 12:41:45','2016-08-08 12:41:45',2559),
	(294,1014,35,73,390,'2016-08-08 12:41:45','2016-08-08 12:41:45',2559),
	(295,1014,35,74,392,'2016-08-08 12:41:45','2016-08-08 12:41:45',2559),
	(296,1014,35,75,395,'2016-08-08 12:41:45','2016-08-08 12:41:45',2559),
	(297,1014,35,76,400,'2016-08-08 12:41:45','2016-08-08 12:41:45',2559),
	(298,1014,35,77,402,'2016-08-08 12:41:45','2016-08-08 12:41:45',2559),
	(299,1014,35,78,404,'2016-08-08 12:41:45','2016-08-08 12:41:45',2559),
	(300,1014,35,79,407,'2016-08-08 12:41:45','2016-08-08 12:41:45',2559),
	(301,1014,35,80,411,'2016-08-08 12:41:45','2016-08-08 12:41:45',2559),
	(302,1014,35,81,415,'2016-08-08 12:41:45','2016-08-08 12:41:45',2559),
	(303,1014,35,82,416,'2016-08-08 12:41:45','2016-08-08 12:41:45',2559),
	(304,1014,35,83,418,'2016-08-08 12:41:45','2016-08-08 12:41:45',2559),
	(305,1014,35,86,424,'2016-08-08 12:41:45','2016-08-08 12:41:45',2559),
	(306,1014,35,87,425,'2016-08-08 12:41:45','2016-08-08 12:41:45',2559),
	(307,1014,35,88,449,'2016-08-08 12:41:45','2016-08-08 12:41:45',2559),
	(308,1014,35,88,443,'2016-08-08 12:41:45','2016-08-08 12:41:45',2559),
	(309,1014,35,88,439,'2016-08-08 12:41:45','2016-08-08 12:41:45',2559),
	(310,1014,35,88,430,'2016-08-08 12:41:45','2016-08-08 12:41:45',2559),
	(311,1014,35,89,452,'2016-08-08 12:41:45','2016-08-08 12:41:45',2559),
	(312,1015,35,57,343,'2016-08-08 13:45:36','2016-08-08 13:45:36',2559),
	(313,1015,35,58,346,'2016-08-08 13:45:36','2016-08-08 13:45:36',2559),
	(314,1015,35,59,347,'2016-08-08 13:45:36','2016-08-08 13:45:36',2559),
	(315,1015,35,60,351,'2016-08-08 13:45:36','2016-08-08 13:45:36',2559),
	(316,1015,35,61,353,'2016-08-08 13:45:36','2016-08-08 13:45:36',2559),
	(317,1015,35,62,356,'2016-08-08 13:45:36','2016-08-08 13:45:36',2559),
	(318,1015,35,63,360,'2016-08-08 13:45:36','2016-08-08 13:45:36',2559),
	(319,1015,35,64,363,'2016-08-08 13:45:36','2016-08-08 13:45:36',2559),
	(320,1015,35,65,367,'2016-08-08 13:45:36','2016-08-08 13:45:36',2559),
	(321,1015,35,66,368,'2016-08-08 13:45:36','2016-08-08 13:45:36',2559),
	(322,1015,35,67,373,'2016-08-08 13:45:36','2016-08-08 13:45:36',2559),
	(323,1015,35,68,374,'2016-08-08 13:45:36','2016-08-08 13:45:36',2559),
	(324,1015,35,69,377,'2016-08-08 13:45:36','2016-08-08 13:45:36',2559),
	(325,1015,35,70,381,'2016-08-08 13:45:36','2016-08-08 13:45:36',2559),
	(326,1015,35,71,385,'2016-08-08 13:45:36','2016-08-08 13:45:36',2559),
	(327,1015,35,72,388,'2016-08-08 13:45:36','2016-08-08 13:45:36',2559),
	(328,1015,35,73,390,'2016-08-08 13:45:36','2016-08-08 13:45:36',2559),
	(329,1015,35,74,392,'2016-08-08 13:45:36','2016-08-08 13:45:36',2559),
	(330,1015,35,75,395,'2016-08-08 13:45:36','2016-08-08 13:45:36',2559),
	(331,1015,35,76,399,'2016-08-08 13:45:36','2016-08-08 13:45:36',2559),
	(332,1015,35,77,403,'2016-08-08 13:45:36','2016-08-08 13:45:36',2559),
	(333,1015,35,78,404,'2016-08-08 13:45:36','2016-08-08 13:45:36',2559),
	(334,1015,35,79,407,'2016-08-08 13:45:36','2016-08-08 13:45:36',2559),
	(335,1015,35,80,411,'2016-08-08 13:45:36','2016-08-08 13:45:36',2559),
	(336,1015,35,81,414,'2016-08-08 13:45:37','2016-08-08 13:45:37',2559),
	(337,1015,35,82,416,'2016-08-08 13:45:37','2016-08-08 13:45:37',2559),
	(338,1015,35,83,418,'2016-08-08 13:45:37','2016-08-08 13:45:37',2559),
	(339,1015,35,86,422,'2016-08-08 13:45:37','2016-08-08 13:45:37',2559),
	(340,1015,35,87,425,'2016-08-08 13:45:37','2016-08-08 13:45:37',2559),
	(341,1015,35,88,448,'2016-08-08 13:45:37','2016-08-08 13:45:37',2559),
	(342,1015,35,88,443,'2016-08-08 13:45:37','2016-08-08 13:45:37',2559),
	(343,1015,35,88,438,'2016-08-08 13:45:37','2016-08-08 13:45:37',2559),
	(344,1015,35,88,430,'2016-08-08 13:45:37','2016-08-08 13:45:37',2559),
	(345,1015,35,89,452,'2016-08-08 13:45:37','2016-08-08 13:45:37',2559),
	(346,1015,33,24,83,'2016-08-08 13:47:52','2016-08-08 13:47:52',2559),
	(347,1015,33,26,89,'2016-08-08 13:47:52','2016-08-08 13:47:52',2559),
	(348,1015,33,27,93,'2016-08-08 13:47:52','2016-08-08 13:47:52',2559),
	(349,1015,33,28,96,'2016-08-08 13:47:52','2016-08-08 13:47:52',2559),
	(350,1015,33,29,98,'2016-08-08 13:47:52','2016-08-08 13:47:52',2559),
	(351,1015,33,30,104,'2016-08-08 13:47:52','2016-08-08 13:47:52',2559),
	(352,1015,33,31,108,'2016-08-08 13:47:52','2016-08-08 13:47:52',2559),
	(353,1015,33,32,113,'2016-08-08 13:47:52','2016-08-08 13:47:52',2559),
	(354,1015,33,33,117,'2016-08-08 13:47:52','2016-08-08 13:47:52',2559),
	(355,1015,33,34,118,'2016-08-08 13:47:52','2016-08-08 13:47:52',2559),
	(356,1015,33,35,125,'2016-08-08 13:47:52','2016-08-08 13:47:52',2559),
	(357,1015,33,36,129,'2016-08-08 13:47:52','2016-08-08 13:47:52',2559),
	(358,1015,33,37,133,'2016-08-08 13:47:52','2016-08-08 13:47:52',2559),
	(359,1015,33,38,135,'2016-08-08 13:47:52','2016-08-08 13:47:52',2559),
	(360,1015,33,39,138,'2016-08-08 13:47:52','2016-08-08 13:47:52',2559),
	(361,1015,33,40,145,'2016-08-08 13:47:52','2016-08-08 13:47:52',2559),
	(362,1015,33,41,149,'2016-08-08 13:47:52','2016-08-08 13:47:52',2559),
	(363,1015,33,42,153,'2016-08-08 13:47:52','2016-08-08 13:47:52',2559),
	(364,1015,33,43,157,'2016-08-08 13:47:52','2016-08-08 13:47:52',2559),
	(365,1015,33,44,340,'2016-08-08 13:47:52','2016-08-08 13:47:52',2559),
	(366,1015,32,4,2,'2016-08-08 13:51:13','2016-08-08 13:51:13',2559),
	(367,1015,32,5,6,'2016-08-08 13:51:13','2016-08-08 13:51:13',2559),
	(368,1015,32,6,9,'2016-08-08 13:51:14','2016-08-08 13:51:14',2559),
	(369,1015,32,7,14,'2016-08-08 13:51:14','2016-08-08 13:51:14',2559),
	(370,1015,32,8,17,'2016-08-08 13:51:14','2016-08-08 13:51:14',2559),
	(371,1015,32,9,21,'2016-08-08 13:51:14','2016-08-08 13:51:14',2559),
	(372,1015,32,10,25,'2016-08-08 13:51:14','2016-08-08 13:51:14',2559),
	(373,1015,32,11,29,'2016-08-08 13:51:14','2016-08-08 13:51:14',2559),
	(374,1015,32,12,33,'2016-08-08 13:51:14','2016-08-08 13:51:14',2559),
	(375,1015,32,13,37,'2016-08-08 13:51:14','2016-08-08 13:51:14',2559),
	(376,1015,32,14,42,'2016-08-08 13:51:14','2016-08-08 13:51:14',2559),
	(377,1015,32,15,45,'2016-08-08 13:51:14','2016-08-08 13:51:14',2559),
	(378,1015,32,16,49,'2016-08-08 13:51:14','2016-08-08 13:51:14',2559),
	(379,1015,32,17,54,'2016-08-08 13:51:14','2016-08-08 13:51:14',2559),
	(380,1015,32,18,57,'2016-08-08 13:51:14','2016-08-08 13:51:14',2559),
	(381,1015,32,19,62,'2016-08-08 13:51:14','2016-08-08 13:51:14',2559),
	(382,1015,32,20,66,'2016-08-08 13:51:14','2016-08-08 13:51:14',2559),
	(383,1015,32,21,72,'2016-08-08 13:51:14','2016-08-08 13:51:14',2559),
	(384,1015,32,22,74,'2016-08-08 13:51:14','2016-08-08 13:51:14',2559),
	(385,1015,32,23,78,'2016-08-08 13:51:14','2016-08-08 13:51:14',2559),
	(419,1016,35,57,342,'2016-08-09 11:05:19','2016-08-09 11:05:19',2559),
	(420,1016,35,58,344,'2016-08-09 11:05:20','2016-08-09 11:05:20',2559),
	(421,1016,35,59,349,'2016-08-09 11:05:20','2016-08-09 11:05:20',2559),
	(422,1016,35,60,351,'2016-08-09 11:05:20','2016-08-09 11:05:20',2559),
	(423,1016,35,61,355,'2016-08-09 11:05:20','2016-08-09 11:05:20',2559),
	(424,1016,35,62,358,'2016-08-09 11:05:20','2016-08-09 11:05:20',2559),
	(425,1016,35,63,360,'2016-08-09 11:05:20','2016-08-09 11:05:20',2559),
	(426,1016,35,64,363,'2016-08-09 11:05:20','2016-08-09 11:05:20',2559),
	(427,1016,35,65,366,'2016-08-09 11:05:20','2016-08-09 11:05:20',2559),
	(428,1016,35,66,368,'2016-08-09 11:05:20','2016-08-09 11:05:20',2559),
	(429,1016,35,67,372,'2016-08-09 11:05:20','2016-08-09 11:05:20',2559),
	(430,1016,35,68,374,'2016-08-09 11:05:20','2016-08-09 11:05:20',2559),
	(431,1016,35,69,378,'2016-08-09 11:05:20','2016-08-09 11:05:20',2559),
	(432,1016,35,70,381,'2016-08-09 11:05:20','2016-08-09 11:05:20',2559),
	(433,1016,35,71,383,'2016-08-09 11:05:20','2016-08-09 11:05:20',2559),
	(434,1016,35,72,387,'2016-08-09 11:05:20','2016-08-09 11:05:20',2559),
	(435,1016,35,73,391,'2016-08-09 11:05:20','2016-08-09 11:05:20',2559),
	(436,1016,35,74,392,'2016-08-09 11:05:20','2016-08-09 11:05:20',2559),
	(437,1016,35,75,395,'2016-08-09 11:05:20','2016-08-09 11:05:20',2559),
	(438,1016,35,76,399,'2016-08-09 11:05:20','2016-08-09 11:05:20',2559),
	(439,1016,35,77,403,'2016-08-09 11:05:20','2016-08-09 11:05:20',2559),
	(440,1016,35,78,404,'2016-08-09 11:05:20','2016-08-09 11:05:20',2559),
	(441,1016,35,79,409,'2016-08-09 11:05:20','2016-08-09 11:05:20',2559),
	(442,1016,35,80,411,'2016-08-09 11:05:20','2016-08-09 11:05:20',2559),
	(443,1016,35,81,415,'2016-08-09 11:05:20','2016-08-09 11:05:20',2559),
	(444,1016,35,82,416,'2016-08-09 11:05:20','2016-08-09 11:05:20',2559),
	(445,1016,35,83,417,'2016-08-09 11:05:20','2016-08-09 11:05:20',2559),
	(446,1016,35,87,425,'2016-08-09 11:05:20','2016-08-09 11:05:20',2559),
	(447,1016,35,88,448,'2016-08-09 11:05:20','2016-08-09 11:05:20',2559),
	(448,1016,35,88,443,'2016-08-09 11:05:20','2016-08-09 11:05:20',2559),
	(449,1016,35,88,438,'2016-08-09 11:05:20','2016-08-09 11:05:20',2559),
	(450,1016,35,88,430,'2016-08-09 11:05:20','2016-08-09 11:05:20',2559),
	(451,1016,35,89,452,'2016-08-09 11:05:20','2016-08-09 11:05:20',2559),
	(452,1017,35,57,342,'2016-08-10 06:27:37','2016-08-10 06:27:37',2559),
	(453,1017,35,58,345,'2016-08-10 06:27:37','2016-08-10 06:27:37',2559),
	(454,1017,35,59,347,'2016-08-10 06:27:37','2016-08-10 06:27:37',2559),
	(455,1017,35,60,351,'2016-08-10 06:27:37','2016-08-10 06:27:37',2559),
	(456,1017,35,61,354,'2016-08-10 06:27:37','2016-08-10 06:27:37',2559),
	(457,1017,35,62,356,'2016-08-10 06:27:37','2016-08-10 06:27:37',2559),
	(458,1017,35,63,360,'2016-08-10 06:27:37','2016-08-10 06:27:37',2559),
	(459,1017,35,64,363,'2016-08-10 06:27:37','2016-08-10 06:27:37',2559),
	(460,1017,35,65,366,'2016-08-10 06:27:38','2016-08-10 06:27:38',2559),
	(461,1017,35,66,369,'2016-08-10 06:27:38','2016-08-10 06:27:38',2559),
	(462,1017,35,67,373,'2016-08-10 06:27:38','2016-08-10 06:27:38',2559),
	(463,1017,35,68,374,'2016-08-10 06:27:38','2016-08-10 06:27:38',2559),
	(464,1017,35,69,377,'2016-08-10 06:27:38','2016-08-10 06:27:38',2559),
	(465,1017,35,70,381,'2016-08-10 06:27:38','2016-08-10 06:27:38',2559),
	(466,1017,35,71,383,'2016-08-10 06:27:38','2016-08-10 06:27:38',2559),
	(467,1017,35,72,388,'2016-08-10 06:27:38','2016-08-10 06:27:38',2559),
	(468,1017,35,73,390,'2016-08-10 06:27:38','2016-08-10 06:27:38',2559),
	(469,1017,35,74,393,'2016-08-10 06:27:38','2016-08-10 06:27:38',2559),
	(470,1017,35,75,395,'2016-08-10 06:27:38','2016-08-10 06:27:38',2559),
	(471,1017,35,76,399,'2016-08-10 06:27:38','2016-08-10 06:27:38',2559),
	(472,1017,35,77,401,'2016-08-10 06:27:38','2016-08-10 06:27:38',2559),
	(473,1017,35,78,404,'2016-08-10 06:27:38','2016-08-10 06:27:38',2559),
	(474,1017,35,79,408,'2016-08-10 06:27:38','2016-08-10 06:27:38',2559),
	(475,1017,35,80,410,'2016-08-10 06:27:38','2016-08-10 06:27:38',2559),
	(476,1017,35,81,414,'2016-08-10 06:27:38','2016-08-10 06:27:38',2559),
	(477,1017,35,82,416,'2016-08-10 06:27:38','2016-08-10 06:27:38',2559),
	(478,1017,35,83,418,'2016-08-10 06:27:38','2016-08-10 06:27:38',2559),
	(479,1017,35,86,421,'2016-08-10 06:27:38','2016-08-10 06:27:38',2559),
	(480,1017,35,87,425,'2016-08-10 06:27:38','2016-08-10 06:27:38',2559),
	(481,1017,35,88,448,'2016-08-10 06:27:38','2016-08-10 06:27:38',2559),
	(482,1017,35,88,443,'2016-08-10 06:27:38','2016-08-10 06:27:38',2559),
	(483,1017,35,88,438,'2016-08-10 06:27:38','2016-08-10 06:27:38',2559),
	(484,1017,35,88,430,'2016-08-10 06:27:38','2016-08-10 06:27:38',2559),
	(485,1017,35,89,452,'2016-08-10 06:27:38','2016-08-10 06:27:38',2559),
	(486,1018,35,57,342,'2016-08-10 06:29:27','2016-08-10 06:29:27',2559),
	(487,1018,35,58,345,'2016-08-10 06:29:27','2016-08-10 06:29:27',2559),
	(488,1018,35,59,347,'2016-08-10 06:29:28','2016-08-10 06:29:28',2559),
	(489,1018,35,60,350,'2016-08-10 06:29:28','2016-08-10 06:29:28',2559),
	(490,1018,35,61,354,'2016-08-10 06:29:28','2016-08-10 06:29:28',2559),
	(491,1018,35,62,356,'2016-08-10 06:29:28','2016-08-10 06:29:28',2559),
	(492,1018,35,63,360,'2016-08-10 06:29:28','2016-08-10 06:29:28',2559),
	(493,1018,35,64,364,'2016-08-10 06:29:28','2016-08-10 06:29:28',2559),
	(494,1018,35,65,367,'2016-08-10 06:29:28','2016-08-10 06:29:28',2559),
	(495,1018,35,66,369,'2016-08-10 06:29:28','2016-08-10 06:29:28',2559),
	(496,1018,35,67,373,'2016-08-10 06:29:28','2016-08-10 06:29:28',2559),
	(497,1018,35,68,374,'2016-08-10 06:29:28','2016-08-10 06:29:28',2559),
	(498,1018,35,69,378,'2016-08-10 06:29:28','2016-08-10 06:29:28',2559),
	(499,1018,35,70,381,'2016-08-10 06:29:28','2016-08-10 06:29:28',2559),
	(500,1018,35,71,385,'2016-08-10 06:29:28','2016-08-10 06:29:28',2559),
	(501,1018,35,72,386,'2016-08-10 06:29:28','2016-08-10 06:29:28',2559),
	(502,1018,35,73,391,'2016-08-10 06:29:28','2016-08-10 06:29:28',2559),
	(503,1018,35,74,392,'2016-08-10 06:29:28','2016-08-10 06:29:28',2559),
	(504,1018,35,75,395,'2016-08-10 06:29:28','2016-08-10 06:29:28',2559),
	(505,1018,35,76,400,'2016-08-10 06:29:28','2016-08-10 06:29:28',2559),
	(506,1018,35,77,401,'2016-08-10 06:29:28','2016-08-10 06:29:28',2559),
	(507,1018,35,78,404,'2016-08-10 06:29:28','2016-08-10 06:29:28',2559),
	(508,1018,35,79,407,'2016-08-10 06:29:28','2016-08-10 06:29:28',2559),
	(509,1018,35,80,410,'2016-08-10 06:29:28','2016-08-10 06:29:28',2559),
	(510,1018,35,81,415,'2016-08-10 06:29:28','2016-08-10 06:29:28',2559),
	(511,1018,35,82,416,'2016-08-10 06:29:28','2016-08-10 06:29:28',2559),
	(512,1018,35,83,418,'2016-08-10 06:29:28','2016-08-10 06:29:28',2559),
	(513,1018,35,86,424,'2016-08-10 06:29:28','2016-08-10 06:29:28',2559),
	(514,1018,35,87,426,'2016-08-10 06:29:28','2016-08-10 06:29:28',2559),
	(515,1018,35,88,448,'2016-08-10 06:29:28','2016-08-10 06:29:28',2559),
	(516,1018,35,88,443,'2016-08-10 06:29:28','2016-08-10 06:29:28',2559),
	(517,1018,35,88,439,'2016-08-10 06:29:29','2016-08-10 06:29:29',2559),
	(518,1018,35,88,430,'2016-08-10 06:29:29','2016-08-10 06:29:29',2559),
	(519,1018,35,89,453,'2016-08-10 06:29:29','2016-08-10 06:29:29',2559),
	(520,1019,35,57,342,'2016-08-10 06:29:34','2016-08-10 06:29:34',2559),
	(521,1019,35,58,345,'2016-08-10 06:29:34','2016-08-10 06:29:34',2559),
	(522,1019,35,59,348,'2016-08-10 06:29:35','2016-08-10 06:29:35',2559),
	(523,1019,35,60,351,'2016-08-10 06:29:35','2016-08-10 06:29:35',2559),
	(524,1019,35,61,355,'2016-08-10 06:29:35','2016-08-10 06:29:35',2559),
	(525,1019,35,62,358,'2016-08-10 06:29:35','2016-08-10 06:29:35',2559),
	(526,1019,35,63,359,'2016-08-10 06:29:35','2016-08-10 06:29:35',2559),
	(527,1019,35,64,363,'2016-08-10 06:29:35','2016-08-10 06:29:35',2559),
	(528,1019,35,65,366,'2016-08-10 06:29:35','2016-08-10 06:29:35',2559),
	(529,1019,35,66,368,'2016-08-10 06:29:35','2016-08-10 06:29:35',2559),
	(530,1019,35,67,372,'2016-08-10 06:29:35','2016-08-10 06:29:35',2559),
	(531,1019,35,68,374,'2016-08-10 06:29:35','2016-08-10 06:29:35',2559),
	(532,1019,35,69,378,'2016-08-10 06:29:35','2016-08-10 06:29:35',2559),
	(533,1019,35,70,381,'2016-08-10 06:29:35','2016-08-10 06:29:35',2559),
	(534,1019,35,71,385,'2016-08-10 06:29:35','2016-08-10 06:29:35',2559),
	(535,1019,35,72,388,'2016-08-10 06:29:35','2016-08-10 06:29:35',2559),
	(536,1019,35,73,390,'2016-08-10 06:29:35','2016-08-10 06:29:35',2559),
	(537,1019,35,74,393,'2016-08-10 06:29:35','2016-08-10 06:29:35',2559),
	(538,1019,35,75,396,'2016-08-10 06:29:35','2016-08-10 06:29:35',2559),
	(539,1019,35,76,399,'2016-08-10 06:29:35','2016-08-10 06:29:35',2559),
	(540,1019,35,77,402,'2016-08-10 06:29:35','2016-08-10 06:29:35',2559),
	(541,1019,35,78,404,'2016-08-10 06:29:35','2016-08-10 06:29:35',2559),
	(542,1019,35,79,408,'2016-08-10 06:29:35','2016-08-10 06:29:35',2559),
	(543,1019,35,80,412,'2016-08-10 06:29:35','2016-08-10 06:29:35',2559),
	(544,1019,35,81,414,'2016-08-10 06:29:35','2016-08-10 06:29:35',2559),
	(545,1019,35,82,416,'2016-08-10 06:29:35','2016-08-10 06:29:35',2559),
	(546,1019,35,83,418,'2016-08-10 06:29:35','2016-08-10 06:29:35',2559),
	(547,1019,35,86,421,'2016-08-10 06:29:35','2016-08-10 06:29:35',2559),
	(548,1019,35,87,426,'2016-08-10 06:29:35','2016-08-10 06:29:35',2559),
	(549,1019,35,88,449,'2016-08-10 06:29:35','2016-08-10 06:29:35',2559),
	(550,1019,35,88,444,'2016-08-10 06:29:35','2016-08-10 06:29:35',2559),
	(551,1019,35,88,439,'2016-08-10 06:29:35','2016-08-10 06:29:35',2559),
	(552,1019,35,88,431,'2016-08-10 06:29:36','2016-08-10 06:29:36',2559),
	(553,1019,35,89,453,'2016-08-10 06:29:36','2016-08-10 06:29:36',2559),
	(554,1017,34,56,333,'2016-08-10 06:30:51','2016-08-10 06:30:51',2559),
	(555,1017,34,55,300,'2016-08-10 06:30:51','2016-08-10 06:30:51',2559),
	(556,1017,34,54,286,'2016-08-10 06:30:51','2016-08-10 06:30:51',2559),
	(557,1017,34,54,287,'2016-08-10 06:30:51','2016-08-10 06:30:51',2559),
	(558,1017,34,53,270,'2016-08-10 06:30:51','2016-08-10 06:30:51',2559),
	(559,1017,34,52,260,'2016-08-10 06:30:51','2016-08-10 06:30:51',2559),
	(560,1017,34,51,250,'2016-08-10 06:30:51','2016-08-10 06:30:51',2559),
	(561,1017,34,50,234,'2016-08-10 06:30:51','2016-08-10 06:30:51',2559),
	(562,1017,34,49,225,'2016-08-10 06:30:51','2016-08-10 06:30:51',2559),
	(563,1017,34,48,201,'2016-08-10 06:30:51','2016-08-10 06:30:51',2559),
	(564,1017,34,47,169,'2016-08-10 06:30:51','2016-08-10 06:30:51',2559),
	(565,1017,34,45,165,'2016-08-10 06:30:51','2016-08-10 06:30:51',2559),
	(566,1020,35,57,343,'2016-08-10 06:31:40','2016-08-10 06:31:40',2559),
	(567,1020,35,58,345,'2016-08-10 06:31:40','2016-08-10 06:31:40',2559),
	(568,1020,35,59,347,'2016-08-10 06:31:40','2016-08-10 06:31:40',2559),
	(569,1020,35,60,351,'2016-08-10 06:31:40','2016-08-10 06:31:40',2559),
	(570,1020,35,61,353,'2016-08-10 06:31:40','2016-08-10 06:31:40',2559),
	(571,1020,35,62,356,'2016-08-10 06:31:40','2016-08-10 06:31:40',2559),
	(572,1020,35,63,360,'2016-08-10 06:31:40','2016-08-10 06:31:40',2559),
	(573,1020,35,64,363,'2016-08-10 06:31:40','2016-08-10 06:31:40',2559),
	(574,1020,35,65,366,'2016-08-10 06:31:40','2016-08-10 06:31:40',2559),
	(575,1020,35,66,368,'2016-08-10 06:31:41','2016-08-10 06:31:41',2559),
	(576,1020,35,67,373,'2016-08-10 06:31:41','2016-08-10 06:31:41',2559),
	(577,1020,35,68,374,'2016-08-10 06:31:41','2016-08-10 06:31:41',2559),
	(578,1020,35,69,377,'2016-08-10 06:31:41','2016-08-10 06:31:41',2559),
	(579,1020,35,70,381,'2016-08-10 06:31:41','2016-08-10 06:31:41',2559),
	(580,1020,35,71,383,'2016-08-10 06:31:41','2016-08-10 06:31:41',2559),
	(581,1020,35,72,386,'2016-08-10 06:31:41','2016-08-10 06:31:41',2559),
	(582,1020,35,73,391,'2016-08-10 06:31:41','2016-08-10 06:31:41',2559),
	(583,1020,35,74,393,'2016-08-10 06:31:41','2016-08-10 06:31:41',2559),
	(584,1020,35,75,395,'2016-08-10 06:31:41','2016-08-10 06:31:41',2559),
	(585,1020,35,76,400,'2016-08-10 06:31:41','2016-08-10 06:31:41',2559),
	(586,1020,35,77,402,'2016-08-10 06:31:41','2016-08-10 06:31:41',2559),
	(587,1020,35,78,404,'2016-08-10 06:31:41','2016-08-10 06:31:41',2559),
	(588,1020,35,79,408,'2016-08-10 06:31:41','2016-08-10 06:31:41',2559),
	(589,1020,35,80,411,'2016-08-10 06:31:41','2016-08-10 06:31:41',2559),
	(590,1020,35,81,414,'2016-08-10 06:31:41','2016-08-10 06:31:41',2559),
	(591,1020,35,82,416,'2016-08-10 06:31:41','2016-08-10 06:31:41',2559),
	(592,1020,35,83,417,'2016-08-10 06:31:41','2016-08-10 06:31:41',2559),
	(593,1020,35,87,425,'2016-08-10 06:31:41','2016-08-10 06:31:41',2559),
	(594,1020,35,88,448,'2016-08-10 06:31:41','2016-08-10 06:31:41',2559),
	(595,1020,35,88,443,'2016-08-10 06:31:41','2016-08-10 06:31:41',2559),
	(596,1020,35,88,438,'2016-08-10 06:31:41','2016-08-10 06:31:41',2559),
	(597,1020,35,88,430,'2016-08-10 06:31:41','2016-08-10 06:31:41',2559),
	(598,1020,35,89,452,'2016-08-10 06:31:41','2016-08-10 06:31:41',2559),
	(599,1021,35,57,342,'2016-08-10 06:31:55','2016-08-10 06:31:55',2559),
	(600,1021,35,58,345,'2016-08-10 06:31:55','2016-08-10 06:31:55',2559),
	(601,1021,35,59,347,'2016-08-10 06:31:55','2016-08-10 06:31:55',2559),
	(602,1021,35,60,351,'2016-08-10 06:31:55','2016-08-10 06:31:55',2559),
	(603,1021,35,61,355,'2016-08-10 06:31:55','2016-08-10 06:31:55',2559),
	(604,1021,35,62,357,'2016-08-10 06:31:55','2016-08-10 06:31:55',2559),
	(605,1021,35,63,359,'2016-08-10 06:31:55','2016-08-10 06:31:55',2559),
	(606,1021,35,64,363,'2016-08-10 06:31:55','2016-08-10 06:31:55',2559),
	(607,1021,35,65,366,'2016-08-10 06:31:55','2016-08-10 06:31:55',2559),
	(608,1021,35,66,369,'2016-08-10 06:31:55','2016-08-10 06:31:55',2559),
	(609,1021,35,67,373,'2016-08-10 06:31:55','2016-08-10 06:31:55',2559),
	(610,1021,35,68,374,'2016-08-10 06:31:55','2016-08-10 06:31:55',2559),
	(611,1021,35,69,377,'2016-08-10 06:31:55','2016-08-10 06:31:55',2559),
	(612,1021,35,70,381,'2016-08-10 06:31:55','2016-08-10 06:31:55',2559),
	(613,1021,35,71,384,'2016-08-10 06:31:55','2016-08-10 06:31:55',2559),
	(614,1021,35,72,386,'2016-08-10 06:31:55','2016-08-10 06:31:55',2559),
	(615,1021,35,73,390,'2016-08-10 06:31:55','2016-08-10 06:31:55',2559),
	(616,1021,35,74,393,'2016-08-10 06:31:55','2016-08-10 06:31:55',2559),
	(617,1021,35,75,395,'2016-08-10 06:31:55','2016-08-10 06:31:55',2559),
	(618,1021,35,76,398,'2016-08-10 06:31:55','2016-08-10 06:31:55',2559),
	(619,1021,35,77,402,'2016-08-10 06:31:56','2016-08-10 06:31:56',2559),
	(620,1021,35,78,404,'2016-08-10 06:31:56','2016-08-10 06:31:56',2559),
	(621,1021,35,79,407,'2016-08-10 06:31:56','2016-08-10 06:31:56',2559),
	(622,1021,35,80,410,'2016-08-10 06:31:56','2016-08-10 06:31:56',2559),
	(623,1021,35,81,414,'2016-08-10 06:31:56','2016-08-10 06:31:56',2559),
	(624,1021,35,82,416,'2016-08-10 06:31:56','2016-08-10 06:31:56',2559),
	(625,1021,35,83,417,'2016-08-10 06:31:56','2016-08-10 06:31:56',2559),
	(626,1021,35,87,425,'2016-08-10 06:31:56','2016-08-10 06:31:56',2559),
	(627,1021,35,88,448,'2016-08-10 06:31:56','2016-08-10 06:31:56',2559),
	(628,1021,35,88,443,'2016-08-10 06:31:56','2016-08-10 06:31:56',2559),
	(629,1021,35,88,438,'2016-08-10 06:31:56','2016-08-10 06:31:56',2559),
	(630,1021,35,88,430,'2016-08-10 06:31:56','2016-08-10 06:31:56',2559),
	(631,1021,35,89,452,'2016-08-10 06:31:56','2016-08-10 06:31:56',2559),
	(665,1022,35,57,342,'2016-08-10 06:32:14','2016-08-10 06:32:14',2559),
	(666,1022,35,58,345,'2016-08-10 06:32:14','2016-08-10 06:32:14',2559),
	(667,1022,35,59,347,'2016-08-10 06:32:14','2016-08-10 06:32:14',2559),
	(668,1022,35,60,351,'2016-08-10 06:32:14','2016-08-10 06:32:14',2559),
	(669,1022,35,61,353,'2016-08-10 06:32:14','2016-08-10 06:32:14',2559),
	(670,1022,35,62,356,'2016-08-10 06:32:15','2016-08-10 06:32:15',2559),
	(671,1022,35,63,360,'2016-08-10 06:32:15','2016-08-10 06:32:15',2559),
	(672,1022,35,64,362,'2016-08-10 06:32:15','2016-08-10 06:32:15',2559),
	(673,1022,35,65,365,'2016-08-10 06:32:15','2016-08-10 06:32:15',2559),
	(674,1022,35,66,368,'2016-08-10 06:32:15','2016-08-10 06:32:15',2559),
	(675,1022,35,67,373,'2016-08-10 06:32:15','2016-08-10 06:32:15',2559),
	(676,1022,35,68,374,'2016-08-10 06:32:15','2016-08-10 06:32:15',2559),
	(677,1022,35,69,377,'2016-08-10 06:32:15','2016-08-10 06:32:15',2559),
	(678,1022,35,70,381,'2016-08-10 06:32:15','2016-08-10 06:32:15',2559),
	(679,1022,35,71,383,'2016-08-10 06:32:15','2016-08-10 06:32:15',2559),
	(680,1022,35,72,386,'2016-08-10 06:32:15','2016-08-10 06:32:15',2559),
	(681,1022,35,73,389,'2016-08-10 06:32:15','2016-08-10 06:32:15',2559),
	(682,1022,35,74,392,'2016-08-10 06:32:15','2016-08-10 06:32:15',2559),
	(683,1022,35,75,395,'2016-08-10 06:32:15','2016-08-10 06:32:15',2559),
	(684,1022,35,76,399,'2016-08-10 06:32:15','2016-08-10 06:32:15',2559),
	(685,1022,35,77,402,'2016-08-10 06:32:15','2016-08-10 06:32:15',2559),
	(686,1022,35,78,404,'2016-08-10 06:32:15','2016-08-10 06:32:15',2559),
	(687,1022,35,79,407,'2016-08-10 06:32:15','2016-08-10 06:32:15',2559),
	(688,1022,35,80,410,'2016-08-10 06:32:15','2016-08-10 06:32:15',2559),
	(689,1022,35,81,414,'2016-08-10 06:32:15','2016-08-10 06:32:15',2559),
	(690,1022,35,82,416,'2016-08-10 06:32:15','2016-08-10 06:32:15',2559),
	(691,1022,35,83,417,'2016-08-10 06:32:15','2016-08-10 06:32:15',2559),
	(692,1022,35,87,425,'2016-08-10 06:32:15','2016-08-10 06:32:15',2559),
	(693,1022,35,88,448,'2016-08-10 06:32:15','2016-08-10 06:32:15',2559),
	(694,1022,35,88,443,'2016-08-10 06:32:15','2016-08-10 06:32:15',2559),
	(695,1022,35,88,438,'2016-08-10 06:32:15','2016-08-10 06:32:15',2559),
	(696,1022,35,88,430,'2016-08-10 06:32:15','2016-08-10 06:32:15',2559),
	(697,1022,35,89,452,'2016-08-10 06:32:15','2016-08-10 06:32:15',2559),
	(698,1018,34,56,334,'2016-08-10 06:34:31','2016-08-10 06:34:31',2559),
	(699,1018,34,56,336,'2016-08-10 06:34:31','2016-08-10 06:34:31',2559),
	(700,1018,34,55,300,'2016-08-10 06:34:31','2016-08-10 06:34:31',2559),
	(701,1019,34,56,337,'2016-08-10 06:34:31','2016-08-10 06:34:31',2559),
	(702,1018,34,54,285,'2016-08-10 06:34:31','2016-08-10 06:34:31',2559),
	(703,1019,34,56,339,'2016-08-10 06:34:31','2016-08-10 06:34:31',2559),
	(704,1018,34,53,270,'2016-08-10 06:34:31','2016-08-10 06:34:31',2559),
	(705,1019,34,56,334,'2016-08-10 06:34:31','2016-08-10 06:34:31',2559),
	(706,1018,34,52,260,'2016-08-10 06:34:31','2016-08-10 06:34:31',2559),
	(707,1019,34,56,336,'2016-08-10 06:34:31','2016-08-10 06:34:31',2559),
	(708,1018,34,51,250,'2016-08-10 06:34:31','2016-08-10 06:34:31',2559),
	(709,1019,34,55,310,'2016-08-10 06:34:31','2016-08-10 06:34:31',2559),
	(710,1018,34,50,235,'2016-08-10 06:34:31','2016-08-10 06:34:31',2559),
	(711,1018,34,50,236,'2016-08-10 06:34:31','2016-08-10 06:34:31',2559),
	(712,1019,34,54,285,'2016-08-10 06:34:31','2016-08-10 06:34:31',2559),
	(713,1018,34,49,225,'2016-08-10 06:34:31','2016-08-10 06:34:31',2559),
	(714,1019,34,53,270,'2016-08-10 06:34:31','2016-08-10 06:34:31',2559),
	(715,1018,34,48,202,'2016-08-10 06:34:31','2016-08-10 06:34:31',2559),
	(716,1019,34,51,250,'2016-08-10 06:34:31','2016-08-10 06:34:31',2559),
	(717,1018,34,48,205,'2016-08-10 06:34:31','2016-08-10 06:34:31',2559),
	(718,1019,34,50,234,'2016-08-10 06:34:32','2016-08-10 06:34:32',2559),
	(719,1018,34,47,169,'2016-08-10 06:34:32','2016-08-10 06:34:32',2559),
	(720,1019,34,49,225,'2016-08-10 06:34:32','2016-08-10 06:34:32',2559),
	(721,1018,34,45,165,'2016-08-10 06:34:32','2016-08-10 06:34:32',2559),
	(722,1019,34,48,201,'2016-08-10 06:34:32','2016-08-10 06:34:32',2559),
	(723,1019,34,47,169,'2016-08-10 06:34:32','2016-08-10 06:34:32',2559),
	(724,1019,34,45,165,'2016-08-10 06:34:32','2016-08-10 06:34:32',2559),
	(725,1023,35,57,341,'2016-08-10 06:34:33','2016-08-10 06:34:33',2559),
	(726,1023,35,58,345,'2016-08-10 06:34:33','2016-08-10 06:34:33',2559),
	(727,1023,35,59,347,'2016-08-10 06:34:33','2016-08-10 06:34:33',2559),
	(728,1023,35,60,350,'2016-08-10 06:34:33','2016-08-10 06:34:33',2559),
	(729,1023,35,61,355,'2016-08-10 06:34:33','2016-08-10 06:34:33',2559),
	(730,1023,35,62,356,'2016-08-10 06:34:33','2016-08-10 06:34:33',2559),
	(731,1023,35,63,360,'2016-08-10 06:34:33','2016-08-10 06:34:33',2559),
	(732,1023,35,64,364,'2016-08-10 06:34:34','2016-08-10 06:34:34',2559),
	(733,1023,35,65,366,'2016-08-10 06:34:34','2016-08-10 06:34:34',2559),
	(734,1023,35,66,369,'2016-08-10 06:34:34','2016-08-10 06:34:34',2559),
	(735,1023,35,67,373,'2016-08-10 06:34:34','2016-08-10 06:34:34',2559),
	(736,1023,35,68,376,'2016-08-10 06:34:34','2016-08-10 06:34:34',2559),
	(737,1023,35,69,377,'2016-08-10 06:34:34','2016-08-10 06:34:34',2559),
	(738,1023,35,70,380,'2016-08-10 06:34:34','2016-08-10 06:34:34',2559),
	(739,1023,35,71,385,'2016-08-10 06:34:34','2016-08-10 06:34:34',2559),
	(740,1023,35,72,388,'2016-08-10 06:34:34','2016-08-10 06:34:34',2559),
	(741,1023,35,73,391,'2016-08-10 06:34:34','2016-08-10 06:34:34',2559),
	(742,1023,35,74,392,'2016-08-10 06:34:34','2016-08-10 06:34:34',2559),
	(743,1023,35,75,395,'2016-08-10 06:34:34','2016-08-10 06:34:34',2559),
	(744,1023,35,76,399,'2016-08-10 06:34:34','2016-08-10 06:34:34',2559),
	(745,1023,35,77,401,'2016-08-10 06:34:34','2016-08-10 06:34:34',2559),
	(746,1023,35,78,404,'2016-08-10 06:34:34','2016-08-10 06:34:34',2559),
	(747,1023,35,79,409,'2016-08-10 06:34:34','2016-08-10 06:34:34',2559),
	(748,1023,35,80,411,'2016-08-10 06:34:34','2016-08-10 06:34:34',2559),
	(749,1023,35,81,415,'2016-08-10 06:34:34','2016-08-10 06:34:34',2559),
	(750,1023,35,82,416,'2016-08-10 06:34:34','2016-08-10 06:34:34',2559),
	(751,1023,35,83,417,'2016-08-10 06:34:34','2016-08-10 06:34:34',2559),
	(752,1023,35,87,425,'2016-08-10 06:34:34','2016-08-10 06:34:34',2559),
	(753,1023,35,88,448,'2016-08-10 06:34:34','2016-08-10 06:34:34',2559),
	(754,1023,35,88,443,'2016-08-10 06:34:34','2016-08-10 06:34:34',2559),
	(755,1023,35,88,438,'2016-08-10 06:34:34','2016-08-10 06:34:34',2559),
	(756,1023,35,88,430,'2016-08-10 06:34:34','2016-08-10 06:34:34',2559),
	(757,1023,35,89,452,'2016-08-10 06:34:34','2016-08-10 06:34:34',2559),
	(767,1020,34,56,334,'2016-08-10 06:34:58','2016-08-10 06:34:58',2559),
	(768,1020,34,56,336,'2016-08-10 06:34:58','2016-08-10 06:34:58',2559),
	(769,1020,34,54,286,'2016-08-10 06:34:58','2016-08-10 06:34:58',2559),
	(770,1020,34,54,292,'2016-08-10 06:34:58','2016-08-10 06:34:58',2559),
	(771,1020,34,54,291,'2016-08-10 06:34:58','2016-08-10 06:34:58',2559),
	(772,1020,34,54,290,'2016-08-10 06:34:58','2016-08-10 06:34:58',2559),
	(773,1020,34,54,287,'2016-08-10 06:34:58','2016-08-10 06:34:58',2559),
	(774,1020,34,53,270,'2016-08-10 06:34:58','2016-08-10 06:34:58',2559),
	(775,1020,34,52,260,'2016-08-10 06:34:58','2016-08-10 06:34:58',2559),
	(776,1020,34,51,250,'2016-08-10 06:34:58','2016-08-10 06:34:58',2559),
	(777,1020,34,50,234,'2016-08-10 06:34:58','2016-08-10 06:34:58',2559),
	(778,1020,34,49,225,'2016-08-10 06:34:58','2016-08-10 06:34:58',2559),
	(779,1020,34,48,201,'2016-08-10 06:34:58','2016-08-10 06:34:58',2559),
	(780,1020,34,47,169,'2016-08-10 06:34:58','2016-08-10 06:34:58',2559),
	(781,1020,34,45,166,'2016-08-10 06:34:58','2016-08-10 06:34:58',2559),
	(800,1022,34,56,333,'2016-08-10 06:35:15','2016-08-10 06:35:15',2559),
	(801,1022,34,55,300,'2016-08-10 06:35:15','2016-08-10 06:35:15',2559),
	(802,1022,34,54,293,'2016-08-10 06:35:15','2016-08-10 06:35:15',2559),
	(803,1022,34,54,298,'2016-08-10 06:35:15','2016-08-10 06:35:15',2559),
	(804,1022,34,54,294,'2016-08-10 06:35:15','2016-08-10 06:35:15',2559),
	(805,1022,34,52,260,'2016-08-10 06:35:15','2016-08-10 06:35:15',2559),
	(806,1022,34,51,250,'2016-08-10 06:35:15','2016-08-10 06:35:15',2559),
	(807,1022,34,50,234,'2016-08-10 06:35:15','2016-08-10 06:35:15',2559),
	(808,1022,34,49,225,'2016-08-10 06:35:15','2016-08-10 06:35:15',2559),
	(809,1022,34,48,201,'2016-08-10 06:35:15','2016-08-10 06:35:15',2559),
	(810,1022,34,47,169,'2016-08-10 06:35:15','2016-08-10 06:35:15',2559),
	(811,1022,34,45,166,'2016-08-10 06:35:15','2016-08-10 06:35:15',2559),
	(812,1024,35,57,343,'2016-08-10 06:35:24','2016-08-10 06:35:24',2559),
	(813,1024,35,58,345,'2016-08-10 06:35:24','2016-08-10 06:35:24',2559),
	(814,1024,35,59,347,'2016-08-10 06:35:24','2016-08-10 06:35:24',2559),
	(815,1024,35,60,351,'2016-08-10 06:35:24','2016-08-10 06:35:24',2559),
	(816,1024,35,61,354,'2016-08-10 06:35:24','2016-08-10 06:35:24',2559),
	(817,1024,35,62,356,'2016-08-10 06:35:24','2016-08-10 06:35:24',2559),
	(818,1024,35,63,360,'2016-08-10 06:35:24','2016-08-10 06:35:24',2559),
	(819,1024,35,64,364,'2016-08-10 06:35:24','2016-08-10 06:35:24',2559),
	(820,1024,35,65,366,'2016-08-10 06:35:24','2016-08-10 06:35:24',2559),
	(821,1024,35,66,368,'2016-08-10 06:35:25','2016-08-10 06:35:25',2559),
	(822,1024,35,67,372,'2016-08-10 06:35:25','2016-08-10 06:35:25',2559),
	(823,1024,35,68,374,'2016-08-10 06:35:25','2016-08-10 06:35:25',2559),
	(824,1024,35,69,377,'2016-08-10 06:35:25','2016-08-10 06:35:25',2559),
	(825,1024,35,70,381,'2016-08-10 06:35:25','2016-08-10 06:35:25',2559),
	(826,1024,35,71,383,'2016-08-10 06:35:25','2016-08-10 06:35:25',2559),
	(827,1024,35,72,387,'2016-08-10 06:35:25','2016-08-10 06:35:25',2559),
	(828,1024,35,73,390,'2016-08-10 06:35:25','2016-08-10 06:35:25',2559),
	(829,1024,35,74,392,'2016-08-10 06:35:25','2016-08-10 06:35:25',2559),
	(830,1024,35,75,395,'2016-08-10 06:35:25','2016-08-10 06:35:25',2559),
	(831,1024,35,76,400,'2016-08-10 06:35:25','2016-08-10 06:35:25',2559),
	(832,1024,35,77,403,'2016-08-10 06:35:25','2016-08-10 06:35:25',2559),
	(833,1024,35,78,404,'2016-08-10 06:35:25','2016-08-10 06:35:25',2559),
	(834,1024,35,79,407,'2016-08-10 06:35:25','2016-08-10 06:35:25',2559),
	(835,1024,35,80,410,'2016-08-10 06:35:25','2016-08-10 06:35:25',2559),
	(836,1024,35,81,415,'2016-08-10 06:35:25','2016-08-10 06:35:25',2559),
	(837,1024,35,82,416,'2016-08-10 06:35:25','2016-08-10 06:35:25',2559),
	(838,1024,35,83,417,'2016-08-10 06:35:25','2016-08-10 06:35:25',2559),
	(839,1024,35,87,425,'2016-08-10 06:35:25','2016-08-10 06:35:25',2559),
	(840,1024,35,88,448,'2016-08-10 06:35:25','2016-08-10 06:35:25',2559),
	(841,1024,35,88,443,'2016-08-10 06:35:25','2016-08-10 06:35:25',2559),
	(842,1024,35,88,438,'2016-08-10 06:35:25','2016-08-10 06:35:25',2559),
	(843,1024,35,88,430,'2016-08-10 06:35:25','2016-08-10 06:35:25',2559),
	(844,1024,35,89,452,'2016-08-10 06:35:25','2016-08-10 06:35:25',2559),
	(859,1025,35,57,343,'2016-08-10 06:35:53','2016-08-10 06:35:53',2559),
	(860,1025,35,58,344,'2016-08-10 06:35:53','2016-08-10 06:35:53',2559),
	(861,1025,35,59,347,'2016-08-10 06:35:53','2016-08-10 06:35:53',2559),
	(862,1025,35,60,352,'2016-08-10 06:35:53','2016-08-10 06:35:53',2559),
	(863,1025,35,61,353,'2016-08-10 06:35:53','2016-08-10 06:35:53',2559),
	(864,1025,35,62,356,'2016-08-10 06:35:53','2016-08-10 06:35:53',2559),
	(865,1025,35,63,359,'2016-08-10 06:35:53','2016-08-10 06:35:53',2559),
	(866,1025,35,64,362,'2016-08-10 06:35:53','2016-08-10 06:35:53',2559),
	(867,1025,35,65,365,'2016-08-10 06:35:53','2016-08-10 06:35:53',2559),
	(868,1025,35,66,368,'2016-08-10 06:35:53','2016-08-10 06:35:53',2559),
	(869,1025,35,67,373,'2016-08-10 06:35:53','2016-08-10 06:35:53',2559),
	(870,1025,35,68,374,'2016-08-10 06:35:53','2016-08-10 06:35:53',2559),
	(871,1025,35,69,377,'2016-08-10 06:35:53','2016-08-10 06:35:53',2559),
	(872,1025,35,70,381,'2016-08-10 06:35:53','2016-08-10 06:35:53',2559),
	(873,1025,35,71,383,'2016-08-10 06:35:53','2016-08-10 06:35:53',2559),
	(874,1025,35,72,387,'2016-08-10 06:35:53','2016-08-10 06:35:53',2559),
	(875,1025,35,73,391,'2016-08-10 06:35:53','2016-08-10 06:35:53',2559),
	(876,1025,35,74,392,'2016-08-10 06:35:53','2016-08-10 06:35:53',2559),
	(877,1025,35,75,395,'2016-08-10 06:35:53','2016-08-10 06:35:53',2559),
	(878,1025,35,76,399,'2016-08-10 06:35:53','2016-08-10 06:35:53',2559),
	(879,1025,35,77,403,'2016-08-10 06:35:53','2016-08-10 06:35:53',2559),
	(880,1025,35,78,404,'2016-08-10 06:35:53','2016-08-10 06:35:53',2559),
	(881,1025,35,79,407,'2016-08-10 06:35:53','2016-08-10 06:35:53',2559),
	(882,1025,35,80,410,'2016-08-10 06:35:54','2016-08-10 06:35:54',2559),
	(883,1025,35,81,414,'2016-08-10 06:35:54','2016-08-10 06:35:54',2559),
	(884,1025,35,82,416,'2016-08-10 06:35:54','2016-08-10 06:35:54',2559),
	(885,1025,35,83,418,'2016-08-10 06:35:54','2016-08-10 06:35:54',2559),
	(886,1025,35,86,421,'2016-08-10 06:35:54','2016-08-10 06:35:54',2559),
	(887,1025,35,87,426,'2016-08-10 06:35:54','2016-08-10 06:35:54',2559),
	(888,1025,35,88,448,'2016-08-10 06:35:54','2016-08-10 06:35:54',2559),
	(889,1025,35,88,443,'2016-08-10 06:35:54','2016-08-10 06:35:54',2559),
	(890,1025,35,88,438,'2016-08-10 06:35:54','2016-08-10 06:35:54',2559),
	(891,1025,35,88,430,'2016-08-10 06:35:54','2016-08-10 06:35:54',2559),
	(892,1025,35,89,453,'2016-08-10 06:35:54','2016-08-10 06:35:54',2559),
	(893,1021,34,56,333,'2016-08-10 06:36:23','2016-08-10 06:36:23',2559),
	(894,1021,34,55,300,'2016-08-10 06:36:23','2016-08-10 06:36:23',2559),
	(895,1021,34,54,293,'2016-08-10 06:36:23','2016-08-10 06:36:23',2559),
	(896,1021,34,54,295,'2016-08-10 06:36:23','2016-08-10 06:36:23',2559),
	(897,1021,34,54,294,'2016-08-10 06:36:23','2016-08-10 06:36:23',2559),
	(898,1021,34,54,286,'2016-08-10 06:36:23','2016-08-10 06:36:23',2559),
	(899,1021,34,54,287,'2016-08-10 06:36:23','2016-08-10 06:36:23',2559),
	(900,1021,34,53,270,'2016-08-10 06:36:23','2016-08-10 06:36:23',2559),
	(901,1021,34,52,260,'2016-08-10 06:36:23','2016-08-10 06:36:23',2559),
	(902,1021,34,51,250,'2016-08-10 06:36:23','2016-08-10 06:36:23',2559),
	(903,1021,34,50,234,'2016-08-10 06:36:23','2016-08-10 06:36:23',2559),
	(904,1021,34,49,225,'2016-08-10 06:36:23','2016-08-10 06:36:23',2559),
	(905,1021,34,48,201,'2016-08-10 06:36:23','2016-08-10 06:36:23',2559),
	(906,1021,34,47,169,'2016-08-10 06:36:24','2016-08-10 06:36:24',2559),
	(907,1021,34,45,165,'2016-08-10 06:36:24','2016-08-10 06:36:24',2559),
	(908,1024,34,56,334,'2016-08-10 06:37:32','2016-08-10 06:37:32',2559),
	(909,1024,34,56,336,'2016-08-10 06:37:33','2016-08-10 06:37:33',2559),
	(910,1024,34,55,300,'2016-08-10 06:37:33','2016-08-10 06:37:33',2559),
	(911,1024,34,54,285,'2016-08-10 06:37:33','2016-08-10 06:37:33',2559),
	(912,1024,34,53,270,'2016-08-10 06:37:33','2016-08-10 06:37:33',2559),
	(913,1024,34,52,260,'2016-08-10 06:37:33','2016-08-10 06:37:33',2559),
	(914,1024,34,51,250,'2016-08-10 06:37:33','2016-08-10 06:37:33',2559),
	(915,1024,34,50,234,'2016-08-10 06:37:33','2016-08-10 06:37:33',2559),
	(916,1024,34,49,225,'2016-08-10 06:37:33','2016-08-10 06:37:33',2559),
	(917,1024,34,48,201,'2016-08-10 06:37:33','2016-08-10 06:37:33',2559),
	(918,1024,34,47,169,'2016-08-10 06:37:33','2016-08-10 06:37:33',2559),
	(919,1024,34,45,165,'2016-08-10 06:37:33','2016-08-10 06:37:33',2559),
	(920,1023,34,56,333,'2016-08-10 06:37:51','2016-08-10 06:37:51',2559),
	(921,1023,34,55,300,'2016-08-10 06:37:51','2016-08-10 06:37:51',2559),
	(922,1023,34,54,293,'2016-08-10 06:37:51','2016-08-10 06:37:51',2559),
	(923,1023,34,54,298,'2016-08-10 06:37:51','2016-08-10 06:37:51',2559),
	(924,1023,34,54,295,'2016-08-10 06:37:51','2016-08-10 06:37:51',2559),
	(925,1023,34,54,294,'2016-08-10 06:37:51','2016-08-10 06:37:51',2559),
	(926,1023,34,54,286,'2016-08-10 06:37:51','2016-08-10 06:37:51',2559),
	(927,1023,34,54,291,'2016-08-10 06:37:51','2016-08-10 06:37:51',2559),
	(928,1023,34,54,290,'2016-08-10 06:37:51','2016-08-10 06:37:51',2559),
	(929,1023,34,54,287,'2016-08-10 06:37:51','2016-08-10 06:37:51',2559),
	(930,1023,34,52,260,'2016-08-10 06:37:51','2016-08-10 06:37:51',2559),
	(931,1023,34,51,250,'2016-08-10 06:37:51','2016-08-10 06:37:51',2559),
	(932,1023,34,50,234,'2016-08-10 06:37:51','2016-08-10 06:37:51',2559),
	(933,1023,34,49,225,'2016-08-10 06:37:51','2016-08-10 06:37:51',2559),
	(934,1023,34,48,201,'2016-08-10 06:37:51','2016-08-10 06:37:51',2559),
	(935,1023,34,47,169,'2016-08-10 06:37:51','2016-08-10 06:37:51',2559),
	(936,1023,34,45,165,'2016-08-10 06:37:51','2016-08-10 06:37:51',2559),
	(937,1025,32,4,2,'2016-08-10 06:41:09','2016-08-10 06:41:09',2559),
	(938,1025,32,5,6,'2016-08-10 06:41:09','2016-08-10 06:41:09',2559),
	(939,1025,32,6,10,'2016-08-10 06:41:09','2016-08-10 06:41:09',2559),
	(940,1025,32,7,14,'2016-08-10 06:41:09','2016-08-10 06:41:09',2559),
	(941,1025,32,8,17,'2016-08-10 06:41:09','2016-08-10 06:41:09',2559),
	(942,1025,32,9,21,'2016-08-10 06:41:09','2016-08-10 06:41:09',2559),
	(943,1025,32,10,25,'2016-08-10 06:41:09','2016-08-10 06:41:09',2559),
	(944,1025,32,11,29,'2016-08-10 06:41:09','2016-08-10 06:41:09',2559),
	(945,1025,32,12,33,'2016-08-10 06:41:09','2016-08-10 06:41:09',2559),
	(946,1025,32,13,37,'2016-08-10 06:41:09','2016-08-10 06:41:09',2559),
	(947,1025,32,14,42,'2016-08-10 06:41:09','2016-08-10 06:41:09',2559),
	(948,1025,32,15,46,'2016-08-10 06:41:09','2016-08-10 06:41:09',2559),
	(949,1025,32,16,50,'2016-08-10 06:41:09','2016-08-10 06:41:09',2559),
	(950,1025,32,17,53,'2016-08-10 06:41:09','2016-08-10 06:41:09',2559),
	(951,1025,32,18,57,'2016-08-10 06:41:09','2016-08-10 06:41:09',2559),
	(952,1025,32,19,61,'2016-08-10 06:41:09','2016-08-10 06:41:09',2559),
	(953,1025,32,20,65,'2016-08-10 06:41:09','2016-08-10 06:41:09',2559),
	(954,1025,32,21,70,'2016-08-10 06:41:09','2016-08-10 06:41:09',2559),
	(955,1025,32,22,74,'2016-08-10 06:41:09','2016-08-10 06:41:09',2559),
	(956,1025,32,23,77,'2016-08-10 06:41:09','2016-08-10 06:41:09',2559),
	(957,1026,35,57,342,'2016-08-10 06:47:02','2016-08-10 06:47:02',2559),
	(958,1026,35,58,345,'2016-08-10 06:47:02','2016-08-10 06:47:02',2559),
	(959,1026,35,59,347,'2016-08-10 06:47:02','2016-08-10 06:47:02',2559),
	(960,1026,35,60,351,'2016-08-10 06:47:02','2016-08-10 06:47:02',2559),
	(961,1026,35,61,355,'2016-08-10 06:47:02','2016-08-10 06:47:02',2559),
	(962,1026,35,62,357,'2016-08-10 06:47:02','2016-08-10 06:47:02',2559),
	(963,1026,35,63,361,'2016-08-10 06:47:03','2016-08-10 06:47:03',2559),
	(964,1026,35,64,363,'2016-08-10 06:47:03','2016-08-10 06:47:03',2559),
	(965,1026,35,65,367,'2016-08-10 06:47:03','2016-08-10 06:47:03',2559),
	(966,1026,35,66,369,'2016-08-10 06:47:03','2016-08-10 06:47:03',2559),
	(967,1026,35,67,373,'2016-08-10 06:47:03','2016-08-10 06:47:03',2559),
	(968,1026,35,68,374,'2016-08-10 06:47:03','2016-08-10 06:47:03',2559),
	(969,1026,35,69,377,'2016-08-10 06:47:03','2016-08-10 06:47:03',2559),
	(970,1026,35,70,381,'2016-08-10 06:47:03','2016-08-10 06:47:03',2559),
	(971,1026,35,71,385,'2016-08-10 06:47:03','2016-08-10 06:47:03',2559),
	(972,1026,35,72,387,'2016-08-10 06:47:03','2016-08-10 06:47:03',2559),
	(973,1026,35,73,391,'2016-08-10 06:47:03','2016-08-10 06:47:03',2559),
	(974,1026,35,74,392,'2016-08-10 06:47:03','2016-08-10 06:47:03',2559),
	(975,1026,35,75,395,'2016-08-10 06:47:03','2016-08-10 06:47:03',2559),
	(976,1026,35,76,399,'2016-08-10 06:47:03','2016-08-10 06:47:03',2559),
	(977,1026,35,77,403,'2016-08-10 06:47:03','2016-08-10 06:47:03',2559),
	(978,1026,35,78,404,'2016-08-10 06:47:03','2016-08-10 06:47:03',2559),
	(979,1026,35,79,407,'2016-08-10 06:47:03','2016-08-10 06:47:03',2559),
	(980,1026,35,80,411,'2016-08-10 06:47:03','2016-08-10 06:47:03',2559),
	(981,1026,35,81,415,'2016-08-10 06:47:03','2016-08-10 06:47:03',2559),
	(982,1026,35,82,416,'2016-08-10 06:47:03','2016-08-10 06:47:03',2559),
	(983,1026,35,83,418,'2016-08-10 06:47:03','2016-08-10 06:47:03',2559),
	(984,1026,35,86,422,'2016-08-10 06:47:03','2016-08-10 06:47:03',2559),
	(985,1026,35,87,426,'2016-08-10 06:47:03','2016-08-10 06:47:03',2559),
	(986,1026,35,88,448,'2016-08-10 06:47:03','2016-08-10 06:47:03',2559),
	(987,1026,35,88,445,'2016-08-10 06:47:03','2016-08-10 06:47:03',2559),
	(988,1026,35,88,439,'2016-08-10 06:47:03','2016-08-10 06:47:03',2559),
	(989,1026,35,88,430,'2016-08-10 06:47:03','2016-08-10 06:47:03',2559),
	(990,1026,35,89,452,'2016-08-10 06:47:03','2016-08-10 06:47:03',2559),
	(991,1027,35,57,343,'2016-08-10 06:48:10','2016-08-10 06:48:10',2559),
	(992,1027,35,58,344,'2016-08-10 06:48:11','2016-08-10 06:48:11',2559),
	(993,1027,35,59,347,'2016-08-10 06:48:11','2016-08-10 06:48:11',2559),
	(994,1027,35,60,352,'2016-08-10 06:48:11','2016-08-10 06:48:11',2559),
	(995,1027,35,61,353,'2016-08-10 06:48:11','2016-08-10 06:48:11',2559),
	(996,1027,35,62,356,'2016-08-10 06:48:11','2016-08-10 06:48:11',2559),
	(997,1027,35,63,360,'2016-08-10 06:48:11','2016-08-10 06:48:11',2559),
	(998,1027,35,64,363,'2016-08-10 06:48:11','2016-08-10 06:48:11',2559),
	(999,1027,35,65,365,'2016-08-10 06:48:11','2016-08-10 06:48:11',2559),
	(1000,1027,35,66,368,'2016-08-10 06:48:11','2016-08-10 06:48:11',2559),
	(1001,1027,35,67,373,'2016-08-10 06:48:11','2016-08-10 06:48:11',2559),
	(1002,1027,35,68,374,'2016-08-10 06:48:11','2016-08-10 06:48:11',2559),
	(1003,1027,35,69,377,'2016-08-10 06:48:11','2016-08-10 06:48:11',2559),
	(1004,1027,35,70,381,'2016-08-10 06:48:11','2016-08-10 06:48:11',2559),
	(1005,1027,35,71,383,'2016-08-10 06:48:11','2016-08-10 06:48:11',2559),
	(1006,1027,35,72,386,'2016-08-10 06:48:11','2016-08-10 06:48:11',2559),
	(1007,1027,35,73,391,'2016-08-10 06:48:11','2016-08-10 06:48:11',2559),
	(1008,1027,35,74,392,'2016-08-10 06:48:11','2016-08-10 06:48:11',2559),
	(1009,1027,35,75,395,'2016-08-10 06:48:11','2016-08-10 06:48:11',2559),
	(1010,1027,35,76,399,'2016-08-10 06:48:11','2016-08-10 06:48:11',2559),
	(1011,1027,35,77,403,'2016-08-10 06:48:11','2016-08-10 06:48:11',2559),
	(1012,1027,35,78,404,'2016-08-10 06:48:11','2016-08-10 06:48:11',2559),
	(1013,1027,35,79,408,'2016-08-10 06:48:11','2016-08-10 06:48:11',2559),
	(1014,1027,35,80,410,'2016-08-10 06:48:11','2016-08-10 06:48:11',2559),
	(1015,1027,35,81,414,'2016-08-10 06:48:11','2016-08-10 06:48:11',2559),
	(1016,1027,35,82,416,'2016-08-10 06:48:11','2016-08-10 06:48:11',2559),
	(1017,1027,35,83,418,'2016-08-10 06:48:11','2016-08-10 06:48:11',2559),
	(1018,1027,35,86,421,'2016-08-10 06:48:11','2016-08-10 06:48:11',2559),
	(1019,1027,35,87,425,'2016-08-10 06:48:11','2016-08-10 06:48:11',2559),
	(1020,1027,35,88,448,'2016-08-10 06:48:11','2016-08-10 06:48:11',2559),
	(1021,1027,35,88,443,'2016-08-10 06:48:11','2016-08-10 06:48:11',2559),
	(1022,1027,35,88,438,'2016-08-10 06:48:11','2016-08-10 06:48:11',2559),
	(1023,1027,35,88,430,'2016-08-10 06:48:11','2016-08-10 06:48:11',2559),
	(1024,1027,35,89,452,'2016-08-10 06:48:11','2016-08-10 06:48:11',2559),
	(1025,1028,35,57,342,'2016-08-10 06:48:15','2016-08-10 06:48:15',2559),
	(1026,1028,35,58,344,'2016-08-10 06:48:15','2016-08-10 06:48:15',2559),
	(1027,1028,35,59,347,'2016-08-10 06:48:15','2016-08-10 06:48:15',2559),
	(1028,1028,35,60,352,'2016-08-10 06:48:15','2016-08-10 06:48:15',2559),
	(1029,1028,35,61,353,'2016-08-10 06:48:15','2016-08-10 06:48:15',2559),
	(1030,1028,35,62,357,'2016-08-10 06:48:15','2016-08-10 06:48:15',2559),
	(1031,1028,35,63,360,'2016-08-10 06:48:15','2016-08-10 06:48:15',2559),
	(1032,1028,35,64,363,'2016-08-10 06:48:16','2016-08-10 06:48:16',2559),
	(1033,1028,35,65,365,'2016-08-10 06:48:16','2016-08-10 06:48:16',2559),
	(1034,1028,35,66,368,'2016-08-10 06:48:16','2016-08-10 06:48:16',2559),
	(1035,1028,35,67,373,'2016-08-10 06:48:16','2016-08-10 06:48:16',2559),
	(1036,1028,35,68,374,'2016-08-10 06:48:16','2016-08-10 06:48:16',2559),
	(1037,1028,35,69,377,'2016-08-10 06:48:16','2016-08-10 06:48:16',2559),
	(1038,1028,35,70,381,'2016-08-10 06:48:16','2016-08-10 06:48:16',2559),
	(1039,1028,35,71,383,'2016-08-10 06:48:16','2016-08-10 06:48:16',2559),
	(1040,1028,35,72,387,'2016-08-10 06:48:16','2016-08-10 06:48:16',2559),
	(1041,1028,35,73,390,'2016-08-10 06:48:16','2016-08-10 06:48:16',2559),
	(1042,1028,35,74,392,'2016-08-10 06:48:16','2016-08-10 06:48:16',2559),
	(1043,1028,35,75,396,'2016-08-10 06:48:16','2016-08-10 06:48:16',2559),
	(1044,1028,35,76,399,'2016-08-10 06:48:16','2016-08-10 06:48:16',2559),
	(1045,1028,35,77,403,'2016-08-10 06:48:16','2016-08-10 06:48:16',2559),
	(1046,1028,35,78,404,'2016-08-10 06:48:16','2016-08-10 06:48:16',2559),
	(1047,1028,35,79,408,'2016-08-10 06:48:16','2016-08-10 06:48:16',2559),
	(1048,1028,35,80,410,'2016-08-10 06:48:16','2016-08-10 06:48:16',2559),
	(1049,1028,35,81,414,'2016-08-10 06:48:16','2016-08-10 06:48:16',2559),
	(1050,1028,35,82,416,'2016-08-10 06:48:16','2016-08-10 06:48:16',2559),
	(1051,1028,35,83,417,'2016-08-10 06:48:16','2016-08-10 06:48:16',2559),
	(1052,1028,35,87,425,'2016-08-10 06:48:16','2016-08-10 06:48:16',2559),
	(1053,1028,35,88,448,'2016-08-10 06:48:16','2016-08-10 06:48:16',2559),
	(1054,1028,35,88,443,'2016-08-10 06:48:16','2016-08-10 06:48:16',2559),
	(1055,1028,35,88,439,'2016-08-10 06:48:16','2016-08-10 06:48:16',2559),
	(1056,1028,35,88,431,'2016-08-10 06:48:16','2016-08-10 06:48:16',2559),
	(1057,1028,35,89,452,'2016-08-10 06:48:16','2016-08-10 06:48:16',2559),
	(1058,1026,34,56,337,'2016-08-10 06:50:08','2016-08-10 06:50:08',2559),
	(1059,1026,34,56,339,'2016-08-10 06:50:08','2016-08-10 06:50:08',2559),
	(1060,1026,34,55,300,'2016-08-10 06:50:08','2016-08-10 06:50:08',2559),
	(1061,1026,34,54,285,'2016-08-10 06:50:08','2016-08-10 06:50:08',2559),
	(1062,1026,34,53,270,'2016-08-10 06:50:08','2016-08-10 06:50:08',2559),
	(1063,1026,34,52,260,'2016-08-10 06:50:08','2016-08-10 06:50:08',2559),
	(1064,1026,34,51,250,'2016-08-10 06:50:08','2016-08-10 06:50:08',2559),
	(1065,1026,34,50,234,'2016-08-10 06:50:08','2016-08-10 06:50:08',2559),
	(1066,1026,34,49,225,'2016-08-10 06:50:08','2016-08-10 06:50:08',2559),
	(1067,1026,34,48,202,'2016-08-10 06:50:08','2016-08-10 06:50:08',2559),
	(1068,1026,34,48,205,'2016-08-10 06:50:08','2016-08-10 06:50:08',2559),
	(1069,1026,34,47,169,'2016-08-10 06:50:08','2016-08-10 06:50:08',2559),
	(1070,1026,34,45,165,'2016-08-10 06:50:08','2016-08-10 06:50:08',2559),
	(1071,1025,34,56,333,'2016-08-10 06:50:25','2016-08-10 06:50:25',2559),
	(1072,1025,34,55,300,'2016-08-10 06:50:25','2016-08-10 06:50:25',2559),
	(1073,1025,34,54,286,'2016-08-10 06:50:25','2016-08-10 06:50:25',2559),
	(1074,1025,34,54,291,'2016-08-10 06:50:25','2016-08-10 06:50:25',2559),
	(1075,1025,34,54,287,'2016-08-10 06:50:25','2016-08-10 06:50:25',2559),
	(1076,1025,34,53,270,'2016-08-10 06:50:25','2016-08-10 06:50:25',2559),
	(1077,1025,34,52,260,'2016-08-10 06:50:25','2016-08-10 06:50:25',2559),
	(1078,1025,34,51,250,'2016-08-10 06:50:25','2016-08-10 06:50:25',2559),
	(1079,1025,34,50,234,'2016-08-10 06:50:25','2016-08-10 06:50:25',2559),
	(1080,1025,34,49,225,'2016-08-10 06:50:25','2016-08-10 06:50:25',2559),
	(1081,1025,34,48,202,'2016-08-10 06:50:25','2016-08-10 06:50:25',2559),
	(1082,1025,34,48,205,'2016-08-10 06:50:25','2016-08-10 06:50:25',2559),
	(1083,1025,34,47,169,'2016-08-10 06:50:26','2016-08-10 06:50:26',2559),
	(1084,1025,34,45,165,'2016-08-10 06:50:26','2016-08-10 06:50:26',2559),
	(1091,1028,34,56,333,'2016-08-10 06:52:48','2016-08-10 06:52:48',2559),
	(1092,1028,34,55,300,'2016-08-10 06:52:48','2016-08-10 06:52:48',2559),
	(1093,1028,34,54,293,'2016-08-10 06:52:48','2016-08-10 06:52:48',2559),
	(1094,1028,34,54,294,'2016-08-10 06:52:48','2016-08-10 06:52:48',2559),
	(1095,1028,34,53,270,'2016-08-10 06:52:48','2016-08-10 06:52:48',2559),
	(1096,1028,34,52,260,'2016-08-10 06:52:48','2016-08-10 06:52:48',2559),
	(1097,1028,34,51,250,'2016-08-10 06:52:48','2016-08-10 06:52:48',2559),
	(1098,1028,34,50,234,'2016-08-10 06:52:48','2016-08-10 06:52:48',2559),
	(1099,1028,34,49,225,'2016-08-10 06:52:48','2016-08-10 06:52:48',2559),
	(1100,1028,34,48,202,'2016-08-10 06:52:49','2016-08-10 06:52:49',2559),
	(1101,1028,34,48,203,'2016-08-10 06:52:49','2016-08-10 06:52:49',2559),
	(1102,1028,34,47,169,'2016-08-10 06:52:49','2016-08-10 06:52:49',2559),
	(1103,1028,34,45,166,'2016-08-10 06:52:49','2016-08-10 06:52:49',2559),
	(1104,1027,34,56,333,'2016-08-10 06:53:16','2016-08-10 06:53:16',2559),
	(1105,1027,34,54,286,'2016-08-10 06:53:16','2016-08-10 06:53:16',2559),
	(1106,1027,34,54,291,'2016-08-10 06:53:16','2016-08-10 06:53:16',2559),
	(1107,1027,34,54,287,'2016-08-10 06:53:16','2016-08-10 06:53:16',2559),
	(1108,1027,34,53,270,'2016-08-10 06:53:16','2016-08-10 06:53:16',2559),
	(1109,1027,34,52,260,'2016-08-10 06:53:16','2016-08-10 06:53:16',2559),
	(1110,1027,34,51,250,'2016-08-10 06:53:16','2016-08-10 06:53:16',2559),
	(1111,1027,34,50,234,'2016-08-10 06:53:16','2016-08-10 06:53:16',2559),
	(1112,1027,34,49,225,'2016-08-10 06:53:16','2016-08-10 06:53:16',2559),
	(1113,1027,34,48,201,'2016-08-10 06:53:16','2016-08-10 06:53:16',2559),
	(1114,1027,34,47,169,'2016-08-10 06:53:16','2016-08-10 06:53:16',2559),
	(1115,1027,34,45,166,'2016-08-10 06:53:16','2016-08-10 06:53:16',2559),
	(1116,1029,35,57,343,'2016-08-11 06:22:28','2016-08-11 06:22:28',2559),
	(1117,1029,35,58,345,'2016-08-11 06:22:28','2016-08-11 06:22:28',2559),
	(1118,1029,35,59,347,'2016-08-11 06:22:28','2016-08-11 06:22:28',2559),
	(1119,1029,35,60,351,'2016-08-11 06:22:28','2016-08-11 06:22:28',2559),
	(1120,1029,35,61,353,'2016-08-11 06:22:28','2016-08-11 06:22:28',2559),
	(1121,1029,35,62,356,'2016-08-11 06:22:28','2016-08-11 06:22:28',2559),
	(1122,1029,35,63,360,'2016-08-11 06:22:28','2016-08-11 06:22:28',2559),
	(1123,1029,35,64,362,'2016-08-11 06:22:28','2016-08-11 06:22:28',2559),
	(1124,1029,35,65,366,'2016-08-11 06:22:28','2016-08-11 06:22:28',2559),
	(1125,1029,35,66,369,'2016-08-11 06:22:28','2016-08-11 06:22:28',2559),
	(1126,1029,35,67,373,'2016-08-11 06:22:28','2016-08-11 06:22:28',2559),
	(1127,1029,35,68,374,'2016-08-11 06:22:28','2016-08-11 06:22:28',2559),
	(1128,1029,35,69,377,'2016-08-11 06:22:28','2016-08-11 06:22:28',2559),
	(1129,1029,35,70,381,'2016-08-11 06:22:28','2016-08-11 06:22:28',2559),
	(1130,1029,35,71,384,'2016-08-11 06:22:28','2016-08-11 06:22:28',2559),
	(1131,1029,35,72,387,'2016-08-11 06:22:28','2016-08-11 06:22:28',2559),
	(1132,1029,35,73,390,'2016-08-11 06:22:28','2016-08-11 06:22:28',2559),
	(1133,1029,35,74,392,'2016-08-11 06:22:28','2016-08-11 06:22:28',2559),
	(1134,1029,35,75,395,'2016-08-11 06:22:28','2016-08-11 06:22:28',2559),
	(1135,1029,35,76,399,'2016-08-11 06:22:28','2016-08-11 06:22:28',2559),
	(1136,1029,35,77,402,'2016-08-11 06:22:28','2016-08-11 06:22:28',2559),
	(1137,1029,35,78,404,'2016-08-11 06:22:28','2016-08-11 06:22:28',2559),
	(1138,1029,35,79,407,'2016-08-11 06:22:28','2016-08-11 06:22:28',2559),
	(1139,1029,35,80,410,'2016-08-11 06:22:28','2016-08-11 06:22:28',2559),
	(1140,1029,35,81,414,'2016-08-11 06:22:28','2016-08-11 06:22:28',2559),
	(1141,1029,35,82,416,'2016-08-11 06:22:28','2016-08-11 06:22:28',2559),
	(1142,1029,35,83,418,'2016-08-11 06:22:28','2016-08-11 06:22:28',2559),
	(1143,1029,35,86,424,'2016-08-11 06:22:28','2016-08-11 06:22:28',2559),
	(1144,1029,35,87,426,'2016-08-11 06:22:28','2016-08-11 06:22:28',2559),
	(1145,1029,35,88,448,'2016-08-11 06:22:28','2016-08-11 06:22:28',2559),
	(1146,1029,35,88,443,'2016-08-11 06:22:28','2016-08-11 06:22:28',2559),
	(1147,1029,35,88,439,'2016-08-11 06:22:28','2016-08-11 06:22:28',2559),
	(1148,1029,35,88,430,'2016-08-11 06:22:28','2016-08-11 06:22:28',2559),
	(1149,1029,35,89,452,'2016-08-11 06:22:29','2016-08-11 06:22:29',2559),
	(1150,1030,35,57,343,'2016-08-11 06:39:07','2016-08-11 06:39:07',2559),
	(1151,1030,35,58,345,'2016-08-11 06:39:07','2016-08-11 06:39:07',2559),
	(1152,1030,35,59,347,'2016-08-11 06:39:07','2016-08-11 06:39:07',2559),
	(1153,1030,35,60,352,'2016-08-11 06:39:07','2016-08-11 06:39:07',2559),
	(1154,1030,35,61,353,'2016-08-11 06:39:07','2016-08-11 06:39:07',2559),
	(1155,1030,35,62,356,'2016-08-11 06:39:07','2016-08-11 06:39:07',2559),
	(1156,1030,35,63,360,'2016-08-11 06:39:07','2016-08-11 06:39:07',2559),
	(1157,1030,35,64,363,'2016-08-11 06:39:07','2016-08-11 06:39:07',2559),
	(1158,1030,35,65,366,'2016-08-11 06:39:07','2016-08-11 06:39:07',2559),
	(1159,1030,35,66,368,'2016-08-11 06:39:07','2016-08-11 06:39:07',2559),
	(1160,1030,35,67,373,'2016-08-11 06:39:07','2016-08-11 06:39:07',2559),
	(1161,1030,35,68,375,'2016-08-11 06:39:08','2016-08-11 06:39:08',2559),
	(1162,1030,35,69,377,'2016-08-11 06:39:08','2016-08-11 06:39:08',2559),
	(1163,1030,35,70,381,'2016-08-11 06:39:08','2016-08-11 06:39:08',2559),
	(1164,1030,35,71,383,'2016-08-11 06:39:08','2016-08-11 06:39:08',2559),
	(1165,1030,35,72,386,'2016-08-11 06:39:08','2016-08-11 06:39:08',2559),
	(1166,1030,35,73,391,'2016-08-11 06:39:08','2016-08-11 06:39:08',2559),
	(1167,1030,35,74,392,'2016-08-11 06:39:08','2016-08-11 06:39:08',2559),
	(1168,1030,35,75,395,'2016-08-11 06:39:08','2016-08-11 06:39:08',2559),
	(1169,1030,35,76,400,'2016-08-11 06:39:08','2016-08-11 06:39:08',2559),
	(1170,1030,35,77,402,'2016-08-11 06:39:08','2016-08-11 06:39:08',2559),
	(1171,1030,35,78,404,'2016-08-11 06:39:08','2016-08-11 06:39:08',2559),
	(1172,1030,35,79,408,'2016-08-11 06:39:08','2016-08-11 06:39:08',2559),
	(1173,1030,35,80,411,'2016-08-11 06:39:08','2016-08-11 06:39:08',2559),
	(1174,1030,35,81,415,'2016-08-11 06:39:08','2016-08-11 06:39:08',2559),
	(1175,1030,35,82,416,'2016-08-11 06:39:08','2016-08-11 06:39:08',2559),
	(1176,1030,35,83,418,'2016-08-11 06:39:08','2016-08-11 06:39:08',2559),
	(1177,1030,35,86,421,'2016-08-11 06:39:08','2016-08-11 06:39:08',2559),
	(1178,1030,35,87,427,'2016-08-11 06:39:08','2016-08-11 06:39:08',2559),
	(1179,1030,35,88,448,'2016-08-11 06:39:08','2016-08-11 06:39:08',2559),
	(1180,1030,35,88,444,'2016-08-11 06:39:08','2016-08-11 06:39:08',2559),
	(1181,1030,35,88,439,'2016-08-11 06:39:08','2016-08-11 06:39:08',2559),
	(1182,1030,35,88,430,'2016-08-11 06:39:08','2016-08-11 06:39:08',2559),
	(1183,1030,35,89,452,'2016-08-11 06:39:08','2016-08-11 06:39:08',2559),
	(1184,1031,35,57,342,'2016-08-11 06:46:03','2016-08-11 06:46:03',2559),
	(1185,1031,35,58,344,'2016-08-11 06:46:03','2016-08-11 06:46:03',2559),
	(1186,1031,35,59,347,'2016-08-11 06:46:03','2016-08-11 06:46:03',2559),
	(1187,1031,35,60,352,'2016-08-11 06:46:03','2016-08-11 06:46:03',2559),
	(1188,1031,35,61,353,'2016-08-11 06:46:03','2016-08-11 06:46:03',2559),
	(1189,1031,35,62,356,'2016-08-11 06:46:03','2016-08-11 06:46:03',2559),
	(1190,1031,35,63,360,'2016-08-11 06:46:03','2016-08-11 06:46:03',2559),
	(1191,1031,35,64,363,'2016-08-11 06:46:03','2016-08-11 06:46:03',2559),
	(1192,1031,35,65,366,'2016-08-11 06:46:03','2016-08-11 06:46:03',2559),
	(1193,1031,35,66,368,'2016-08-11 06:46:03','2016-08-11 06:46:03',2559),
	(1194,1031,35,67,373,'2016-08-11 06:46:03','2016-08-11 06:46:03',2559),
	(1195,1031,35,68,374,'2016-08-11 06:46:03','2016-08-11 06:46:03',2559),
	(1196,1031,35,69,377,'2016-08-11 06:46:03','2016-08-11 06:46:03',2559),
	(1197,1031,35,70,381,'2016-08-11 06:46:03','2016-08-11 06:46:03',2559),
	(1198,1031,35,71,384,'2016-08-11 06:46:03','2016-08-11 06:46:03',2559),
	(1199,1031,35,72,387,'2016-08-11 06:46:03','2016-08-11 06:46:03',2559),
	(1200,1031,35,73,391,'2016-08-11 06:46:03','2016-08-11 06:46:03',2559),
	(1201,1031,35,74,392,'2016-08-11 06:46:03','2016-08-11 06:46:03',2559),
	(1202,1031,35,75,395,'2016-08-11 06:46:03','2016-08-11 06:46:03',2559),
	(1203,1031,35,76,400,'2016-08-11 06:46:03','2016-08-11 06:46:03',2559),
	(1204,1031,35,77,402,'2016-08-11 06:46:03','2016-08-11 06:46:03',2559),
	(1205,1031,35,78,404,'2016-08-11 06:46:03','2016-08-11 06:46:03',2559),
	(1206,1031,35,79,407,'2016-08-11 06:46:03','2016-08-11 06:46:03',2559),
	(1207,1031,35,80,410,'2016-08-11 06:46:03','2016-08-11 06:46:03',2559),
	(1208,1031,35,81,414,'2016-08-11 06:46:03','2016-08-11 06:46:03',2559),
	(1209,1031,35,82,416,'2016-08-11 06:46:03','2016-08-11 06:46:03',2559),
	(1210,1031,35,83,418,'2016-08-11 06:46:03','2016-08-11 06:46:03',2559),
	(1211,1031,35,86,421,'2016-08-11 06:46:03','2016-08-11 06:46:03',2559),
	(1212,1031,35,87,426,'2016-08-11 06:46:03','2016-08-11 06:46:03',2559),
	(1213,1031,35,88,448,'2016-08-11 06:46:03','2016-08-11 06:46:03',2559),
	(1214,1031,35,88,443,'2016-08-11 06:46:03','2016-08-11 06:46:03',2559),
	(1215,1031,35,88,438,'2016-08-11 06:46:04','2016-08-11 06:46:04',2559),
	(1216,1031,35,88,430,'2016-08-11 06:46:04','2016-08-11 06:46:04',2559),
	(1217,1031,35,89,452,'2016-08-11 06:46:04','2016-08-11 06:46:04',2559),
	(1218,1032,35,57,343,'2016-08-11 06:50:24','2016-08-11 06:50:24',2559),
	(1219,1032,35,58,344,'2016-08-11 06:50:24','2016-08-11 06:50:24',2559),
	(1220,1032,35,59,347,'2016-08-11 06:50:24','2016-08-11 06:50:24',2559),
	(1221,1032,35,60,352,'2016-08-11 06:50:24','2016-08-11 06:50:24',2559),
	(1222,1032,35,61,353,'2016-08-11 06:50:24','2016-08-11 06:50:24',2559),
	(1223,1032,35,62,356,'2016-08-11 06:50:24','2016-08-11 06:50:24',2559),
	(1224,1032,35,63,359,'2016-08-11 06:50:24','2016-08-11 06:50:24',2559),
	(1225,1032,35,64,363,'2016-08-11 06:50:24','2016-08-11 06:50:24',2559),
	(1226,1032,35,65,366,'2016-08-11 06:50:24','2016-08-11 06:50:24',2559),
	(1227,1032,35,66,368,'2016-08-11 06:50:24','2016-08-11 06:50:24',2559),
	(1228,1032,35,67,373,'2016-08-11 06:50:24','2016-08-11 06:50:24',2559),
	(1229,1032,35,68,374,'2016-08-11 06:50:24','2016-08-11 06:50:24',2559),
	(1230,1032,35,69,377,'2016-08-11 06:50:24','2016-08-11 06:50:24',2559),
	(1231,1032,35,70,381,'2016-08-11 06:50:24','2016-08-11 06:50:24',2559),
	(1232,1032,35,71,384,'2016-08-11 06:50:24','2016-08-11 06:50:24',2559),
	(1233,1032,35,72,386,'2016-08-11 06:50:24','2016-08-11 06:50:24',2559),
	(1234,1032,35,73,391,'2016-08-11 06:50:24','2016-08-11 06:50:24',2559),
	(1235,1032,35,74,392,'2016-08-11 06:50:24','2016-08-11 06:50:24',2559),
	(1236,1032,35,75,395,'2016-08-11 06:50:24','2016-08-11 06:50:24',2559),
	(1237,1032,35,76,400,'2016-08-11 06:50:24','2016-08-11 06:50:24',2559),
	(1238,1032,35,77,402,'2016-08-11 06:50:24','2016-08-11 06:50:24',2559),
	(1239,1032,35,78,404,'2016-08-11 06:50:24','2016-08-11 06:50:24',2559),
	(1240,1032,35,79,407,'2016-08-11 06:50:24','2016-08-11 06:50:24',2559),
	(1241,1032,35,80,410,'2016-08-11 06:50:24','2016-08-11 06:50:24',2559),
	(1242,1032,35,81,414,'2016-08-11 06:50:24','2016-08-11 06:50:24',2559),
	(1243,1032,35,82,416,'2016-08-11 06:50:24','2016-08-11 06:50:24',2559),
	(1244,1032,35,83,418,'2016-08-11 06:50:24','2016-08-11 06:50:24',2559),
	(1245,1032,35,86,421,'2016-08-11 06:50:25','2016-08-11 06:50:25',2559),
	(1246,1032,35,87,425,'2016-08-11 06:50:25','2016-08-11 06:50:25',2559),
	(1247,1032,35,88,448,'2016-08-11 06:50:25','2016-08-11 06:50:25',2559),
	(1248,1032,35,88,443,'2016-08-11 06:50:25','2016-08-11 06:50:25',2559),
	(1249,1032,35,88,438,'2016-08-11 06:50:25','2016-08-11 06:50:25',2559),
	(1250,1032,35,88,430,'2016-08-11 06:50:25','2016-08-11 06:50:25',2559),
	(1251,1032,35,89,452,'2016-08-11 06:50:25','2016-08-11 06:50:25',2559),
	(1252,1033,35,57,343,'2016-08-11 06:54:22','2016-08-11 06:54:22',2559),
	(1253,1033,35,58,345,'2016-08-11 06:54:22','2016-08-11 06:54:22',2559),
	(1254,1033,35,59,349,'2016-08-11 06:54:22','2016-08-11 06:54:22',2559),
	(1255,1033,35,60,351,'2016-08-11 06:54:22','2016-08-11 06:54:22',2559),
	(1256,1033,35,61,354,'2016-08-11 06:54:22','2016-08-11 06:54:22',2559),
	(1257,1033,35,62,356,'2016-08-11 06:54:22','2016-08-11 06:54:22',2559),
	(1258,1033,35,63,360,'2016-08-11 06:54:22','2016-08-11 06:54:22',2559),
	(1259,1033,35,64,364,'2016-08-11 06:54:22','2016-08-11 06:54:22',2559),
	(1260,1033,35,65,367,'2016-08-11 06:54:22','2016-08-11 06:54:22',2559),
	(1261,1033,35,66,368,'2016-08-11 06:54:22','2016-08-11 06:54:22',2559),
	(1262,1033,35,67,373,'2016-08-11 06:54:22','2016-08-11 06:54:22',2559),
	(1263,1033,35,68,375,'2016-08-11 06:54:22','2016-08-11 06:54:22',2559),
	(1264,1033,35,69,378,'2016-08-11 06:54:22','2016-08-11 06:54:22',2559),
	(1265,1033,35,70,381,'2016-08-11 06:54:22','2016-08-11 06:54:22',2559),
	(1266,1033,35,71,384,'2016-08-11 06:54:22','2016-08-11 06:54:22',2559),
	(1267,1033,35,72,387,'2016-08-11 06:54:22','2016-08-11 06:54:22',2559),
	(1268,1033,35,73,391,'2016-08-11 06:54:22','2016-08-11 06:54:22',2559),
	(1269,1033,35,74,393,'2016-08-11 06:54:22','2016-08-11 06:54:22',2559),
	(1270,1033,35,75,396,'2016-08-11 06:54:22','2016-08-11 06:54:22',2559),
	(1271,1033,35,76,400,'2016-08-11 06:54:22','2016-08-11 06:54:22',2559),
	(1272,1033,35,77,402,'2016-08-11 06:54:22','2016-08-11 06:54:22',2559),
	(1273,1033,35,78,404,'2016-08-11 06:54:22','2016-08-11 06:54:22',2559),
	(1274,1033,35,79,409,'2016-08-11 06:54:22','2016-08-11 06:54:22',2559),
	(1275,1033,35,80,410,'2016-08-11 06:54:22','2016-08-11 06:54:22',2559),
	(1276,1033,35,81,414,'2016-08-11 06:54:22','2016-08-11 06:54:22',2559),
	(1277,1033,35,82,416,'2016-08-11 06:54:22','2016-08-11 06:54:22',2559),
	(1278,1033,35,83,418,'2016-08-11 06:54:22','2016-08-11 06:54:22',2559),
	(1279,1033,35,86,421,'2016-08-11 06:54:22','2016-08-11 06:54:22',2559),
	(1280,1033,35,87,425,'2016-08-11 06:54:22','2016-08-11 06:54:22',2559),
	(1281,1033,35,88,448,'2016-08-11 06:54:22','2016-08-11 06:54:22',2559),
	(1282,1033,35,88,443,'2016-08-11 06:54:22','2016-08-11 06:54:22',2559),
	(1283,1033,35,88,438,'2016-08-11 06:54:22','2016-08-11 06:54:22',2559),
	(1284,1033,35,88,430,'2016-08-11 06:54:22','2016-08-11 06:54:22',2559),
	(1285,1033,35,89,452,'2016-08-11 06:54:23','2016-08-11 06:54:23',2559),
	(1286,1034,35,57,343,'2016-08-11 11:38:45','2016-08-11 11:38:45',2559),
	(1287,1034,35,58,345,'2016-08-11 11:38:45','2016-08-11 11:38:45',2559),
	(1288,1034,35,59,348,'2016-08-11 11:38:45','2016-08-11 11:38:45',2559),
	(1289,1034,35,60,352,'2016-08-11 11:38:45','2016-08-11 11:38:45',2559),
	(1290,1034,35,61,355,'2016-08-11 11:38:45','2016-08-11 11:38:45',2559),
	(1291,1034,35,62,356,'2016-08-11 11:38:45','2016-08-11 11:38:45',2559),
	(1292,1034,35,63,360,'2016-08-11 11:38:45','2016-08-11 11:38:45',2559),
	(1293,1034,35,64,363,'2016-08-11 11:38:45','2016-08-11 11:38:45',2559),
	(1294,1034,35,65,367,'2016-08-11 11:38:45','2016-08-11 11:38:45',2559),
	(1295,1034,35,66,368,'2016-08-11 11:38:45','2016-08-11 11:38:45',2559),
	(1296,1034,35,67,373,'2016-08-11 11:38:45','2016-08-11 11:38:45',2559),
	(1297,1034,35,68,374,'2016-08-11 11:38:45','2016-08-11 11:38:45',2559),
	(1298,1034,35,69,377,'2016-08-11 11:38:45','2016-08-11 11:38:45',2559),
	(1299,1034,35,70,381,'2016-08-11 11:38:45','2016-08-11 11:38:45',2559),
	(1300,1034,35,71,383,'2016-08-11 11:38:45','2016-08-11 11:38:45',2559),
	(1301,1034,35,72,388,'2016-08-11 11:38:45','2016-08-11 11:38:45',2559),
	(1302,1034,35,73,391,'2016-08-11 11:38:45','2016-08-11 11:38:45',2559),
	(1303,1034,35,74,393,'2016-08-11 11:38:45','2016-08-11 11:38:45',2559),
	(1304,1034,35,75,396,'2016-08-11 11:38:45','2016-08-11 11:38:45',2559),
	(1305,1034,35,76,399,'2016-08-11 11:38:45','2016-08-11 11:38:45',2559),
	(1306,1034,35,77,401,'2016-08-11 11:38:45','2016-08-11 11:38:45',2559),
	(1307,1034,35,78,404,'2016-08-11 11:38:45','2016-08-11 11:38:45',2559),
	(1308,1034,35,79,407,'2016-08-11 11:38:45','2016-08-11 11:38:45',2559),
	(1309,1034,35,80,410,'2016-08-11 11:38:45','2016-08-11 11:38:45',2559),
	(1310,1034,35,81,415,'2016-08-11 11:38:45','2016-08-11 11:38:45',2559),
	(1311,1034,35,82,416,'2016-08-11 11:38:45','2016-08-11 11:38:45',2559),
	(1312,1034,35,83,417,'2016-08-11 11:38:45','2016-08-11 11:38:45',2559),
	(1313,1034,35,87,425,'2016-08-11 11:38:45','2016-08-11 11:38:45',2559),
	(1314,1034,35,88,448,'2016-08-11 11:38:45','2016-08-11 11:38:45',2559),
	(1315,1034,35,88,443,'2016-08-11 11:38:45','2016-08-11 11:38:45',2559),
	(1316,1034,35,88,438,'2016-08-11 11:38:45','2016-08-11 11:38:45',2559),
	(1317,1034,35,88,430,'2016-08-11 11:38:46','2016-08-11 11:38:46',2559),
	(1318,1034,35,89,452,'2016-08-11 11:38:46','2016-08-11 11:38:46',2559),
	(1319,1035,35,57,342,'2016-08-11 12:14:37','2016-08-11 12:14:37',2559),
	(1320,1035,35,58,346,'2016-08-11 12:14:37','2016-08-11 12:14:37',2559),
	(1321,1035,35,59,348,'2016-08-11 12:14:37','2016-08-11 12:14:37',2559),
	(1322,1035,35,60,351,'2016-08-11 12:14:37','2016-08-11 12:14:37',2559),
	(1323,1035,35,61,354,'2016-08-11 12:14:37','2016-08-11 12:14:37',2559),
	(1324,1035,35,62,357,'2016-08-11 12:14:37','2016-08-11 12:14:37',2559),
	(1325,1035,35,63,360,'2016-08-11 12:14:37','2016-08-11 12:14:37',2559),
	(1326,1035,35,64,364,'2016-08-11 12:14:37','2016-08-11 12:14:37',2559),
	(1327,1035,35,65,366,'2016-08-11 12:14:37','2016-08-11 12:14:37',2559),
	(1328,1035,35,66,369,'2016-08-11 12:14:37','2016-08-11 12:14:37',2559),
	(1329,1035,35,67,373,'2016-08-11 12:14:37','2016-08-11 12:14:37',2559),
	(1330,1035,35,68,375,'2016-08-11 12:14:37','2016-08-11 12:14:37',2559),
	(1331,1035,35,69,378,'2016-08-11 12:14:37','2016-08-11 12:14:37',2559),
	(1332,1035,35,70,381,'2016-08-11 12:14:37','2016-08-11 12:14:37',2559),
	(1333,1035,35,71,384,'2016-08-11 12:14:37','2016-08-11 12:14:37',2559),
	(1334,1035,35,72,388,'2016-08-11 12:14:37','2016-08-11 12:14:37',2559),
	(1335,1035,35,73,391,'2016-08-11 12:14:37','2016-08-11 12:14:37',2559),
	(1336,1035,35,74,393,'2016-08-11 12:14:37','2016-08-11 12:14:37',2559),
	(1337,1035,35,75,395,'2016-08-11 12:14:37','2016-08-11 12:14:37',2559),
	(1338,1035,35,76,399,'2016-08-11 12:14:37','2016-08-11 12:14:37',2559),
	(1339,1035,35,77,402,'2016-08-11 12:14:37','2016-08-11 12:14:37',2559),
	(1340,1035,35,78,404,'2016-08-11 12:14:37','2016-08-11 12:14:37',2559),
	(1341,1035,35,79,408,'2016-08-11 12:14:37','2016-08-11 12:14:37',2559),
	(1342,1035,35,80,412,'2016-08-11 12:14:37','2016-08-11 12:14:37',2559),
	(1343,1035,35,81,414,'2016-08-11 12:14:37','2016-08-11 12:14:37',2559),
	(1344,1035,35,82,416,'2016-08-11 12:14:37','2016-08-11 12:14:37',2559),
	(1345,1035,35,83,418,'2016-08-11 12:14:37','2016-08-11 12:14:37',2559),
	(1346,1035,35,86,422,'2016-08-11 12:14:37','2016-08-11 12:14:37',2559),
	(1347,1035,35,87,426,'2016-08-11 12:14:37','2016-08-11 12:14:37',2559),
	(1348,1035,35,88,448,'2016-08-11 12:14:37','2016-08-11 12:14:37',2559),
	(1349,1035,35,88,444,'2016-08-11 12:14:37','2016-08-11 12:14:37',2559),
	(1350,1035,35,88,439,'2016-08-11 12:14:37','2016-08-11 12:14:37',2559),
	(1351,1035,35,88,430,'2016-08-11 12:14:37','2016-08-11 12:14:37',2559),
	(1352,1035,35,89,453,'2016-08-11 12:14:37','2016-08-11 12:14:37',2559),
	(1353,1036,35,57,342,'2016-08-11 13:16:47','2016-08-11 13:16:47',2559),
	(1354,1036,35,58,344,'2016-08-11 13:16:47','2016-08-11 13:16:47',2559),
	(1355,1036,35,59,347,'2016-08-11 13:16:47','2016-08-11 13:16:47',2559),
	(1356,1036,35,60,351,'2016-08-11 13:16:47','2016-08-11 13:16:47',2559),
	(1357,1036,35,61,355,'2016-08-11 13:16:47','2016-08-11 13:16:47',2559),
	(1358,1036,35,62,357,'2016-08-11 13:16:47','2016-08-11 13:16:47',2559),
	(1359,1036,35,63,360,'2016-08-11 13:16:47','2016-08-11 13:16:47',2559),
	(1360,1036,35,64,363,'2016-08-11 13:16:47','2016-08-11 13:16:47',2559),
	(1361,1036,35,65,366,'2016-08-11 13:16:47','2016-08-11 13:16:47',2559),
	(1362,1036,35,66,368,'2016-08-11 13:16:47','2016-08-11 13:16:47',2559),
	(1363,1036,35,67,372,'2016-08-11 13:16:47','2016-08-11 13:16:47',2559),
	(1364,1036,35,68,374,'2016-08-11 13:16:47','2016-08-11 13:16:47',2559),
	(1365,1036,35,69,377,'2016-08-11 13:16:47','2016-08-11 13:16:47',2559),
	(1366,1036,35,70,381,'2016-08-11 13:16:47','2016-08-11 13:16:47',2559),
	(1367,1036,35,71,384,'2016-08-11 13:16:47','2016-08-11 13:16:47',2559),
	(1368,1036,35,72,388,'2016-08-11 13:16:47','2016-08-11 13:16:47',2559),
	(1369,1036,35,73,390,'2016-08-11 13:16:47','2016-08-11 13:16:47',2559),
	(1370,1036,35,74,392,'2016-08-11 13:16:47','2016-08-11 13:16:47',2559),
	(1371,1036,35,75,396,'2016-08-11 13:16:47','2016-08-11 13:16:47',2559),
	(1372,1036,35,76,399,'2016-08-11 13:16:48','2016-08-11 13:16:48',2559),
	(1373,1036,35,77,402,'2016-08-11 13:16:48','2016-08-11 13:16:48',2559),
	(1374,1036,35,78,404,'2016-08-11 13:16:48','2016-08-11 13:16:48',2559),
	(1375,1036,35,79,407,'2016-08-11 13:16:48','2016-08-11 13:16:48',2559),
	(1376,1036,35,80,411,'2016-08-11 13:16:48','2016-08-11 13:16:48',2559),
	(1377,1036,35,81,415,'2016-08-11 13:16:48','2016-08-11 13:16:48',2559),
	(1378,1036,35,82,416,'2016-08-11 13:16:48','2016-08-11 13:16:48',2559),
	(1379,1036,35,83,418,'2016-08-11 13:16:48','2016-08-11 13:16:48',2559),
	(1380,1036,35,86,422,'2016-08-11 13:16:48','2016-08-11 13:16:48',2559),
	(1381,1036,35,87,425,'2016-08-11 13:16:48','2016-08-11 13:16:48',2559),
	(1382,1036,35,88,448,'2016-08-11 13:16:48','2016-08-11 13:16:48',2559),
	(1383,1036,35,88,443,'2016-08-11 13:16:48','2016-08-11 13:16:48',2559),
	(1384,1036,35,88,439,'2016-08-11 13:16:48','2016-08-11 13:16:48',2559),
	(1385,1036,35,88,431,'2016-08-11 13:16:48','2016-08-11 13:16:48',2559),
	(1386,1036,35,89,452,'2016-08-11 13:16:48','2016-08-11 13:16:48',2559),
	(1387,1037,35,57,342,'2016-08-12 12:24:27','2016-08-12 12:24:27',2559),
	(1388,1037,35,58,345,'2016-08-12 12:24:27','2016-08-12 12:24:27',2559),
	(1389,1037,35,59,347,'2016-08-12 12:24:27','2016-08-12 12:24:27',2559),
	(1390,1037,35,60,351,'2016-08-12 12:24:27','2016-08-12 12:24:27',2559),
	(1391,1037,35,61,354,'2016-08-12 12:24:27','2016-08-12 12:24:27',2559),
	(1392,1037,35,62,357,'2016-08-12 12:24:27','2016-08-12 12:24:27',2559),
	(1393,1037,35,63,360,'2016-08-12 12:24:27','2016-08-12 12:24:27',2559),
	(1394,1037,35,64,363,'2016-08-12 12:24:27','2016-08-12 12:24:27',2559),
	(1395,1037,35,65,366,'2016-08-12 12:24:27','2016-08-12 12:24:27',2559),
	(1396,1037,35,66,369,'2016-08-12 12:24:27','2016-08-12 12:24:27',2559),
	(1397,1037,35,67,372,'2016-08-12 12:24:27','2016-08-12 12:24:27',2559),
	(1398,1037,35,68,374,'2016-08-12 12:24:27','2016-08-12 12:24:27',2559),
	(1399,1037,35,69,378,'2016-08-12 12:24:27','2016-08-12 12:24:27',2559),
	(1400,1037,35,70,381,'2016-08-12 12:24:27','2016-08-12 12:24:27',2559),
	(1401,1037,35,71,384,'2016-08-12 12:24:27','2016-08-12 12:24:27',2559),
	(1402,1037,35,72,387,'2016-08-12 12:24:27','2016-08-12 12:24:27',2559),
	(1403,1037,35,73,390,'2016-08-12 12:24:27','2016-08-12 12:24:27',2559),
	(1404,1037,35,74,392,'2016-08-12 12:24:27','2016-08-12 12:24:27',2559),
	(1405,1037,35,75,395,'2016-08-12 12:24:28','2016-08-12 12:24:28',2559),
	(1406,1037,35,76,399,'2016-08-12 12:24:28','2016-08-12 12:24:28',2559),
	(1407,1037,35,77,402,'2016-08-12 12:24:28','2016-08-12 12:24:28',2559),
	(1408,1037,35,78,404,'2016-08-12 12:24:28','2016-08-12 12:24:28',2559),
	(1409,1037,35,79,408,'2016-08-12 12:24:28','2016-08-12 12:24:28',2559),
	(1410,1037,35,80,410,'2016-08-12 12:24:28','2016-08-12 12:24:28',2559),
	(1411,1037,35,81,414,'2016-08-12 12:24:28','2016-08-12 12:24:28',2559),
	(1412,1037,35,82,416,'2016-08-12 12:24:28','2016-08-12 12:24:28',2559),
	(1413,1037,35,83,418,'2016-08-12 12:24:28','2016-08-12 12:24:28',2559),
	(1414,1037,35,86,421,'2016-08-12 12:24:28','2016-08-12 12:24:28',2559),
	(1415,1037,35,87,427,'2016-08-12 12:24:28','2016-08-12 12:24:28',2559),
	(1416,1037,35,88,448,'2016-08-12 12:24:28','2016-08-12 12:24:28',2559),
	(1417,1037,35,88,443,'2016-08-12 12:24:28','2016-08-12 12:24:28',2559),
	(1418,1037,35,88,439,'2016-08-12 12:24:28','2016-08-12 12:24:28',2559),
	(1419,1037,35,88,430,'2016-08-12 12:24:28','2016-08-12 12:24:28',2559),
	(1420,1037,35,89,453,'2016-08-12 12:24:28','2016-08-12 12:24:28',2559),
	(1421,1038,35,57,341,'2016-08-12 13:20:50','2016-08-12 13:20:50',2559),
	(1422,1038,35,58,344,'2016-08-12 13:20:50','2016-08-12 13:20:50',2559),
	(1423,1038,35,59,348,'2016-08-12 13:20:50','2016-08-12 13:20:50',2559),
	(1424,1038,35,60,351,'2016-08-12 13:20:50','2016-08-12 13:20:50',2559),
	(1425,1038,35,61,354,'2016-08-12 13:20:50','2016-08-12 13:20:50',2559),
	(1426,1038,35,62,358,'2016-08-12 13:20:50','2016-08-12 13:20:50',2559),
	(1427,1038,35,63,359,'2016-08-12 13:20:50','2016-08-12 13:20:50',2559),
	(1428,1038,35,64,364,'2016-08-12 13:20:50','2016-08-12 13:20:50',2559),
	(1429,1038,35,65,367,'2016-08-12 13:20:50','2016-08-12 13:20:50',2559),
	(1430,1038,35,66,368,'2016-08-12 13:20:50','2016-08-12 13:20:50',2559),
	(1431,1038,35,67,373,'2016-08-12 13:20:50','2016-08-12 13:20:50',2559),
	(1432,1038,35,68,375,'2016-08-12 13:20:50','2016-08-12 13:20:50',2559),
	(1433,1038,35,69,377,'2016-08-12 13:20:50','2016-08-12 13:20:50',2559),
	(1434,1038,35,70,381,'2016-08-12 13:20:50','2016-08-12 13:20:50',2559),
	(1435,1038,35,71,384,'2016-08-12 13:20:50','2016-08-12 13:20:50',2559),
	(1436,1038,35,72,387,'2016-08-12 13:20:50','2016-08-12 13:20:50',2559),
	(1437,1038,35,73,389,'2016-08-12 13:20:50','2016-08-12 13:20:50',2559),
	(1438,1038,35,74,392,'2016-08-12 13:20:50','2016-08-12 13:20:50',2559),
	(1439,1038,35,75,395,'2016-08-12 13:20:50','2016-08-12 13:20:50',2559),
	(1440,1038,35,76,399,'2016-08-12 13:20:50','2016-08-12 13:20:50',2559),
	(1441,1038,35,77,402,'2016-08-12 13:20:51','2016-08-12 13:20:51',2559),
	(1442,1038,35,78,404,'2016-08-12 13:20:51','2016-08-12 13:20:51',2559),
	(1443,1038,35,79,409,'2016-08-12 13:20:51','2016-08-12 13:20:51',2559),
	(1444,1038,35,80,411,'2016-08-12 13:20:51','2016-08-12 13:20:51',2559),
	(1445,1038,35,81,414,'2016-08-12 13:20:51','2016-08-12 13:20:51',2559),
	(1446,1038,35,82,416,'2016-08-12 13:20:51','2016-08-12 13:20:51',2559),
	(1447,1038,35,86,422,'2016-08-12 13:20:51','2016-08-12 13:20:51',2559),
	(1448,1038,35,87,426,'2016-08-12 13:20:51','2016-08-12 13:20:51',2559),
	(1449,1038,35,88,449,'2016-08-12 13:20:51','2016-08-12 13:20:51',2559),
	(1450,1038,35,88,444,'2016-08-12 13:20:51','2016-08-12 13:20:51',2559),
	(1451,1038,35,88,439,'2016-08-12 13:20:51','2016-08-12 13:20:51',2559),
	(1452,1038,35,88,431,'2016-08-12 13:20:51','2016-08-12 13:20:51',2559),
	(1453,1038,35,89,453,'2016-08-12 13:20:51','2016-08-12 13:20:51',2559),
	(1454,1039,35,57,343,'2016-08-12 14:10:52','2016-08-12 14:10:52',2559),
	(1455,1039,35,58,345,'2016-08-12 14:10:53','2016-08-12 14:10:53',2559),
	(1456,1039,35,59,347,'2016-08-12 14:10:53','2016-08-12 14:10:53',2559),
	(1457,1039,35,60,351,'2016-08-12 14:10:53','2016-08-12 14:10:53',2559),
	(1458,1039,35,61,354,'2016-08-12 14:10:53','2016-08-12 14:10:53',2559),
	(1459,1039,35,62,356,'2016-08-12 14:10:53','2016-08-12 14:10:53',2559),
	(1460,1039,35,63,359,'2016-08-12 14:10:53','2016-08-12 14:10:53',2559),
	(1461,1039,35,64,363,'2016-08-12 14:10:53','2016-08-12 14:10:53',2559),
	(1462,1039,35,65,366,'2016-08-12 14:10:53','2016-08-12 14:10:53',2559),
	(1463,1039,35,66,368,'2016-08-12 14:10:53','2016-08-12 14:10:53',2559),
	(1464,1039,35,67,373,'2016-08-12 14:10:53','2016-08-12 14:10:53',2559),
	(1465,1039,35,68,374,'2016-08-12 14:10:53','2016-08-12 14:10:53',2559),
	(1466,1039,35,69,377,'2016-08-12 14:10:53','2016-08-12 14:10:53',2559),
	(1467,1039,35,70,382,'2016-08-12 14:10:53','2016-08-12 14:10:53',2559),
	(1468,1039,35,71,384,'2016-08-12 14:10:53','2016-08-12 14:10:53',2559),
	(1469,1039,35,72,387,'2016-08-12 14:10:53','2016-08-12 14:10:53',2559),
	(1470,1039,35,73,389,'2016-08-12 14:10:53','2016-08-12 14:10:53',2559),
	(1471,1039,35,74,392,'2016-08-12 14:10:53','2016-08-12 14:10:53',2559),
	(1472,1039,35,75,395,'2016-08-12 14:10:53','2016-08-12 14:10:53',2559),
	(1473,1039,35,76,399,'2016-08-12 14:10:53','2016-08-12 14:10:53',2559),
	(1474,1039,35,77,402,'2016-08-12 14:10:53','2016-08-12 14:10:53',2559),
	(1475,1039,35,78,404,'2016-08-12 14:10:53','2016-08-12 14:10:53',2559),
	(1476,1039,35,79,407,'2016-08-12 14:10:53','2016-08-12 14:10:53',2559),
	(1477,1039,35,80,411,'2016-08-12 14:10:53','2016-08-12 14:10:53',2559),
	(1478,1039,35,81,415,'2016-08-12 14:10:53','2016-08-12 14:10:53',2559),
	(1479,1039,35,82,416,'2016-08-12 14:10:53','2016-08-12 14:10:53',2559),
	(1480,1039,35,83,418,'2016-08-12 14:10:53','2016-08-12 14:10:53',2559),
	(1481,1039,35,86,424,'2016-08-12 14:10:53','2016-08-12 14:10:53',2559),
	(1482,1039,35,87,426,'2016-08-12 14:10:53','2016-08-12 14:10:53',2559),
	(1483,1039,35,88,448,'2016-08-12 14:10:53','2016-08-12 14:10:53',2559),
	(1484,1039,35,88,445,'2016-08-12 14:10:53','2016-08-12 14:10:53',2559),
	(1485,1039,35,88,438,'2016-08-12 14:10:53','2016-08-12 14:10:53',2559),
	(1486,1039,35,88,430,'2016-08-12 14:10:53','2016-08-12 14:10:53',2559),
	(1487,1039,35,89,452,'2016-08-12 14:10:53','2016-08-12 14:10:53',2559),
	(1620,1041,35,57,342,'2016-08-13 12:17:07','2016-08-13 12:17:07',2559),
	(1621,1041,35,58,344,'2016-08-13 12:17:07','2016-08-13 12:17:07',2559),
	(1622,1041,35,59,347,'2016-08-13 12:17:07','2016-08-13 12:17:07',2559),
	(1623,1041,35,60,351,'2016-08-13 12:17:07','2016-08-13 12:17:07',2559),
	(1624,1041,35,61,353,'2016-08-13 12:17:07','2016-08-13 12:17:07',2559),
	(1625,1041,35,62,356,'2016-08-13 12:17:07','2016-08-13 12:17:07',2559),
	(1626,1041,35,63,359,'2016-08-13 12:17:07','2016-08-13 12:17:07',2559),
	(1627,1041,35,64,362,'2016-08-13 12:17:07','2016-08-13 12:17:07',2559),
	(1628,1041,35,65,366,'2016-08-13 12:17:07','2016-08-13 12:17:07',2559),
	(1629,1041,35,66,368,'2016-08-13 12:17:07','2016-08-13 12:17:07',2559),
	(1630,1041,35,67,372,'2016-08-13 12:17:07','2016-08-13 12:17:07',2559),
	(1631,1041,35,68,374,'2016-08-13 12:17:08','2016-08-13 12:17:08',2559),
	(1632,1041,35,69,377,'2016-08-13 12:17:08','2016-08-13 12:17:08',2559),
	(1633,1041,35,70,381,'2016-08-13 12:17:08','2016-08-13 12:17:08',2559),
	(1634,1041,35,71,383,'2016-08-13 12:17:08','2016-08-13 12:17:08',2559),
	(1635,1041,35,72,387,'2016-08-13 12:17:08','2016-08-13 12:17:08',2559),
	(1636,1041,35,73,390,'2016-08-13 12:17:08','2016-08-13 12:17:08',2559),
	(1637,1041,35,74,392,'2016-08-13 12:17:08','2016-08-13 12:17:08',2559),
	(1638,1041,35,75,395,'2016-08-13 12:17:08','2016-08-13 12:17:08',2559),
	(1639,1041,35,76,399,'2016-08-13 12:17:08','2016-08-13 12:17:08',2559),
	(1640,1041,35,77,402,'2016-08-13 12:17:08','2016-08-13 12:17:08',2559),
	(1641,1041,35,78,404,'2016-08-13 12:17:08','2016-08-13 12:17:08',2559),
	(1642,1041,35,79,407,'2016-08-13 12:17:08','2016-08-13 12:17:08',2559),
	(1643,1041,35,80,410,'2016-08-13 12:17:08','2016-08-13 12:17:08',2559),
	(1644,1041,35,81,414,'2016-08-13 12:17:08','2016-08-13 12:17:08',2559),
	(1645,1041,35,82,416,'2016-08-13 12:17:08','2016-08-13 12:17:08',2559),
	(1646,1041,35,83,417,'2016-08-13 12:17:08','2016-08-13 12:17:08',2559),
	(1647,1041,35,86,421,'2016-08-13 12:17:08','2016-08-13 12:17:08',2559),
	(1648,1041,35,87,425,'2016-08-13 12:17:08','2016-08-13 12:17:08',2559),
	(1649,1041,35,88,448,'2016-08-13 12:17:08','2016-08-13 12:17:08',2559),
	(1650,1041,35,88,443,'2016-08-13 12:17:08','2016-08-13 12:17:08',2559),
	(1651,1041,35,88,438,'2016-08-13 12:17:08','2016-08-13 12:17:08',2559),
	(1652,1041,35,88,430,'2016-08-13 12:17:08','2016-08-13 12:17:08',2559),
	(1653,1041,35,89,452,'2016-08-13 12:17:08','2016-08-13 12:17:08',2559),
	(1722,1042,35,57,342,'2016-08-14 05:27:30','2016-08-14 05:27:30',2559),
	(1723,1042,35,58,344,'2016-08-14 05:27:30','2016-08-14 05:27:30',2559),
	(1724,1042,35,59,348,'2016-08-14 05:27:30','2016-08-14 05:27:30',2559),
	(1725,1042,35,60,352,'2016-08-14 05:27:30','2016-08-14 05:27:30',2559),
	(1726,1042,35,61,354,'2016-08-14 05:27:30','2016-08-14 05:27:30',2559),
	(1727,1042,35,62,356,'2016-08-14 05:27:30','2016-08-14 05:27:30',2559),
	(1728,1042,35,63,359,'2016-08-14 05:27:30','2016-08-14 05:27:30',2559),
	(1729,1042,35,64,364,'2016-08-14 05:27:30','2016-08-14 05:27:30',2559),
	(1730,1042,35,65,367,'2016-08-14 05:27:30','2016-08-14 05:27:30',2559),
	(1731,1042,35,66,368,'2016-08-14 05:27:30','2016-08-14 05:27:30',2559),
	(1732,1042,35,67,373,'2016-08-14 05:27:30','2016-08-14 05:27:30',2559),
	(1733,1042,35,68,374,'2016-08-14 05:27:30','2016-08-14 05:27:30',2559),
	(1734,1042,35,69,377,'2016-08-14 05:27:30','2016-08-14 05:27:30',2559),
	(1735,1042,35,70,382,'2016-08-14 05:27:31','2016-08-14 05:27:31',2559),
	(1736,1042,35,71,383,'2016-08-14 05:27:31','2016-08-14 05:27:31',2559),
	(1737,1042,35,72,387,'2016-08-14 05:27:31','2016-08-14 05:27:31',2559),
	(1738,1042,35,73,391,'2016-08-14 05:27:31','2016-08-14 05:27:31',2559),
	(1739,1042,35,74,392,'2016-08-14 05:27:31','2016-08-14 05:27:31',2559),
	(1740,1042,35,75,395,'2016-08-14 05:27:31','2016-08-14 05:27:31',2559),
	(1741,1042,35,76,400,'2016-08-14 05:27:31','2016-08-14 05:27:31',2559),
	(1742,1042,35,77,403,'2016-08-14 05:27:31','2016-08-14 05:27:31',2559),
	(1743,1042,35,78,404,'2016-08-14 05:27:31','2016-08-14 05:27:31',2559),
	(1744,1042,35,79,407,'2016-08-14 05:27:31','2016-08-14 05:27:31',2559),
	(1745,1042,35,80,411,'2016-08-14 05:27:31','2016-08-14 05:27:31',2559),
	(1746,1042,35,81,415,'2016-08-14 05:27:31','2016-08-14 05:27:31',2559),
	(1747,1042,35,82,416,'2016-08-14 05:27:31','2016-08-14 05:27:31',2559),
	(1748,1042,35,83,418,'2016-08-14 05:27:31','2016-08-14 05:27:31',2559),
	(1749,1042,35,86,421,'2016-08-14 05:27:31','2016-08-14 05:27:31',2559),
	(1750,1042,35,87,425,'2016-08-14 05:27:31','2016-08-14 05:27:31',2559),
	(1751,1042,35,88,448,'2016-08-14 05:27:31','2016-08-14 05:27:31',2559),
	(1752,1042,35,88,443,'2016-08-14 05:27:31','2016-08-14 05:27:31',2559),
	(1753,1042,35,88,438,'2016-08-14 05:27:31','2016-08-14 05:27:31',2559),
	(1754,1042,35,88,430,'2016-08-14 05:27:31','2016-08-14 05:27:31',2559),
	(1755,1042,35,89,452,'2016-08-14 05:27:31','2016-08-14 05:27:31',2559),
	(1756,1043,35,57,343,'2016-08-14 07:51:21','2016-08-14 07:51:21',2559),
	(1757,1043,35,58,344,'2016-08-14 07:51:21','2016-08-14 07:51:21',2559),
	(1758,1043,35,59,348,'2016-08-14 07:51:21','2016-08-14 07:51:21',2559),
	(1759,1043,35,60,351,'2016-08-14 07:51:21','2016-08-14 07:51:21',2559),
	(1760,1043,35,61,355,'2016-08-14 07:51:21','2016-08-14 07:51:21',2559),
	(1761,1043,35,62,358,'2016-08-14 07:51:21','2016-08-14 07:51:21',2559),
	(1762,1043,35,63,360,'2016-08-14 07:51:21','2016-08-14 07:51:21',2559),
	(1763,1043,35,64,364,'2016-08-14 07:51:21','2016-08-14 07:51:21',2559),
	(1764,1043,35,65,366,'2016-08-14 07:51:21','2016-08-14 07:51:21',2559),
	(1765,1043,35,66,369,'2016-08-14 07:51:21','2016-08-14 07:51:21',2559),
	(1766,1043,35,67,372,'2016-08-14 07:51:21','2016-08-14 07:51:21',2559),
	(1767,1043,35,68,374,'2016-08-14 07:51:21','2016-08-14 07:51:21',2559),
	(1768,1043,35,69,378,'2016-08-14 07:51:21','2016-08-14 07:51:21',2559),
	(1769,1043,35,70,381,'2016-08-14 07:51:21','2016-08-14 07:51:21',2559),
	(1770,1043,35,71,384,'2016-08-14 07:51:21','2016-08-14 07:51:21',2559),
	(1771,1043,35,72,388,'2016-08-14 07:51:22','2016-08-14 07:51:22',2559),
	(1772,1043,35,73,389,'2016-08-14 07:51:22','2016-08-14 07:51:22',2559),
	(1773,1043,35,74,392,'2016-08-14 07:51:22','2016-08-14 07:51:22',2559),
	(1774,1043,35,75,395,'2016-08-14 07:51:22','2016-08-14 07:51:22',2559),
	(1775,1043,35,76,399,'2016-08-14 07:51:22','2016-08-14 07:51:22',2559),
	(1776,1043,35,77,401,'2016-08-14 07:51:22','2016-08-14 07:51:22',2559),
	(1777,1043,35,78,404,'2016-08-14 07:51:22','2016-08-14 07:51:22',2559),
	(1778,1043,35,79,409,'2016-08-14 07:51:22','2016-08-14 07:51:22',2559),
	(1779,1043,35,80,411,'2016-08-14 07:51:22','2016-08-14 07:51:22',2559),
	(1780,1043,35,81,415,'2016-08-14 07:51:22','2016-08-14 07:51:22',2559),
	(1781,1043,35,82,416,'2016-08-14 07:51:22','2016-08-14 07:51:22',2559),
	(1782,1043,35,83,420,'2016-08-14 07:51:22','2016-08-14 07:51:22',2559),
	(1783,1043,35,86,423,'2016-08-14 07:51:22','2016-08-14 07:51:22',2559),
	(1784,1043,35,87,428,'2016-08-14 07:51:22','2016-08-14 07:51:22',2559),
	(1785,1043,35,88,451,'2016-08-14 07:51:22','2016-08-14 07:51:22',2559),
	(1786,1043,35,88,446,'2016-08-14 07:51:22','2016-08-14 07:51:22',2559),
	(1787,1043,35,88,441,'2016-08-14 07:51:22','2016-08-14 07:51:22',2559),
	(1788,1043,35,88,432,'2016-08-14 07:51:22','2016-08-14 07:51:22',2559),
	(1789,1043,35,89,453,'2016-08-14 07:51:22','2016-08-14 07:51:22',2559),
	(1790,1044,35,57,342,'2016-08-14 08:27:54','2016-08-14 08:27:54',2559),
	(1791,1044,35,58,344,'2016-08-14 08:27:54','2016-08-14 08:27:54',2559),
	(1792,1044,35,59,347,'2016-08-14 08:27:55','2016-08-14 08:27:55',2559),
	(1793,1044,35,60,351,'2016-08-14 08:27:55','2016-08-14 08:27:55',2559),
	(1794,1044,35,61,353,'2016-08-14 08:27:55','2016-08-14 08:27:55',2559),
	(1795,1044,35,62,357,'2016-08-14 08:27:55','2016-08-14 08:27:55',2559),
	(1796,1044,35,63,360,'2016-08-14 08:27:55','2016-08-14 08:27:55',2559),
	(1797,1044,35,64,363,'2016-08-14 08:27:55','2016-08-14 08:27:55',2559),
	(1798,1044,35,65,366,'2016-08-14 08:27:55','2016-08-14 08:27:55',2559),
	(1799,1044,35,66,368,'2016-08-14 08:27:55','2016-08-14 08:27:55',2559),
	(1800,1044,35,67,372,'2016-08-14 08:27:55','2016-08-14 08:27:55',2559),
	(1801,1044,35,68,374,'2016-08-14 08:27:55','2016-08-14 08:27:55',2559),
	(1802,1044,35,69,377,'2016-08-14 08:27:55','2016-08-14 08:27:55',2559),
	(1803,1044,35,70,381,'2016-08-14 08:27:55','2016-08-14 08:27:55',2559),
	(1804,1044,35,71,383,'2016-08-14 08:27:55','2016-08-14 08:27:55',2559),
	(1805,1044,35,72,387,'2016-08-14 08:27:55','2016-08-14 08:27:55',2559),
	(1806,1044,35,73,390,'2016-08-14 08:27:55','2016-08-14 08:27:55',2559),
	(1807,1044,35,74,392,'2016-08-14 08:27:55','2016-08-14 08:27:55',2559),
	(1808,1044,35,75,395,'2016-08-14 08:27:55','2016-08-14 08:27:55',2559),
	(1809,1044,35,76,399,'2016-08-14 08:27:55','2016-08-14 08:27:55',2559),
	(1810,1044,35,77,402,'2016-08-14 08:27:55','2016-08-14 08:27:55',2559),
	(1811,1044,35,78,404,'2016-08-14 08:27:55','2016-08-14 08:27:55',2559),
	(1812,1044,35,79,407,'2016-08-14 08:27:55','2016-08-14 08:27:55',2559),
	(1813,1044,35,80,411,'2016-08-14 08:27:55','2016-08-14 08:27:55',2559),
	(1814,1044,35,81,414,'2016-08-14 08:27:55','2016-08-14 08:27:55',2559),
	(1815,1044,35,82,416,'2016-08-14 08:27:56','2016-08-14 08:27:56',2559),
	(1816,1044,35,83,418,'2016-08-14 08:27:56','2016-08-14 08:27:56',2559),
	(1817,1044,35,86,421,'2016-08-14 08:27:56','2016-08-14 08:27:56',2559),
	(1818,1044,35,87,425,'2016-08-14 08:27:56','2016-08-14 08:27:56',2559),
	(1819,1044,35,88,448,'2016-08-14 08:27:56','2016-08-14 08:27:56',2559),
	(1820,1044,35,88,443,'2016-08-14 08:27:56','2016-08-14 08:27:56',2559),
	(1821,1044,35,88,438,'2016-08-14 08:27:56','2016-08-14 08:27:56',2559),
	(1822,1044,35,88,430,'2016-08-14 08:27:56','2016-08-14 08:27:56',2559),
	(1823,1044,35,89,452,'2016-08-14 08:27:56','2016-08-14 08:27:56',2559),
	(1824,1045,35,57,343,'2016-08-14 08:27:56','2016-08-14 08:27:56',2559),
	(1825,1045,35,58,346,'2016-08-14 08:27:56','2016-08-14 08:27:56',2559),
	(1826,1045,35,59,347,'2016-08-14 08:27:56','2016-08-14 08:27:56',2559),
	(1827,1045,35,60,351,'2016-08-14 08:27:56','2016-08-14 08:27:56',2559),
	(1828,1045,35,61,354,'2016-08-14 08:27:57','2016-08-14 08:27:57',2559),
	(1829,1045,35,62,358,'2016-08-14 08:27:57','2016-08-14 08:27:57',2559),
	(1830,1045,35,63,359,'2016-08-14 08:27:57','2016-08-14 08:27:57',2559),
	(1831,1045,35,64,364,'2016-08-14 08:27:57','2016-08-14 08:27:57',2559),
	(1832,1045,35,65,367,'2016-08-14 08:27:57','2016-08-14 08:27:57',2559),
	(1833,1045,35,66,368,'2016-08-14 08:27:57','2016-08-14 08:27:57',2559),
	(1834,1045,35,67,371,'2016-08-14 08:27:57','2016-08-14 08:27:57',2559),
	(1835,1045,35,68,374,'2016-08-14 08:27:57','2016-08-14 08:27:57',2559),
	(1836,1045,35,69,379,'2016-08-14 08:27:57','2016-08-14 08:27:57',2559),
	(1837,1045,35,70,381,'2016-08-14 08:27:57','2016-08-14 08:27:57',2559),
	(1838,1045,35,71,385,'2016-08-14 08:27:57','2016-08-14 08:27:57',2559),
	(1839,1045,35,72,388,'2016-08-14 08:27:57','2016-08-14 08:27:57',2559),
	(1840,1045,35,73,391,'2016-08-14 08:27:57','2016-08-14 08:27:57',2559),
	(1841,1045,35,74,392,'2016-08-14 08:27:57','2016-08-14 08:27:57',2559),
	(1842,1045,35,75,396,'2016-08-14 08:27:57','2016-08-14 08:27:57',2559),
	(1843,1045,35,76,399,'2016-08-14 08:27:57','2016-08-14 08:27:57',2559),
	(1844,1045,35,77,403,'2016-08-14 08:27:57','2016-08-14 08:27:57',2559),
	(1845,1045,35,78,404,'2016-08-14 08:27:57','2016-08-14 08:27:57',2559),
	(1846,1045,35,79,407,'2016-08-14 08:27:58','2016-08-14 08:27:58',2559),
	(1847,1045,35,80,412,'2016-08-14 08:27:58','2016-08-14 08:27:58',2559),
	(1848,1045,35,81,414,'2016-08-14 08:27:58','2016-08-14 08:27:58',2559),
	(1849,1045,35,82,416,'2016-08-14 08:27:58','2016-08-14 08:27:58',2559),
	(1850,1045,35,83,417,'2016-08-14 08:27:58','2016-08-14 08:27:58',2559),
	(1851,1045,35,86,421,'2016-08-14 08:27:58','2016-08-14 08:27:58',2559),
	(1852,1045,35,87,425,'2016-08-14 08:27:58','2016-08-14 08:27:58',2559),
	(1853,1045,35,88,448,'2016-08-14 08:27:58','2016-08-14 08:27:58',2559),
	(1854,1045,35,88,443,'2016-08-14 08:27:58','2016-08-14 08:27:58',2559),
	(1855,1045,35,88,438,'2016-08-14 08:27:58','2016-08-14 08:27:58',2559),
	(1856,1045,35,88,430,'2016-08-14 08:27:58','2016-08-14 08:27:58',2559),
	(1857,1045,35,89,452,'2016-08-14 08:27:58','2016-08-14 08:27:58',2559),
	(1858,1046,35,57,343,'2016-08-14 08:34:16','2016-08-14 08:34:16',2559),
	(1859,1046,35,58,344,'2016-08-14 08:34:16','2016-08-14 08:34:16',2559),
	(1860,1046,35,59,347,'2016-08-14 08:34:16','2016-08-14 08:34:16',2559),
	(1861,1046,35,60,352,'2016-08-14 08:34:16','2016-08-14 08:34:16',2559),
	(1862,1046,35,61,353,'2016-08-14 08:34:16','2016-08-14 08:34:16',2559),
	(1863,1046,35,62,356,'2016-08-14 08:34:16','2016-08-14 08:34:16',2559),
	(1864,1046,35,63,359,'2016-08-14 08:34:16','2016-08-14 08:34:16',2559),
	(1865,1046,35,64,364,'2016-08-14 08:34:16','2016-08-14 08:34:16',2559),
	(1866,1046,35,65,366,'2016-08-14 08:34:16','2016-08-14 08:34:16',2559),
	(1867,1046,35,66,368,'2016-08-14 08:34:16','2016-08-14 08:34:16',2559),
	(1868,1046,35,67,373,'2016-08-14 08:34:16','2016-08-14 08:34:16',2559),
	(1869,1046,35,68,374,'2016-08-14 08:34:16','2016-08-14 08:34:16',2559),
	(1870,1046,35,69,377,'2016-08-14 08:34:16','2016-08-14 08:34:16',2559),
	(1871,1046,35,70,381,'2016-08-14 08:34:16','2016-08-14 08:34:16',2559),
	(1872,1046,35,71,383,'2016-08-14 08:34:17','2016-08-14 08:34:17',2559),
	(1873,1046,35,72,388,'2016-08-14 08:34:17','2016-08-14 08:34:17',2559),
	(1874,1046,35,73,391,'2016-08-14 08:34:17','2016-08-14 08:34:17',2559),
	(1875,1046,35,74,392,'2016-08-14 08:34:17','2016-08-14 08:34:17',2559),
	(1876,1046,35,75,395,'2016-08-14 08:34:17','2016-08-14 08:34:17',2559),
	(1877,1046,35,76,399,'2016-08-14 08:34:17','2016-08-14 08:34:17',2559),
	(1878,1046,35,77,403,'2016-08-14 08:34:17','2016-08-14 08:34:17',2559),
	(1879,1046,35,78,404,'2016-08-14 08:34:17','2016-08-14 08:34:17',2559),
	(1880,1046,35,79,407,'2016-08-14 08:34:17','2016-08-14 08:34:17',2559),
	(1881,1046,35,80,410,'2016-08-14 08:34:17','2016-08-14 08:34:17',2559),
	(1882,1046,35,81,415,'2016-08-14 08:34:17','2016-08-14 08:34:17',2559),
	(1883,1046,35,82,416,'2016-08-14 08:34:17','2016-08-14 08:34:17',2559),
	(1884,1046,35,83,418,'2016-08-14 08:34:17','2016-08-14 08:34:17',2559),
	(1885,1046,35,86,424,'2016-08-14 08:34:17','2016-08-14 08:34:17',2559),
	(1886,1046,35,87,426,'2016-08-14 08:34:17','2016-08-14 08:34:17',2559),
	(1887,1046,35,88,448,'2016-08-14 08:34:17','2016-08-14 08:34:17',2559),
	(1888,1046,35,88,443,'2016-08-14 08:34:17','2016-08-14 08:34:17',2559),
	(1889,1046,35,88,439,'2016-08-14 08:34:17','2016-08-14 08:34:17',2559),
	(1890,1046,35,88,430,'2016-08-14 08:34:17','2016-08-14 08:34:17',2559),
	(1891,1046,35,89,452,'2016-08-14 08:34:17','2016-08-14 08:34:17',2559),
	(1892,1047,35,58,345,'2016-08-14 08:40:52','2016-08-14 08:40:52',2559),
	(1893,1047,35,59,348,'2016-08-14 08:40:52','2016-08-14 08:40:52',2559),
	(1894,1047,35,60,351,'2016-08-14 08:40:52','2016-08-14 08:40:52',2559),
	(1895,1047,35,61,354,'2016-08-14 08:40:52','2016-08-14 08:40:52',2559),
	(1896,1047,35,62,356,'2016-08-14 08:40:52','2016-08-14 08:40:52',2559),
	(1897,1047,35,63,361,'2016-08-14 08:40:52','2016-08-14 08:40:52',2559),
	(1898,1047,35,64,364,'2016-08-14 08:40:52','2016-08-14 08:40:52',2559),
	(1899,1047,35,65,366,'2016-08-14 08:40:52','2016-08-14 08:40:52',2559),
	(1900,1047,35,66,369,'2016-08-14 08:40:52','2016-08-14 08:40:52',2559),
	(1901,1047,35,67,373,'2016-08-14 08:40:52','2016-08-14 08:40:52',2559),
	(1902,1047,35,68,374,'2016-08-14 08:40:52','2016-08-14 08:40:52',2559),
	(1903,1047,35,69,378,'2016-08-14 08:40:52','2016-08-14 08:40:52',2559),
	(1904,1047,35,70,381,'2016-08-14 08:40:52','2016-08-14 08:40:52',2559),
	(1905,1047,35,71,384,'2016-08-14 08:40:52','2016-08-14 08:40:52',2559),
	(1906,1047,35,72,387,'2016-08-14 08:40:52','2016-08-14 08:40:52',2559),
	(1907,1047,35,73,390,'2016-08-14 08:40:52','2016-08-14 08:40:52',2559),
	(1908,1047,35,74,392,'2016-08-14 08:40:52','2016-08-14 08:40:52',2559),
	(1909,1047,35,75,395,'2016-08-14 08:40:52','2016-08-14 08:40:52',2559),
	(1910,1047,35,76,399,'2016-08-14 08:40:52','2016-08-14 08:40:52',2559),
	(1911,1047,35,77,402,'2016-08-14 08:40:52','2016-08-14 08:40:52',2559),
	(1912,1047,35,78,404,'2016-08-14 08:40:52','2016-08-14 08:40:52',2559),
	(1913,1047,35,79,407,'2016-08-14 08:40:52','2016-08-14 08:40:52',2559),
	(1914,1047,35,80,411,'2016-08-14 08:40:52','2016-08-14 08:40:52',2559),
	(1915,1047,35,81,414,'2016-08-14 08:40:52','2016-08-14 08:40:52',2559),
	(1916,1047,35,82,416,'2016-08-14 08:40:52','2016-08-14 08:40:52',2559),
	(1917,1047,35,83,418,'2016-08-14 08:40:52','2016-08-14 08:40:52',2559),
	(1918,1047,35,86,421,'2016-08-14 08:40:52','2016-08-14 08:40:52',2559),
	(1919,1047,35,87,425,'2016-08-14 08:40:52','2016-08-14 08:40:52',2559),
	(1920,1047,35,88,448,'2016-08-14 08:40:52','2016-08-14 08:40:52',2559),
	(1921,1047,35,88,443,'2016-08-14 08:40:52','2016-08-14 08:40:52',2559),
	(1922,1047,35,88,438,'2016-08-14 08:40:52','2016-08-14 08:40:52',2559),
	(1923,1047,35,88,430,'2016-08-14 08:40:52','2016-08-14 08:40:52',2559),
	(1924,1047,35,89,452,'2016-08-14 08:40:52','2016-08-14 08:40:52',2559),
	(2496,1050,35,57,343,'2016-08-14 09:33:04','2016-08-14 09:33:04',2559),
	(2497,1050,35,58,345,'2016-08-14 09:33:04','2016-08-14 09:33:04',2559),
	(2498,1050,35,59,347,'2016-08-14 09:33:04','2016-08-14 09:33:04',2559),
	(2499,1050,35,60,352,'2016-08-14 09:33:04','2016-08-14 09:33:04',2559),
	(2500,1050,35,61,353,'2016-08-14 09:33:04','2016-08-14 09:33:04',2559),
	(2501,1050,35,62,356,'2016-08-14 09:33:04','2016-08-14 09:33:04',2559),
	(2502,1050,35,63,360,'2016-08-14 09:33:04','2016-08-14 09:33:04',2559),
	(2503,1050,35,64,364,'2016-08-14 09:33:04','2016-08-14 09:33:04',2559),
	(2504,1050,35,65,367,'2016-08-14 09:33:04','2016-08-14 09:33:04',2559),
	(2505,1050,35,66,368,'2016-08-14 09:33:04','2016-08-14 09:33:04',2559),
	(2506,1050,35,67,373,'2016-08-14 09:33:04','2016-08-14 09:33:04',2559),
	(2507,1050,35,68,374,'2016-08-14 09:33:04','2016-08-14 09:33:04',2559),
	(2508,1050,35,69,377,'2016-08-14 09:33:04','2016-08-14 09:33:04',2559),
	(2509,1050,35,70,382,'2016-08-14 09:33:04','2016-08-14 09:33:04',2559),
	(2510,1050,35,71,383,'2016-08-14 09:33:04','2016-08-14 09:33:04',2559),
	(2511,1050,35,72,386,'2016-08-14 09:33:04','2016-08-14 09:33:04',2559),
	(2512,1050,35,73,391,'2016-08-14 09:33:04','2016-08-14 09:33:04',2559),
	(2513,1050,35,74,392,'2016-08-14 09:33:04','2016-08-14 09:33:04',2559),
	(2514,1050,35,75,396,'2016-08-14 09:33:04','2016-08-14 09:33:04',2559),
	(2515,1050,35,76,400,'2016-08-14 09:33:04','2016-08-14 09:33:04',2559),
	(2516,1050,35,77,403,'2016-08-14 09:33:04','2016-08-14 09:33:04',2559),
	(2517,1050,35,78,404,'2016-08-14 09:33:04','2016-08-14 09:33:04',2559),
	(2518,1050,35,79,407,'2016-08-14 09:33:04','2016-08-14 09:33:04',2559),
	(2519,1050,35,80,410,'2016-08-14 09:33:04','2016-08-14 09:33:04',2559),
	(2520,1050,35,81,415,'2016-08-14 09:33:04','2016-08-14 09:33:04',2559),
	(2521,1050,35,82,416,'2016-08-14 09:33:04','2016-08-14 09:33:04',2559),
	(2522,1050,35,83,418,'2016-08-14 09:33:04','2016-08-14 09:33:04',2559),
	(2523,1050,35,86,421,'2016-08-14 09:33:04','2016-08-14 09:33:04',2559),
	(2524,1050,35,87,426,'2016-08-14 09:33:04','2016-08-14 09:33:04',2559),
	(2525,1050,35,88,448,'2016-08-14 09:33:04','2016-08-14 09:33:04',2559),
	(2526,1050,35,88,443,'2016-08-14 09:33:04','2016-08-14 09:33:04',2559),
	(2527,1050,35,88,438,'2016-08-14 09:33:04','2016-08-14 09:33:04',2559),
	(2528,1050,35,88,430,'2016-08-14 09:33:04','2016-08-14 09:33:04',2559),
	(2529,1050,35,89,452,'2016-08-14 09:33:05','2016-08-14 09:33:05',2559),
	(3422,1048,35,78,404,'2016-08-14 09:33:49','2016-08-14 09:33:49',2559),
	(3423,1048,35,63,360,'2016-08-14 09:33:49','2016-08-14 09:33:49',2559),
	(3424,1048,35,79,409,'2016-08-14 09:33:49','2016-08-14 09:33:49',2559),
	(3425,1048,35,79,409,'2016-08-14 09:33:49','2016-08-14 09:33:49',2559),
	(3426,1048,35,88,448,'2016-08-14 09:33:49','2016-08-14 09:33:49',2559),
	(3427,1048,35,57,342,'2016-08-14 09:33:49','2016-08-14 09:33:49',2559),
	(3428,1048,35,79,409,'2016-08-14 09:33:49','2016-08-14 09:33:49',2559),
	(3429,1048,35,80,411,'2016-08-14 09:33:49','2016-08-14 09:33:49',2559),
	(3430,1048,35,58,344,'2016-08-14 09:33:49','2016-08-14 09:33:49',2559),
	(3431,1048,35,80,411,'2016-08-14 09:33:49','2016-08-14 09:33:49',2559),
	(3432,1048,35,88,443,'2016-08-14 09:33:49','2016-08-14 09:33:49',2559),
	(3433,1048,35,64,363,'2016-08-14 09:33:49','2016-08-14 09:33:49',2559),
	(3434,1048,35,80,411,'2016-08-14 09:33:49','2016-08-14 09:33:49',2559),
	(3435,1048,35,81,414,'2016-08-14 09:33:49','2016-08-14 09:33:49',2559),
	(3436,1048,35,59,347,'2016-08-14 09:33:49','2016-08-14 09:33:49',2559),
	(3437,1048,35,81,414,'2016-08-14 09:33:49','2016-08-14 09:33:49',2559),
	(3438,1048,35,65,366,'2016-08-14 09:33:49','2016-08-14 09:33:49',2559),
	(3439,1048,35,88,430,'2016-08-14 09:33:49','2016-08-14 09:33:49',2559),
	(3440,1048,35,81,414,'2016-08-14 09:33:49','2016-08-14 09:33:49',2559),
	(3441,1048,35,89,452,'2016-08-14 09:33:49','2016-08-14 09:33:49',2559),
	(3442,1048,35,60,351,'2016-08-14 09:33:49','2016-08-14 09:33:49',2559),
	(3443,1048,35,82,416,'2016-08-14 09:33:49','2016-08-14 09:33:49',2559),
	(3444,1048,35,66,368,'2016-08-14 09:33:49','2016-08-14 09:33:49',2559),
	(3445,1048,35,82,416,'2016-08-14 09:33:49','2016-08-14 09:33:49',2559),
	(3446,1048,35,82,416,'2016-08-14 09:33:50','2016-08-14 09:33:50',2559),
	(3447,1048,35,67,373,'2016-08-14 09:33:50','2016-08-14 09:33:50',2559),
	(3448,1048,35,61,354,'2016-08-14 09:33:50','2016-08-14 09:33:50',2559),
	(3449,1048,35,68,374,'2016-08-14 09:33:50','2016-08-14 09:33:50',2559),
	(3450,1048,35,83,417,'2016-08-14 09:33:50','2016-08-14 09:33:50',2559),
	(3451,1048,35,83,417,'2016-08-14 09:33:50','2016-08-14 09:33:50',2559),
	(3452,1048,35,62,358,'2016-08-14 09:33:50','2016-08-14 09:33:50',2559),
	(3453,1048,35,83,417,'2016-08-14 09:33:50','2016-08-14 09:33:50',2559),
	(3454,1048,35,86,421,'2016-08-14 09:33:50','2016-08-14 09:33:50',2559),
	(3455,1048,35,63,360,'2016-08-14 09:33:50','2016-08-14 09:33:50',2559),
	(3456,1048,35,69,377,'2016-08-14 09:33:50','2016-08-14 09:33:50',2559),
	(3457,1048,35,86,421,'2016-08-14 09:33:50','2016-08-14 09:33:50',2559),
	(3458,1048,35,86,421,'2016-08-14 09:33:50','2016-08-14 09:33:50',2559),
	(3459,1048,35,87,425,'2016-08-14 09:33:50','2016-08-14 09:33:50',2559),
	(3460,1048,35,64,363,'2016-08-14 09:33:50','2016-08-14 09:33:50',2559),
	(3461,1048,35,87,425,'2016-08-14 09:33:50','2016-08-14 09:33:50',2559),
	(3462,1048,35,70,381,'2016-08-14 09:33:50','2016-08-14 09:33:50',2559),
	(3463,1048,35,87,425,'2016-08-14 09:33:50','2016-08-14 09:33:50',2559),
	(3464,1048,35,65,366,'2016-08-14 09:33:50','2016-08-14 09:33:50',2559),
	(3465,1048,35,71,384,'2016-08-14 09:33:50','2016-08-14 09:33:50',2559),
	(3466,1048,35,88,448,'2016-08-14 09:33:50','2016-08-14 09:33:50',2559),
	(3467,1048,35,88,448,'2016-08-14 09:33:50','2016-08-14 09:33:50',2559),
	(3468,1048,35,88,448,'2016-08-14 09:33:50','2016-08-14 09:33:50',2559),
	(3469,1048,35,66,368,'2016-08-14 09:33:50','2016-08-14 09:33:50',2559),
	(3470,1048,35,88,443,'2016-08-14 09:33:50','2016-08-14 09:33:50',2559),
	(3471,1048,35,88,443,'2016-08-14 09:33:50','2016-08-14 09:33:50',2559),
	(3472,1048,35,72,387,'2016-08-14 09:33:50','2016-08-14 09:33:50',2559),
	(3473,1048,35,88,443,'2016-08-14 09:33:50','2016-08-14 09:33:50',2559),
	(3474,1048,35,88,430,'2016-08-14 09:33:50','2016-08-14 09:33:50',2559),
	(3475,1048,35,67,373,'2016-08-14 09:33:50','2016-08-14 09:33:50',2559),
	(3476,1048,35,88,430,'2016-08-14 09:33:50','2016-08-14 09:33:50',2559),
	(3477,1048,35,73,389,'2016-08-14 09:33:50','2016-08-14 09:33:50',2559),
	(3478,1048,35,88,430,'2016-08-14 09:33:50','2016-08-14 09:33:50',2559),
	(3479,1048,35,89,452,'2016-08-14 09:33:50','2016-08-14 09:33:50',2559),
	(3480,1048,35,74,392,'2016-08-14 09:33:50','2016-08-14 09:33:50',2559),
	(3481,1048,35,68,374,'2016-08-14 09:33:50','2016-08-14 09:33:50',2559),
	(3482,1048,35,89,452,'2016-08-14 09:33:50','2016-08-14 09:33:50',2559),
	(3483,1048,35,89,452,'2016-08-14 09:33:50','2016-08-14 09:33:50',2559),
	(3484,1048,35,69,377,'2016-08-14 09:33:50','2016-08-14 09:33:50',2559),
	(3485,1048,35,75,395,'2016-08-14 09:33:50','2016-08-14 09:33:50',2559),
	(3486,1048,35,70,381,'2016-08-14 09:33:50','2016-08-14 09:33:50',2559),
	(3487,1048,35,76,399,'2016-08-14 09:33:50','2016-08-14 09:33:50',2559),
	(3488,1048,35,71,384,'2016-08-14 09:33:50','2016-08-14 09:33:50',2559),
	(3489,1048,35,77,402,'2016-08-14 09:33:50','2016-08-14 09:33:50',2559),
	(3490,1048,35,72,387,'2016-08-14 09:33:50','2016-08-14 09:33:50',2559),
	(3491,1048,35,78,404,'2016-08-14 09:33:50','2016-08-14 09:33:50',2559),
	(3492,1048,35,73,389,'2016-08-14 09:33:50','2016-08-14 09:33:50',2559),
	(3493,1048,35,79,409,'2016-08-14 09:33:50','2016-08-14 09:33:50',2559),
	(3494,1048,35,74,392,'2016-08-14 09:33:50','2016-08-14 09:33:50',2559),
	(3495,1048,35,80,411,'2016-08-14 09:33:50','2016-08-14 09:33:50',2559),
	(3496,1048,35,75,395,'2016-08-14 09:33:50','2016-08-14 09:33:50',2559),
	(3497,1048,35,81,414,'2016-08-14 09:33:50','2016-08-14 09:33:50',2559),
	(3498,1048,35,76,399,'2016-08-14 09:33:51','2016-08-14 09:33:51',2559),
	(3499,1048,35,82,416,'2016-08-14 09:33:51','2016-08-14 09:33:51',2559),
	(3500,1048,35,77,402,'2016-08-14 09:33:51','2016-08-14 09:33:51',2559),
	(3501,1048,35,78,404,'2016-08-14 09:33:51','2016-08-14 09:33:51',2559),
	(3502,1048,35,83,417,'2016-08-14 09:33:51','2016-08-14 09:33:51',2559),
	(3503,1048,35,79,409,'2016-08-14 09:33:51','2016-08-14 09:33:51',2559),
	(3504,1048,35,86,421,'2016-08-14 09:33:51','2016-08-14 09:33:51',2559),
	(3505,1048,35,80,411,'2016-08-14 09:33:51','2016-08-14 09:33:51',2559),
	(3506,1048,35,87,425,'2016-08-14 09:33:51','2016-08-14 09:33:51',2559),
	(3507,1048,35,81,414,'2016-08-14 09:33:51','2016-08-14 09:33:51',2559),
	(3508,1048,35,88,448,'2016-08-14 09:33:51','2016-08-14 09:33:51',2559),
	(3509,1048,35,82,416,'2016-08-14 09:33:51','2016-08-14 09:33:51',2559),
	(3510,1048,35,88,443,'2016-08-14 09:33:51','2016-08-14 09:33:51',2559),
	(3511,1048,35,88,430,'2016-08-14 09:33:51','2016-08-14 09:33:51',2559),
	(3512,1048,35,83,417,'2016-08-14 09:33:51','2016-08-14 09:33:51',2559),
	(3513,1048,35,89,452,'2016-08-14 09:33:51','2016-08-14 09:33:51',2559),
	(3514,1048,35,86,421,'2016-08-14 09:33:51','2016-08-14 09:33:51',2559),
	(3515,1048,35,87,425,'2016-08-14 09:33:51','2016-08-14 09:33:51',2559),
	(3516,1048,35,88,448,'2016-08-14 09:33:51','2016-08-14 09:33:51',2559),
	(3517,1048,35,88,443,'2016-08-14 09:33:51','2016-08-14 09:33:51',2559),
	(3518,1048,35,88,430,'2016-08-14 09:33:51','2016-08-14 09:33:51',2559),
	(3519,1048,35,89,452,'2016-08-14 09:33:51','2016-08-14 09:33:51',2559),
	(3656,1051,35,57,343,'2016-08-14 09:53:31','2016-08-14 09:53:31',2559),
	(3657,1051,35,58,345,'2016-08-14 09:53:31','2016-08-14 09:53:31',2559),
	(3658,1051,35,59,349,'2016-08-14 09:53:31','2016-08-14 09:53:31',2559),
	(3659,1051,35,60,351,'2016-08-14 09:53:31','2016-08-14 09:53:31',2559),
	(3660,1051,35,61,354,'2016-08-14 09:53:31','2016-08-14 09:53:31',2559),
	(3661,1051,35,62,358,'2016-08-14 09:53:31','2016-08-14 09:53:31',2559),
	(3662,1051,35,63,360,'2016-08-14 09:53:31','2016-08-14 09:53:31',2559),
	(3663,1051,35,64,362,'2016-08-14 09:53:31','2016-08-14 09:53:31',2559),
	(3664,1051,35,65,365,'2016-08-14 09:53:31','2016-08-14 09:53:31',2559),
	(3665,1051,35,66,368,'2016-08-14 09:53:31','2016-08-14 09:53:31',2559),
	(3666,1051,35,67,371,'2016-08-14 09:53:31','2016-08-14 09:53:31',2559),
	(3667,1051,35,68,374,'2016-08-14 09:53:31','2016-08-14 09:53:31',2559),
	(3668,1051,35,69,377,'2016-08-14 09:53:31','2016-08-14 09:53:31',2559),
	(3669,1051,35,70,382,'2016-08-14 09:53:31','2016-08-14 09:53:31',2559),
	(3670,1051,35,71,384,'2016-08-14 09:53:31','2016-08-14 09:53:31',2559),
	(3671,1051,35,72,386,'2016-08-14 09:53:31','2016-08-14 09:53:31',2559),
	(3672,1051,35,73,390,'2016-08-14 09:53:31','2016-08-14 09:53:31',2559),
	(3673,1051,35,74,393,'2016-08-14 09:53:31','2016-08-14 09:53:31',2559),
	(3674,1051,35,75,395,'2016-08-14 09:53:31','2016-08-14 09:53:31',2559),
	(3675,1051,35,76,400,'2016-08-14 09:53:31','2016-08-14 09:53:31',2559),
	(3676,1051,35,77,403,'2016-08-14 09:53:31','2016-08-14 09:53:31',2559),
	(3677,1051,35,78,404,'2016-08-14 09:53:31','2016-08-14 09:53:31',2559),
	(3678,1051,35,79,408,'2016-08-14 09:53:31','2016-08-14 09:53:31',2559),
	(3679,1051,35,80,410,'2016-08-14 09:53:31','2016-08-14 09:53:31',2559),
	(3680,1051,35,81,415,'2016-08-14 09:53:31','2016-08-14 09:53:31',2559),
	(3681,1051,35,82,416,'2016-08-14 09:53:31','2016-08-14 09:53:31',2559),
	(3682,1051,35,83,418,'2016-08-14 09:53:31','2016-08-14 09:53:31',2559),
	(3683,1051,35,86,421,'2016-08-14 09:53:31','2016-08-14 09:53:31',2559),
	(3684,1051,35,87,426,'2016-08-14 09:53:31','2016-08-14 09:53:31',2559),
	(3685,1051,35,88,449,'2016-08-14 09:53:31','2016-08-14 09:53:31',2559),
	(3686,1051,35,88,443,'2016-08-14 09:53:31','2016-08-14 09:53:31',2559),
	(3687,1051,35,88,438,'2016-08-14 09:53:31','2016-08-14 09:53:31',2559),
	(3688,1051,35,88,430,'2016-08-14 09:53:31','2016-08-14 09:53:31',2559),
	(3689,1051,35,89,452,'2016-08-14 09:53:31','2016-08-14 09:53:31',2559),
	(3710,1052,32,4,2,'2016-08-14 09:59:11','2016-08-14 09:59:11',2559),
	(3711,1052,32,5,6,'2016-08-14 09:59:11','2016-08-14 09:59:11',2559),
	(3712,1052,32,6,9,'2016-08-14 09:59:11','2016-08-14 09:59:11',2559),
	(3713,1052,32,7,14,'2016-08-14 09:59:11','2016-08-14 09:59:11',2559),
	(3714,1052,32,8,17,'2016-08-14 09:59:11','2016-08-14 09:59:11',2559),
	(3715,1052,32,9,21,'2016-08-14 09:59:11','2016-08-14 09:59:11',2559),
	(3716,1052,32,10,25,'2016-08-14 09:59:11','2016-08-14 09:59:11',2559),
	(3717,1052,32,11,29,'2016-08-14 09:59:11','2016-08-14 09:59:11',2559),
	(3718,1052,32,12,33,'2016-08-14 09:59:11','2016-08-14 09:59:11',2559),
	(3719,1052,32,13,37,'2016-08-14 09:59:11','2016-08-14 09:59:11',2559),
	(3720,1052,32,14,42,'2016-08-14 09:59:11','2016-08-14 09:59:11',2559),
	(3721,1052,32,15,46,'2016-08-14 09:59:11','2016-08-14 09:59:11',2559),
	(3722,1052,32,16,50,'2016-08-14 09:59:11','2016-08-14 09:59:11',2559),
	(3723,1052,32,17,53,'2016-08-14 09:59:11','2016-08-14 09:59:11',2559),
	(3724,1052,32,18,57,'2016-08-14 09:59:11','2016-08-14 09:59:11',2559),
	(3725,1052,32,19,62,'2016-08-14 09:59:11','2016-08-14 09:59:11',2559),
	(3726,1052,32,20,65,'2016-08-14 09:59:11','2016-08-14 09:59:11',2559),
	(3727,1052,32,21,70,'2016-08-14 09:59:11','2016-08-14 09:59:11',2559),
	(3728,1052,32,22,74,'2016-08-14 09:59:11','2016-08-14 09:59:11',2559),
	(3729,1052,32,23,77,'2016-08-14 09:59:11','2016-08-14 09:59:11',2559),
	(3730,1052,33,24,84,'2016-08-14 10:01:31','2016-08-14 10:01:31',2559),
	(3731,1052,33,26,89,'2016-08-14 10:01:31','2016-08-14 10:01:31',2559),
	(3732,1052,33,27,92,'2016-08-14 10:01:31','2016-08-14 10:01:31',2559),
	(3733,1052,33,28,96,'2016-08-14 10:01:31','2016-08-14 10:01:31',2559),
	(3734,1052,33,29,98,'2016-08-14 10:01:31','2016-08-14 10:01:31',2559),
	(3735,1052,33,30,105,'2016-08-14 10:01:31','2016-08-14 10:01:31',2559),
	(3736,1052,33,31,107,'2016-08-14 10:01:31','2016-08-14 10:01:31',2559),
	(3737,1052,33,32,111,'2016-08-14 10:01:31','2016-08-14 10:01:31',2559),
	(3738,1052,33,33,117,'2016-08-14 10:01:31','2016-08-14 10:01:31',2559),
	(3739,1052,33,34,118,'2016-08-14 10:01:31','2016-08-14 10:01:31',2559),
	(3740,1052,33,35,124,'2016-08-14 10:01:31','2016-08-14 10:01:31',2559),
	(3741,1052,33,36,129,'2016-08-14 10:01:31','2016-08-14 10:01:31',2559),
	(3742,1052,33,37,133,'2016-08-14 10:01:31','2016-08-14 10:01:31',2559),
	(3743,1052,33,38,135,'2016-08-14 10:01:31','2016-08-14 10:01:31',2559),
	(3744,1052,33,39,140,'2016-08-14 10:01:31','2016-08-14 10:01:31',2559),
	(3745,1052,33,40,145,'2016-08-14 10:01:31','2016-08-14 10:01:31',2559),
	(3746,1052,33,41,149,'2016-08-14 10:01:31','2016-08-14 10:01:31',2559),
	(3747,1052,33,42,153,'2016-08-14 10:01:31','2016-08-14 10:01:31',2559),
	(3748,1052,33,43,157,'2016-08-14 10:01:31','2016-08-14 10:01:31',2559),
	(3749,1052,33,44,340,'2016-08-14 10:01:31','2016-08-14 10:01:31',2559),
	(6244,1053,32,4,2,'2016-08-14 10:25:38','2016-08-14 10:25:38',2559),
	(6245,1053,32,5,6,'2016-08-14 10:25:38','2016-08-14 10:25:38',2559),
	(6246,1053,32,6,10,'2016-08-14 10:25:38','2016-08-14 10:25:38',2559),
	(6247,1053,32,7,14,'2016-08-14 10:25:38','2016-08-14 10:25:38',2559),
	(6248,1053,32,8,18,'2016-08-14 10:25:38','2016-08-14 10:25:38',2559),
	(6249,1053,32,9,22,'2016-08-14 10:25:38','2016-08-14 10:25:38',2559),
	(6250,1053,32,10,26,'2016-08-14 10:25:38','2016-08-14 10:25:38',2559),
	(6251,1053,32,11,30,'2016-08-14 10:25:38','2016-08-14 10:25:38',2559),
	(6252,1053,32,12,34,'2016-08-14 10:25:39','2016-08-14 10:25:39',2559),
	(6253,1053,32,13,37,'2016-08-14 10:25:39','2016-08-14 10:25:39',2559),
	(6254,1053,32,14,42,'2016-08-14 10:25:39','2016-08-14 10:25:39',2559),
	(6255,1053,32,15,46,'2016-08-14 10:25:39','2016-08-14 10:25:39',2559),
	(6256,1053,32,16,49,'2016-08-14 10:25:39','2016-08-14 10:25:39',2559),
	(6257,1053,32,17,54,'2016-08-14 10:25:39','2016-08-14 10:25:39',2559),
	(6258,1053,32,18,58,'2016-08-14 10:25:39','2016-08-14 10:25:39',2559),
	(6259,1053,32,19,64,'2016-08-14 10:25:39','2016-08-14 10:25:39',2559),
	(6260,1053,32,20,66,'2016-08-14 10:25:39','2016-08-14 10:25:39',2559),
	(6261,1053,32,21,72,'2016-08-14 10:25:39','2016-08-14 10:25:39',2559),
	(6262,1053,32,22,74,'2016-08-14 10:25:39','2016-08-14 10:25:39',2559),
	(6263,1053,32,23,77,'2016-08-14 10:25:39','2016-08-14 10:25:39',2559),
	(6284,1053,33,24,83,'2016-08-14 10:29:03','2016-08-14 10:29:03',2559),
	(6285,1053,33,26,89,'2016-08-14 10:29:03','2016-08-14 10:29:03',2559),
	(6286,1053,33,27,92,'2016-08-14 10:29:03','2016-08-14 10:29:03',2559),
	(6287,1053,33,28,94,'2016-08-14 10:29:03','2016-08-14 10:29:03',2559),
	(6288,1053,33,29,98,'2016-08-14 10:29:03','2016-08-14 10:29:03',2559),
	(6289,1053,33,30,104,'2016-08-14 10:29:03','2016-08-14 10:29:03',2559),
	(6290,1053,33,31,107,'2016-08-14 10:29:03','2016-08-14 10:29:03',2559),
	(6291,1053,33,32,112,'2016-08-14 10:29:03','2016-08-14 10:29:03',2559),
	(6292,1053,33,33,116,'2016-08-14 10:29:03','2016-08-14 10:29:03',2559),
	(6293,1053,33,34,118,'2016-08-14 10:29:03','2016-08-14 10:29:03',2559),
	(6294,1053,33,35,124,'2016-08-14 10:29:03','2016-08-14 10:29:03',2559),
	(6295,1053,33,36,128,'2016-08-14 10:29:03','2016-08-14 10:29:03',2559),
	(6296,1053,33,37,132,'2016-08-14 10:29:03','2016-08-14 10:29:03',2559),
	(6297,1053,33,38,135,'2016-08-14 10:29:03','2016-08-14 10:29:03',2559),
	(6298,1053,33,39,138,'2016-08-14 10:29:03','2016-08-14 10:29:03',2559),
	(6299,1053,33,40,144,'2016-08-14 10:29:03','2016-08-14 10:29:03',2559),
	(6300,1053,33,41,148,'2016-08-14 10:29:03','2016-08-14 10:29:03',2559),
	(6301,1053,33,42,153,'2016-08-14 10:29:03','2016-08-14 10:29:03',2559),
	(6302,1053,33,43,157,'2016-08-14 10:29:03','2016-08-14 10:29:03',2559),
	(6303,1053,33,44,340,'2016-08-14 10:29:03','2016-08-14 10:29:03',2559),
	(6338,1053,35,57,342,'2016-08-14 10:34:56','2016-08-14 10:34:56',2559),
	(6339,1053,35,58,345,'2016-08-14 10:34:56','2016-08-14 10:34:56',2559),
	(6340,1053,35,59,348,'2016-08-14 10:34:56','2016-08-14 10:34:56',2559),
	(6341,1053,35,60,351,'2016-08-14 10:34:56','2016-08-14 10:34:56',2559),
	(6342,1053,35,61,353,'2016-08-14 10:34:56','2016-08-14 10:34:56',2559),
	(6343,1053,35,62,356,'2016-08-14 10:34:56','2016-08-14 10:34:56',2559),
	(6344,1053,35,63,360,'2016-08-14 10:34:56','2016-08-14 10:34:56',2559),
	(6345,1053,35,64,363,'2016-08-14 10:34:56','2016-08-14 10:34:56',2559),
	(6346,1053,35,65,366,'2016-08-14 10:34:56','2016-08-14 10:34:56',2559),
	(6347,1053,35,66,368,'2016-08-14 10:34:56','2016-08-14 10:34:56',2559),
	(6348,1053,35,67,373,'2016-08-14 10:34:56','2016-08-14 10:34:56',2559),
	(6349,1053,35,68,374,'2016-08-14 10:34:56','2016-08-14 10:34:56',2559),
	(6350,1053,35,69,377,'2016-08-14 10:34:56','2016-08-14 10:34:56',2559),
	(6351,1053,35,70,381,'2016-08-14 10:34:56','2016-08-14 10:34:56',2559),
	(6352,1053,35,71,384,'2016-08-14 10:34:56','2016-08-14 10:34:56',2559),
	(6353,1053,35,72,388,'2016-08-14 10:34:56','2016-08-14 10:34:56',2559),
	(6354,1053,35,73,390,'2016-08-14 10:34:56','2016-08-14 10:34:56',2559),
	(6355,1053,35,74,393,'2016-08-14 10:34:56','2016-08-14 10:34:56',2559),
	(6356,1053,35,75,395,'2016-08-14 10:34:57','2016-08-14 10:34:57',2559),
	(6357,1053,35,76,399,'2016-08-14 10:34:57','2016-08-14 10:34:57',2559),
	(6358,1053,35,77,402,'2016-08-14 10:34:57','2016-08-14 10:34:57',2559),
	(6359,1053,35,78,404,'2016-08-14 10:34:57','2016-08-14 10:34:57',2559),
	(6360,1053,35,79,408,'2016-08-14 10:34:57','2016-08-14 10:34:57',2559),
	(6361,1053,35,80,411,'2016-08-14 10:34:57','2016-08-14 10:34:57',2559),
	(6362,1053,35,81,414,'2016-08-14 10:34:57','2016-08-14 10:34:57',2559),
	(6363,1053,35,82,416,'2016-08-14 10:34:57','2016-08-14 10:34:57',2559),
	(6364,1053,35,83,418,'2016-08-14 10:34:57','2016-08-14 10:34:57',2559),
	(6365,1053,35,86,424,'2016-08-14 10:34:57','2016-08-14 10:34:57',2559),
	(6366,1053,35,87,425,'2016-08-14 10:34:57','2016-08-14 10:34:57',2559),
	(6367,1053,35,88,450,'2016-08-14 10:34:57','2016-08-14 10:34:57',2559),
	(6368,1053,35,88,445,'2016-08-14 10:34:57','2016-08-14 10:34:57',2559),
	(6369,1053,35,88,440,'2016-08-14 10:34:57','2016-08-14 10:34:57',2559),
	(6370,1053,35,88,432,'2016-08-14 10:34:57','2016-08-14 10:34:57',2559),
	(6371,1053,35,89,452,'2016-08-14 10:34:57','2016-08-14 10:34:57',2559),
	(6474,1054,35,57,343,'2016-08-14 10:37:26','2016-08-14 10:37:26',2559),
	(6475,1054,35,58,345,'2016-08-14 10:37:26','2016-08-14 10:37:26',2559),
	(6476,1054,35,59,348,'2016-08-14 10:37:26','2016-08-14 10:37:26',2559),
	(6477,1054,35,60,352,'2016-08-14 10:37:26','2016-08-14 10:37:26',2559),
	(6478,1054,35,61,355,'2016-08-14 10:37:26','2016-08-14 10:37:26',2559),
	(6479,1054,35,62,357,'2016-08-14 10:37:26','2016-08-14 10:37:26',2559),
	(6480,1054,35,63,360,'2016-08-14 10:37:26','2016-08-14 10:37:26',2559),
	(6481,1054,35,64,364,'2016-08-14 10:37:26','2016-08-14 10:37:26',2559),
	(6482,1054,35,65,367,'2016-08-14 10:37:26','2016-08-14 10:37:26',2559),
	(6483,1054,35,66,368,'2016-08-14 10:37:26','2016-08-14 10:37:26',2559),
	(6484,1054,35,67,373,'2016-08-14 10:37:26','2016-08-14 10:37:26',2559),
	(6485,1054,35,68,374,'2016-08-14 10:37:26','2016-08-14 10:37:26',2559),
	(6486,1054,35,69,378,'2016-08-14 10:37:26','2016-08-14 10:37:26',2559),
	(6487,1054,35,70,381,'2016-08-14 10:37:26','2016-08-14 10:37:26',2559),
	(6488,1054,35,71,384,'2016-08-14 10:37:26','2016-08-14 10:37:26',2559),
	(6489,1054,35,72,388,'2016-08-14 10:37:26','2016-08-14 10:37:26',2559),
	(6490,1054,35,73,390,'2016-08-14 10:37:26','2016-08-14 10:37:26',2559),
	(6491,1054,35,74,394,'2016-08-14 10:37:26','2016-08-14 10:37:26',2559),
	(6492,1054,35,75,395,'2016-08-14 10:37:26','2016-08-14 10:37:26',2559),
	(6493,1054,35,76,400,'2016-08-14 10:37:26','2016-08-14 10:37:26',2559),
	(6494,1054,35,77,402,'2016-08-14 10:37:26','2016-08-14 10:37:26',2559),
	(6495,1054,35,78,404,'2016-08-14 10:37:26','2016-08-14 10:37:26',2559),
	(6496,1054,35,79,409,'2016-08-14 10:37:26','2016-08-14 10:37:26',2559),
	(6497,1054,35,80,412,'2016-08-14 10:37:26','2016-08-14 10:37:26',2559),
	(6498,1054,35,81,415,'2016-08-14 10:37:26','2016-08-14 10:37:26',2559),
	(6499,1054,35,82,416,'2016-08-14 10:37:26','2016-08-14 10:37:26',2559),
	(6500,1054,35,83,418,'2016-08-14 10:37:26','2016-08-14 10:37:26',2559),
	(6501,1054,35,86,421,'2016-08-14 10:37:26','2016-08-14 10:37:26',2559),
	(6502,1054,35,87,426,'2016-08-14 10:37:26','2016-08-14 10:37:26',2559),
	(6503,1054,35,88,448,'2016-08-14 10:37:26','2016-08-14 10:37:26',2559),
	(6504,1054,35,88,443,'2016-08-14 10:37:27','2016-08-14 10:37:27',2559),
	(6505,1054,35,88,439,'2016-08-14 10:37:27','2016-08-14 10:37:27',2559),
	(6506,1054,35,88,430,'2016-08-14 10:37:27','2016-08-14 10:37:27',2559),
	(6507,1054,35,89,452,'2016-08-14 10:37:27','2016-08-14 10:37:27',2559),
	(6642,1055,35,57,343,'2016-08-14 11:11:56','2016-08-14 11:11:56',2559),
	(6643,1055,35,58,344,'2016-08-14 11:11:56','2016-08-14 11:11:56',2559),
	(6644,1055,35,59,347,'2016-08-14 11:11:56','2016-08-14 11:11:56',2559),
	(6645,1055,35,60,351,'2016-08-14 11:11:56','2016-08-14 11:11:56',2559),
	(6646,1055,35,61,353,'2016-08-14 11:11:56','2016-08-14 11:11:56',2559),
	(6647,1055,35,62,356,'2016-08-14 11:11:56','2016-08-14 11:11:56',2559),
	(6648,1055,35,63,359,'2016-08-14 11:11:56','2016-08-14 11:11:56',2559),
	(6649,1055,35,64,363,'2016-08-14 11:11:56','2016-08-14 11:11:56',2559),
	(6650,1055,35,65,366,'2016-08-14 11:11:56','2016-08-14 11:11:56',2559),
	(6651,1055,35,66,368,'2016-08-14 11:11:56','2016-08-14 11:11:56',2559),
	(6652,1055,35,67,373,'2016-08-14 11:11:57','2016-08-14 11:11:57',2559),
	(6653,1055,35,68,374,'2016-08-14 11:11:57','2016-08-14 11:11:57',2559),
	(6654,1055,35,69,377,'2016-08-14 11:11:57','2016-08-14 11:11:57',2559),
	(6655,1055,35,70,381,'2016-08-14 11:11:57','2016-08-14 11:11:57',2559),
	(6656,1055,35,71,383,'2016-08-14 11:11:57','2016-08-14 11:11:57',2559),
	(6657,1055,35,72,387,'2016-08-14 11:11:57','2016-08-14 11:11:57',2559),
	(6658,1055,35,73,391,'2016-08-14 11:11:57','2016-08-14 11:11:57',2559),
	(6659,1055,35,74,392,'2016-08-14 11:11:57','2016-08-14 11:11:57',2559),
	(6660,1055,35,75,396,'2016-08-14 11:11:57','2016-08-14 11:11:57',2559),
	(6661,1055,35,76,399,'2016-08-14 11:11:57','2016-08-14 11:11:57',2559),
	(6662,1055,35,77,403,'2016-08-14 11:11:57','2016-08-14 11:11:57',2559),
	(6663,1055,35,78,404,'2016-08-14 11:11:57','2016-08-14 11:11:57',2559),
	(6664,1055,35,79,408,'2016-08-14 11:11:57','2016-08-14 11:11:57',2559),
	(6665,1055,35,80,410,'2016-08-14 11:11:57','2016-08-14 11:11:57',2559),
	(6666,1055,35,81,415,'2016-08-14 11:11:57','2016-08-14 11:11:57',2559),
	(6667,1055,35,82,416,'2016-08-14 11:11:57','2016-08-14 11:11:57',2559),
	(6668,1055,35,83,418,'2016-08-14 11:11:57','2016-08-14 11:11:57',2559),
	(6669,1055,35,86,421,'2016-08-14 11:11:57','2016-08-14 11:11:57',2559),
	(6670,1055,35,87,426,'2016-08-14 11:11:57','2016-08-14 11:11:57',2559),
	(6671,1055,35,88,448,'2016-08-14 11:11:57','2016-08-14 11:11:57',2559),
	(6672,1055,35,88,444,'2016-08-14 11:11:57','2016-08-14 11:11:57',2559),
	(6673,1055,35,88,438,'2016-08-14 11:11:57','2016-08-14 11:11:57',2559),
	(6674,1055,35,88,430,'2016-08-14 11:11:57','2016-08-14 11:11:57',2559),
	(6675,1055,35,89,453,'2016-08-14 11:11:57','2016-08-14 11:11:57',2559),
	(6757,1049,35,71,384,'2016-08-14 11:12:03','2016-08-14 11:12:03',2559),
	(6758,1049,35,61,354,'2016-08-14 11:12:03','2016-08-14 11:12:03',2559),
	(6759,1049,35,88,448,'2016-08-14 11:12:03','2016-08-14 11:12:03',2559),
	(6760,1049,35,57,342,'2016-08-14 11:12:03','2016-08-14 11:12:03',2559),
	(6761,1049,35,72,387,'2016-08-14 11:12:03','2016-08-14 11:12:03',2559),
	(6762,1049,35,62,356,'2016-08-14 11:12:03','2016-08-14 11:12:03',2559),
	(6763,1049,35,88,443,'2016-08-14 11:12:03','2016-08-14 11:12:03',2559),
	(6764,1049,35,58,345,'2016-08-14 11:12:03','2016-08-14 11:12:03',2559),
	(6765,1049,35,63,361,'2016-08-14 11:12:03','2016-08-14 11:12:03',2559),
	(6766,1049,35,73,390,'2016-08-14 11:12:03','2016-08-14 11:12:03',2559),
	(6767,1049,35,59,348,'2016-08-14 11:12:03','2016-08-14 11:12:03',2559),
	(6768,1049,35,88,438,'2016-08-14 11:12:03','2016-08-14 11:12:03',2559),
	(6769,1049,35,64,364,'2016-08-14 11:12:03','2016-08-14 11:12:03',2559),
	(6770,1049,35,74,392,'2016-08-14 11:12:03','2016-08-14 11:12:03',2559),
	(6771,1049,35,60,351,'2016-08-14 11:12:03','2016-08-14 11:12:03',2559),
	(6772,1049,35,88,430,'2016-08-14 11:12:03','2016-08-14 11:12:03',2559),
	(6773,1049,35,75,395,'2016-08-14 11:12:03','2016-08-14 11:12:03',2559),
	(6774,1049,35,65,366,'2016-08-14 11:12:03','2016-08-14 11:12:03',2559),
	(6775,1049,35,89,452,'2016-08-14 11:12:03','2016-08-14 11:12:03',2559),
	(6776,1049,35,61,354,'2016-08-14 11:12:03','2016-08-14 11:12:03',2559),
	(6777,1049,35,66,369,'2016-08-14 11:12:03','2016-08-14 11:12:03',2559),
	(6778,1049,35,76,399,'2016-08-14 11:12:03','2016-08-14 11:12:03',2559),
	(6779,1049,35,62,356,'2016-08-14 11:12:03','2016-08-14 11:12:03',2559),
	(6780,1049,35,67,373,'2016-08-14 11:12:03','2016-08-14 11:12:03',2559),
	(6781,1049,35,77,402,'2016-08-14 11:12:03','2016-08-14 11:12:03',2559),
	(6782,1049,35,63,361,'2016-08-14 11:12:03','2016-08-14 11:12:03',2559),
	(6783,1049,35,78,404,'2016-08-14 11:12:03','2016-08-14 11:12:03',2559),
	(6784,1049,35,68,374,'2016-08-14 11:12:03','2016-08-14 11:12:03',2559),
	(6785,1049,35,64,364,'2016-08-14 11:12:03','2016-08-14 11:12:03',2559),
	(6786,1049,35,69,378,'2016-08-14 11:12:03','2016-08-14 11:12:03',2559),
	(6787,1049,35,79,407,'2016-08-14 11:12:03','2016-08-14 11:12:03',2559),
	(6788,1049,35,65,366,'2016-08-14 11:12:03','2016-08-14 11:12:03',2559),
	(6789,1049,35,70,381,'2016-08-14 11:12:03','2016-08-14 11:12:03',2559),
	(6790,1049,35,80,411,'2016-08-14 11:12:03','2016-08-14 11:12:03',2559),
	(6791,1049,35,66,369,'2016-08-14 11:12:03','2016-08-14 11:12:03',2559),
	(6792,1049,35,81,414,'2016-08-14 11:12:03','2016-08-14 11:12:03',2559),
	(6793,1049,35,71,384,'2016-08-14 11:12:03','2016-08-14 11:12:03',2559),
	(6794,1049,35,67,373,'2016-08-14 11:12:03','2016-08-14 11:12:03',2559),
	(6795,1049,35,82,416,'2016-08-14 11:12:03','2016-08-14 11:12:03',2559),
	(6796,1049,35,72,387,'2016-08-14 11:12:03','2016-08-14 11:12:03',2559),
	(6797,1049,35,68,374,'2016-08-14 11:12:03','2016-08-14 11:12:03',2559),
	(6798,1049,35,83,418,'2016-08-14 11:12:03','2016-08-14 11:12:03',2559),
	(6799,1049,35,73,390,'2016-08-14 11:12:03','2016-08-14 11:12:03',2559),
	(6800,1049,35,69,378,'2016-08-14 11:12:04','2016-08-14 11:12:04',2559),
	(6801,1049,35,74,392,'2016-08-14 11:12:04','2016-08-14 11:12:04',2559),
	(6802,1049,35,86,421,'2016-08-14 11:12:04','2016-08-14 11:12:04',2559),
	(6803,1049,35,70,381,'2016-08-14 11:12:04','2016-08-14 11:12:04',2559),
	(6804,1049,35,87,425,'2016-08-14 11:12:04','2016-08-14 11:12:04',2559),
	(6805,1049,35,75,395,'2016-08-14 11:12:04','2016-08-14 11:12:04',2559),
	(6806,1049,35,71,384,'2016-08-14 11:12:04','2016-08-14 11:12:04',2559),
	(6807,1049,35,88,448,'2016-08-14 11:12:04','2016-08-14 11:12:04',2559),
	(6808,1049,35,76,399,'2016-08-14 11:12:04','2016-08-14 11:12:04',2559),
	(6809,1049,35,72,387,'2016-08-14 11:12:04','2016-08-14 11:12:04',2559),
	(6810,1049,35,88,443,'2016-08-14 11:12:04','2016-08-14 11:12:04',2559),
	(6811,1049,35,77,402,'2016-08-14 11:12:04','2016-08-14 11:12:04',2559),
	(6812,1049,35,73,390,'2016-08-14 11:12:04','2016-08-14 11:12:04',2559),
	(6813,1049,35,88,438,'2016-08-14 11:12:04','2016-08-14 11:12:04',2559),
	(6814,1049,35,78,404,'2016-08-14 11:12:04','2016-08-14 11:12:04',2559),
	(6815,1049,35,74,392,'2016-08-14 11:12:04','2016-08-14 11:12:04',2559),
	(6816,1049,35,88,430,'2016-08-14 11:12:04','2016-08-14 11:12:04',2559),
	(6817,1049,35,79,407,'2016-08-14 11:12:04','2016-08-14 11:12:04',2559),
	(6818,1049,35,75,395,'2016-08-14 11:12:04','2016-08-14 11:12:04',2559),
	(6819,1049,35,80,411,'2016-08-14 11:12:04','2016-08-14 11:12:04',2559),
	(6820,1049,35,89,452,'2016-08-14 11:12:04','2016-08-14 11:12:04',2559),
	(6821,1049,35,76,399,'2016-08-14 11:12:04','2016-08-14 11:12:04',2559),
	(6822,1049,35,81,414,'2016-08-14 11:12:04','2016-08-14 11:12:04',2559),
	(6823,1049,35,77,402,'2016-08-14 11:12:04','2016-08-14 11:12:04',2559),
	(6824,1049,35,82,416,'2016-08-14 11:12:04','2016-08-14 11:12:04',2559),
	(6825,1049,35,78,404,'2016-08-14 11:12:04','2016-08-14 11:12:04',2559),
	(6826,1049,35,83,418,'2016-08-14 11:12:04','2016-08-14 11:12:04',2559),
	(6827,1049,35,79,407,'2016-08-14 11:12:04','2016-08-14 11:12:04',2559),
	(6828,1049,35,86,421,'2016-08-14 11:12:04','2016-08-14 11:12:04',2559),
	(6829,1049,35,80,411,'2016-08-14 11:12:04','2016-08-14 11:12:04',2559),
	(6830,1049,35,87,425,'2016-08-14 11:12:04','2016-08-14 11:12:04',2559),
	(6831,1049,35,81,414,'2016-08-14 11:12:04','2016-08-14 11:12:04',2559),
	(6832,1049,35,88,448,'2016-08-14 11:12:04','2016-08-14 11:12:04',2559),
	(6833,1049,35,82,416,'2016-08-14 11:12:04','2016-08-14 11:12:04',2559),
	(6834,1049,35,88,443,'2016-08-14 11:12:04','2016-08-14 11:12:04',2559),
	(6835,1049,35,83,418,'2016-08-14 11:12:04','2016-08-14 11:12:04',2559),
	(6836,1049,35,88,438,'2016-08-14 11:12:04','2016-08-14 11:12:04',2559),
	(6837,1049,35,86,421,'2016-08-14 11:12:04','2016-08-14 11:12:04',2559),
	(6838,1049,35,88,430,'2016-08-14 11:12:04','2016-08-14 11:12:04',2559),
	(6839,1049,35,87,425,'2016-08-14 11:12:04','2016-08-14 11:12:04',2559),
	(6840,1049,35,89,452,'2016-08-14 11:12:04','2016-08-14 11:12:04',2559),
	(6841,1049,35,88,448,'2016-08-14 11:12:04','2016-08-14 11:12:04',2559),
	(6842,1049,35,88,443,'2016-08-14 11:12:04','2016-08-14 11:12:04',2559),
	(6843,1049,35,88,438,'2016-08-14 11:12:04','2016-08-14 11:12:04',2559),
	(6844,1049,35,88,430,'2016-08-14 11:12:04','2016-08-14 11:12:04',2559),
	(6845,1049,35,89,452,'2016-08-14 11:12:04','2016-08-14 11:12:04',2559),
	(7606,1057,35,57,343,'2016-08-14 11:40:37','2016-08-14 11:40:37',2559),
	(7607,1057,35,69,377,'2016-08-14 11:40:37','2016-08-14 11:40:37',2559),
	(7608,1057,35,57,343,'2016-08-14 11:40:37','2016-08-14 11:40:37',2559),
	(7609,1057,35,57,343,'2016-08-14 11:40:37','2016-08-14 11:40:37',2559),
	(7610,1057,35,58,344,'2016-08-14 11:40:37','2016-08-14 11:40:37',2559),
	(7611,1057,35,70,382,'2016-08-14 11:40:37','2016-08-14 11:40:37',2559),
	(7612,1057,35,58,344,'2016-08-14 11:40:37','2016-08-14 11:40:37',2559),
	(7613,1057,35,58,344,'2016-08-14 11:40:37','2016-08-14 11:40:37',2559),
	(7614,1057,35,59,347,'2016-08-14 11:40:37','2016-08-14 11:40:37',2559),
	(7615,1057,35,59,347,'2016-08-14 11:40:37','2016-08-14 11:40:37',2559),
	(7616,1057,35,71,383,'2016-08-14 11:40:37','2016-08-14 11:40:37',2559),
	(7617,1057,35,59,347,'2016-08-14 11:40:37','2016-08-14 11:40:37',2559),
	(7618,1057,35,60,351,'2016-08-14 11:40:37','2016-08-14 11:40:37',2559),
	(7619,1057,35,72,387,'2016-08-14 11:40:37','2016-08-14 11:40:37',2559),
	(7620,1057,35,60,351,'2016-08-14 11:40:37','2016-08-14 11:40:37',2559),
	(7621,1057,35,60,351,'2016-08-14 11:40:37','2016-08-14 11:40:37',2559),
	(7622,1057,35,61,355,'2016-08-14 11:40:37','2016-08-14 11:40:37',2559),
	(7623,1057,35,61,355,'2016-08-14 11:40:37','2016-08-14 11:40:37',2559),
	(7624,1057,35,73,390,'2016-08-14 11:40:37','2016-08-14 11:40:37',2559),
	(7625,1057,35,61,355,'2016-08-14 11:40:37','2016-08-14 11:40:37',2559),
	(7626,1057,35,62,357,'2016-08-14 11:40:38','2016-08-14 11:40:38',2559),
	(7627,1057,35,62,357,'2016-08-14 11:40:38','2016-08-14 11:40:38',2559),
	(7628,1057,35,74,392,'2016-08-14 11:40:38','2016-08-14 11:40:38',2559),
	(7629,1057,35,62,357,'2016-08-14 11:40:38','2016-08-14 11:40:38',2559),
	(7630,1057,35,63,360,'2016-08-14 11:40:38','2016-08-14 11:40:38',2559),
	(7631,1057,35,75,395,'2016-08-14 11:40:38','2016-08-14 11:40:38',2559),
	(7632,1057,35,63,360,'2016-08-14 11:40:38','2016-08-14 11:40:38',2559),
	(7633,1057,35,63,360,'2016-08-14 11:40:38','2016-08-14 11:40:38',2559),
	(7634,1057,35,64,364,'2016-08-14 11:40:38','2016-08-14 11:40:38',2559),
	(7635,1057,35,64,364,'2016-08-14 11:40:38','2016-08-14 11:40:38',2559),
	(7636,1057,35,76,400,'2016-08-14 11:40:38','2016-08-14 11:40:38',2559),
	(7637,1057,35,64,364,'2016-08-14 11:40:38','2016-08-14 11:40:38',2559),
	(7638,1057,35,65,367,'2016-08-14 11:40:38','2016-08-14 11:40:38',2559),
	(7639,1057,35,77,403,'2016-08-14 11:40:38','2016-08-14 11:40:38',2559),
	(7640,1057,35,65,367,'2016-08-14 11:40:38','2016-08-14 11:40:38',2559),
	(7641,1057,35,65,367,'2016-08-14 11:40:38','2016-08-14 11:40:38',2559),
	(7642,1057,35,66,368,'2016-08-14 11:40:38','2016-08-14 11:40:38',2559),
	(7643,1057,35,66,368,'2016-08-14 11:40:38','2016-08-14 11:40:38',2559),
	(7644,1057,35,78,404,'2016-08-14 11:40:38','2016-08-14 11:40:38',2559),
	(7645,1057,35,66,368,'2016-08-14 11:40:38','2016-08-14 11:40:38',2559),
	(7646,1057,35,67,373,'2016-08-14 11:40:38','2016-08-14 11:40:38',2559),
	(7647,1057,35,79,407,'2016-08-14 11:40:38','2016-08-14 11:40:38',2559),
	(7648,1057,35,67,373,'2016-08-14 11:40:38','2016-08-14 11:40:38',2559),
	(7649,1057,35,67,373,'2016-08-14 11:40:38','2016-08-14 11:40:38',2559),
	(7650,1057,35,68,374,'2016-08-14 11:40:38','2016-08-14 11:40:38',2559),
	(7651,1057,35,80,410,'2016-08-14 11:40:38','2016-08-14 11:40:38',2559),
	(7652,1057,35,68,374,'2016-08-14 11:40:38','2016-08-14 11:40:38',2559),
	(7653,1057,35,68,374,'2016-08-14 11:40:38','2016-08-14 11:40:38',2559),
	(7654,1057,35,69,377,'2016-08-14 11:40:38','2016-08-14 11:40:38',2559),
	(7655,1057,35,81,415,'2016-08-14 11:40:38','2016-08-14 11:40:38',2559),
	(7656,1057,35,69,377,'2016-08-14 11:40:38','2016-08-14 11:40:38',2559),
	(7657,1057,35,69,377,'2016-08-14 11:40:38','2016-08-14 11:40:38',2559),
	(7658,1057,35,70,382,'2016-08-14 11:40:38','2016-08-14 11:40:38',2559),
	(7659,1057,35,82,416,'2016-08-14 11:40:38','2016-08-14 11:40:38',2559),
	(7660,1057,35,70,382,'2016-08-14 11:40:38','2016-08-14 11:40:38',2559),
	(7661,1057,35,70,382,'2016-08-14 11:40:38','2016-08-14 11:40:38',2559),
	(7662,1057,35,71,383,'2016-08-14 11:40:38','2016-08-14 11:40:38',2559),
	(7663,1057,35,83,417,'2016-08-14 11:40:38','2016-08-14 11:40:38',2559),
	(7664,1057,35,71,383,'2016-08-14 11:40:38','2016-08-14 11:40:38',2559),
	(7665,1057,35,71,383,'2016-08-14 11:40:38','2016-08-14 11:40:38',2559),
	(7666,1057,35,72,387,'2016-08-14 11:40:38','2016-08-14 11:40:38',2559),
	(7667,1057,35,86,421,'2016-08-14 11:40:38','2016-08-14 11:40:38',2559),
	(7668,1057,35,72,387,'2016-08-14 11:40:38','2016-08-14 11:40:38',2559),
	(7669,1057,35,72,387,'2016-08-14 11:40:38','2016-08-14 11:40:38',2559),
	(7670,1057,35,73,390,'2016-08-14 11:40:38','2016-08-14 11:40:38',2559),
	(7671,1057,35,87,425,'2016-08-14 11:40:38','2016-08-14 11:40:38',2559),
	(7672,1057,35,73,390,'2016-08-14 11:40:38','2016-08-14 11:40:38',2559),
	(7673,1057,35,73,390,'2016-08-14 11:40:38','2016-08-14 11:40:38',2559),
	(7674,1057,35,74,392,'2016-08-14 11:40:38','2016-08-14 11:40:38',2559),
	(7675,1057,35,88,448,'2016-08-14 11:40:38','2016-08-14 11:40:38',2559),
	(7676,1057,35,74,392,'2016-08-14 11:40:38','2016-08-14 11:40:38',2559),
	(7677,1057,35,74,392,'2016-08-14 11:40:38','2016-08-14 11:40:38',2559),
	(7678,1057,35,75,395,'2016-08-14 11:40:38','2016-08-14 11:40:38',2559),
	(7679,1057,35,88,443,'2016-08-14 11:40:38','2016-08-14 11:40:38',2559),
	(7680,1057,35,75,395,'2016-08-14 11:40:38','2016-08-14 11:40:38',2559),
	(7681,1057,35,75,395,'2016-08-14 11:40:38','2016-08-14 11:40:38',2559),
	(7682,1057,35,76,400,'2016-08-14 11:40:38','2016-08-14 11:40:38',2559),
	(7683,1057,35,88,438,'2016-08-14 11:40:38','2016-08-14 11:40:38',2559),
	(7684,1057,35,76,400,'2016-08-14 11:40:38','2016-08-14 11:40:38',2559),
	(7685,1057,35,76,400,'2016-08-14 11:40:38','2016-08-14 11:40:38',2559),
	(7686,1057,35,77,403,'2016-08-14 11:40:38','2016-08-14 11:40:38',2559),
	(7687,1057,35,77,403,'2016-08-14 11:40:38','2016-08-14 11:40:38',2559),
	(7688,1057,35,88,430,'2016-08-14 11:40:38','2016-08-14 11:40:38',2559),
	(7689,1057,35,77,403,'2016-08-14 11:40:38','2016-08-14 11:40:38',2559),
	(7690,1057,35,78,404,'2016-08-14 11:40:38','2016-08-14 11:40:38',2559),
	(7691,1057,35,89,452,'2016-08-14 11:40:38','2016-08-14 11:40:38',2559),
	(7692,1057,35,78,404,'2016-08-14 11:40:38','2016-08-14 11:40:38',2559),
	(7693,1057,35,78,404,'2016-08-14 11:40:38','2016-08-14 11:40:38',2559),
	(7694,1057,35,79,407,'2016-08-14 11:40:38','2016-08-14 11:40:38',2559),
	(7695,1057,35,79,407,'2016-08-14 11:40:38','2016-08-14 11:40:38',2559),
	(7696,1057,35,79,407,'2016-08-14 11:40:38','2016-08-14 11:40:38',2559),
	(7697,1057,35,80,410,'2016-08-14 11:40:38','2016-08-14 11:40:38',2559),
	(7698,1057,35,80,410,'2016-08-14 11:40:39','2016-08-14 11:40:39',2559),
	(7699,1057,35,80,410,'2016-08-14 11:40:39','2016-08-14 11:40:39',2559),
	(7700,1057,35,81,415,'2016-08-14 11:40:39','2016-08-14 11:40:39',2559),
	(7701,1057,35,81,415,'2016-08-14 11:40:39','2016-08-14 11:40:39',2559),
	(7702,1057,35,81,415,'2016-08-14 11:40:39','2016-08-14 11:40:39',2559),
	(7703,1057,35,82,416,'2016-08-14 11:40:39','2016-08-14 11:40:39',2559),
	(7704,1057,35,82,416,'2016-08-14 11:40:39','2016-08-14 11:40:39',2559),
	(7705,1057,35,82,416,'2016-08-14 11:40:39','2016-08-14 11:40:39',2559),
	(7706,1057,35,83,417,'2016-08-14 11:40:39','2016-08-14 11:40:39',2559),
	(7707,1057,35,83,417,'2016-08-14 11:40:39','2016-08-14 11:40:39',2559),
	(7708,1057,35,83,417,'2016-08-14 11:40:39','2016-08-14 11:40:39',2559),
	(7709,1057,35,86,421,'2016-08-14 11:40:39','2016-08-14 11:40:39',2559),
	(7710,1057,35,86,421,'2016-08-14 11:40:39','2016-08-14 11:40:39',2559),
	(7711,1057,35,86,421,'2016-08-14 11:40:39','2016-08-14 11:40:39',2559),
	(7712,1057,35,87,425,'2016-08-14 11:40:39','2016-08-14 11:40:39',2559),
	(7713,1057,35,87,425,'2016-08-14 11:40:39','2016-08-14 11:40:39',2559),
	(7714,1057,35,87,425,'2016-08-14 11:40:39','2016-08-14 11:40:39',2559),
	(7715,1057,35,88,448,'2016-08-14 11:40:39','2016-08-14 11:40:39',2559),
	(7716,1057,35,88,448,'2016-08-14 11:40:39','2016-08-14 11:40:39',2559),
	(7717,1057,35,88,448,'2016-08-14 11:40:39','2016-08-14 11:40:39',2559),
	(7718,1057,35,88,443,'2016-08-14 11:40:39','2016-08-14 11:40:39',2559),
	(7719,1057,35,88,443,'2016-08-14 11:40:39','2016-08-14 11:40:39',2559),
	(7720,1057,35,88,443,'2016-08-14 11:40:39','2016-08-14 11:40:39',2559),
	(7721,1057,35,88,438,'2016-08-14 11:40:39','2016-08-14 11:40:39',2559),
	(7722,1057,35,88,438,'2016-08-14 11:40:39','2016-08-14 11:40:39',2559),
	(7723,1057,35,88,438,'2016-08-14 11:40:39','2016-08-14 11:40:39',2559),
	(7724,1057,35,88,430,'2016-08-14 11:40:39','2016-08-14 11:40:39',2559),
	(7725,1057,35,88,430,'2016-08-14 11:40:39','2016-08-14 11:40:39',2559),
	(7726,1057,35,88,430,'2016-08-14 11:40:39','2016-08-14 11:40:39',2559),
	(7727,1057,35,89,452,'2016-08-14 11:40:39','2016-08-14 11:40:39',2559),
	(7728,1057,35,89,452,'2016-08-14 11:40:39','2016-08-14 11:40:39',2559),
	(7729,1057,35,89,452,'2016-08-14 11:40:39','2016-08-14 11:40:39',2559),
	(7764,1058,35,57,342,'2016-08-14 11:53:31','2016-08-14 11:53:31',2559),
	(7765,1058,35,58,344,'2016-08-14 11:53:31','2016-08-14 11:53:31',2559),
	(7766,1058,35,59,347,'2016-08-14 11:53:31','2016-08-14 11:53:31',2559),
	(7767,1058,35,60,350,'2016-08-14 11:53:31','2016-08-14 11:53:31',2559),
	(7768,1058,35,61,355,'2016-08-14 11:53:31','2016-08-14 11:53:31',2559),
	(7769,1058,35,62,357,'2016-08-14 11:53:31','2016-08-14 11:53:31',2559),
	(7770,1058,35,63,360,'2016-08-14 11:53:31','2016-08-14 11:53:31',2559),
	(7771,1058,35,64,364,'2016-08-14 11:53:31','2016-08-14 11:53:31',2559),
	(7772,1058,35,65,366,'2016-08-14 11:53:31','2016-08-14 11:53:31',2559),
	(7773,1058,35,66,368,'2016-08-14 11:53:31','2016-08-14 11:53:31',2559),
	(7774,1058,35,67,373,'2016-08-14 11:53:31','2016-08-14 11:53:31',2559),
	(7775,1058,35,68,375,'2016-08-14 11:53:31','2016-08-14 11:53:31',2559),
	(7776,1058,35,69,378,'2016-08-14 11:53:31','2016-08-14 11:53:31',2559),
	(7777,1058,35,70,381,'2016-08-14 11:53:31','2016-08-14 11:53:31',2559),
	(7778,1058,35,71,383,'2016-08-14 11:53:31','2016-08-14 11:53:31',2559),
	(7779,1058,35,72,388,'2016-08-14 11:53:31','2016-08-14 11:53:31',2559),
	(7780,1058,35,73,389,'2016-08-14 11:53:31','2016-08-14 11:53:31',2559),
	(7781,1058,35,74,394,'2016-08-14 11:53:31','2016-08-14 11:53:31',2559),
	(7782,1058,35,75,396,'2016-08-14 11:53:31','2016-08-14 11:53:31',2559),
	(7783,1058,35,76,398,'2016-08-14 11:53:31','2016-08-14 11:53:31',2559),
	(7784,1058,35,77,402,'2016-08-14 11:53:31','2016-08-14 11:53:31',2559),
	(7785,1058,35,78,405,'2016-08-14 11:53:31','2016-08-14 11:53:31',2559),
	(7786,1058,35,79,408,'2016-08-14 11:53:31','2016-08-14 11:53:31',2559),
	(7787,1058,35,80,412,'2016-08-14 11:53:31','2016-08-14 11:53:31',2559),
	(7788,1058,35,81,415,'2016-08-14 11:53:31','2016-08-14 11:53:31',2559),
	(7789,1058,35,82,416,'2016-08-14 11:53:31','2016-08-14 11:53:31',2559),
	(7790,1058,35,83,419,'2016-08-14 11:53:31','2016-08-14 11:53:31',2559),
	(7791,1058,35,86,423,'2016-08-14 11:53:31','2016-08-14 11:53:31',2559),
	(7792,1058,35,87,428,'2016-08-14 11:53:31','2016-08-14 11:53:31',2559),
	(7793,1058,35,88,451,'2016-08-14 11:53:31','2016-08-14 11:53:31',2559),
	(7794,1058,35,88,446,'2016-08-14 11:53:31','2016-08-14 11:53:31',2559),
	(7795,1058,35,88,441,'2016-08-14 11:53:31','2016-08-14 11:53:31',2559),
	(7796,1058,35,88,430,'2016-08-14 11:53:31','2016-08-14 11:53:31',2559),
	(7797,1058,35,89,453,'2016-08-14 11:53:31','2016-08-14 11:53:31',2559),
	(7866,1059,35,57,342,'2016-08-14 11:55:20','2016-08-14 11:55:20',2559),
	(7867,1059,35,58,345,'2016-08-14 11:55:20','2016-08-14 11:55:20',2559),
	(7868,1059,35,59,348,'2016-08-14 11:55:20','2016-08-14 11:55:20',2559),
	(7869,1059,35,60,351,'2016-08-14 11:55:20','2016-08-14 11:55:20',2559),
	(7870,1059,35,61,355,'2016-08-14 11:55:20','2016-08-14 11:55:20',2559),
	(7871,1059,35,62,356,'2016-08-14 11:55:20','2016-08-14 11:55:20',2559),
	(7872,1059,35,63,359,'2016-08-14 11:55:20','2016-08-14 11:55:20',2559),
	(7873,1059,35,64,363,'2016-08-14 11:55:20','2016-08-14 11:55:20',2559),
	(7874,1059,35,65,366,'2016-08-14 11:55:20','2016-08-14 11:55:20',2559),
	(7875,1059,35,66,369,'2016-08-14 11:55:20','2016-08-14 11:55:20',2559),
	(7876,1059,35,67,373,'2016-08-14 11:55:20','2016-08-14 11:55:20',2559),
	(7877,1059,35,68,375,'2016-08-14 11:55:20','2016-08-14 11:55:20',2559),
	(7878,1059,35,69,377,'2016-08-14 11:55:20','2016-08-14 11:55:20',2559),
	(7879,1059,35,70,381,'2016-08-14 11:55:20','2016-08-14 11:55:20',2559),
	(7880,1059,35,71,384,'2016-08-14 11:55:20','2016-08-14 11:55:20',2559),
	(7881,1059,35,72,387,'2016-08-14 11:55:21','2016-08-14 11:55:21',2559),
	(7882,1059,35,73,390,'2016-08-14 11:55:21','2016-08-14 11:55:21',2559),
	(7883,1059,35,74,392,'2016-08-14 11:55:21','2016-08-14 11:55:21',2559),
	(7884,1059,35,75,395,'2016-08-14 11:55:21','2016-08-14 11:55:21',2559),
	(7885,1059,35,76,399,'2016-08-14 11:55:21','2016-08-14 11:55:21',2559),
	(7886,1059,35,77,402,'2016-08-14 11:55:21','2016-08-14 11:55:21',2559),
	(7887,1059,35,78,404,'2016-08-14 11:55:21','2016-08-14 11:55:21',2559),
	(7888,1059,35,79,408,'2016-08-14 11:55:21','2016-08-14 11:55:21',2559),
	(7889,1059,35,80,410,'2016-08-14 11:55:21','2016-08-14 11:55:21',2559),
	(7890,1059,35,81,414,'2016-08-14 11:55:21','2016-08-14 11:55:21',2559),
	(7891,1059,35,82,416,'2016-08-14 11:55:21','2016-08-14 11:55:21',2559),
	(7892,1059,35,83,418,'2016-08-14 11:55:21','2016-08-14 11:55:21',2559),
	(7893,1059,35,86,423,'2016-08-14 11:55:21','2016-08-14 11:55:21',2559),
	(7894,1059,35,87,426,'2016-08-14 11:55:21','2016-08-14 11:55:21',2559),
	(7895,1059,35,88,448,'2016-08-14 11:55:21','2016-08-14 11:55:21',2559),
	(7896,1059,35,88,444,'2016-08-14 11:55:21','2016-08-14 11:55:21',2559),
	(7897,1059,35,88,439,'2016-08-14 11:55:21','2016-08-14 11:55:21',2559),
	(7898,1059,35,88,430,'2016-08-14 11:55:21','2016-08-14 11:55:21',2559),
	(7899,1059,35,89,453,'2016-08-14 11:55:21','2016-08-14 11:55:21',2559),
	(7934,1060,35,57,342,'2016-08-14 12:05:41','2016-08-14 12:05:41',2559),
	(7935,1060,35,58,345,'2016-08-14 12:05:41','2016-08-14 12:05:41',2559),
	(7936,1060,35,59,347,'2016-08-14 12:05:41','2016-08-14 12:05:41',2559),
	(7937,1060,35,60,352,'2016-08-14 12:05:41','2016-08-14 12:05:41',2559),
	(7938,1060,35,61,354,'2016-08-14 12:05:41','2016-08-14 12:05:41',2559),
	(7939,1060,35,62,356,'2016-08-14 12:05:41','2016-08-14 12:05:41',2559),
	(7940,1060,35,63,359,'2016-08-14 12:05:41','2016-08-14 12:05:41',2559),
	(7941,1060,35,64,363,'2016-08-14 12:05:41','2016-08-14 12:05:41',2559),
	(7942,1060,35,65,366,'2016-08-14 12:05:41','2016-08-14 12:05:41',2559),
	(7943,1060,35,66,368,'2016-08-14 12:05:41','2016-08-14 12:05:41',2559),
	(7944,1060,35,67,373,'2016-08-14 12:05:41','2016-08-14 12:05:41',2559),
	(7945,1060,35,68,374,'2016-08-14 12:05:41','2016-08-14 12:05:41',2559),
	(7946,1060,35,69,377,'2016-08-14 12:05:41','2016-08-14 12:05:41',2559),
	(7947,1060,35,70,381,'2016-08-14 12:05:41','2016-08-14 12:05:41',2559),
	(7948,1060,35,71,384,'2016-08-14 12:05:42','2016-08-14 12:05:42',2559),
	(7949,1060,35,72,386,'2016-08-14 12:05:42','2016-08-14 12:05:42',2559),
	(7950,1060,35,73,389,'2016-08-14 12:05:42','2016-08-14 12:05:42',2559),
	(7951,1060,35,74,392,'2016-08-14 12:05:42','2016-08-14 12:05:42',2559),
	(7952,1060,35,75,395,'2016-08-14 12:05:42','2016-08-14 12:05:42',2559),
	(7953,1060,35,76,399,'2016-08-14 12:05:42','2016-08-14 12:05:42',2559),
	(7954,1060,35,77,402,'2016-08-14 12:05:42','2016-08-14 12:05:42',2559),
	(7955,1060,35,78,404,'2016-08-14 12:05:42','2016-08-14 12:05:42',2559),
	(7956,1060,35,79,407,'2016-08-14 12:05:42','2016-08-14 12:05:42',2559),
	(7957,1060,35,80,411,'2016-08-14 12:05:42','2016-08-14 12:05:42',2559),
	(7958,1060,35,81,414,'2016-08-14 12:05:42','2016-08-14 12:05:42',2559),
	(7959,1060,35,82,416,'2016-08-14 12:05:42','2016-08-14 12:05:42',2559),
	(7960,1060,35,83,418,'2016-08-14 12:05:42','2016-08-14 12:05:42',2559),
	(7961,1060,35,86,421,'2016-08-14 12:05:42','2016-08-14 12:05:42',2559),
	(7962,1060,35,87,425,'2016-08-14 12:05:42','2016-08-14 12:05:42',2559),
	(7963,1060,35,88,448,'2016-08-14 12:05:42','2016-08-14 12:05:42',2559),
	(7964,1060,35,88,443,'2016-08-14 12:05:42','2016-08-14 12:05:42',2559),
	(7965,1060,35,88,438,'2016-08-14 12:05:42','2016-08-14 12:05:42',2559),
	(7966,1060,35,88,430,'2016-08-14 12:05:42','2016-08-14 12:05:42',2559),
	(7967,1060,35,89,452,'2016-08-14 12:05:42','2016-08-14 12:05:42',2559),
	(8048,1062,35,57,343,'2016-08-14 12:25:21','2016-08-14 12:25:21',2559),
	(8049,1062,35,58,344,'2016-08-14 12:25:21','2016-08-14 12:25:21',2559),
	(8050,1062,35,59,347,'2016-08-14 12:25:21','2016-08-14 12:25:21',2559),
	(8051,1062,35,60,351,'2016-08-14 12:25:21','2016-08-14 12:25:21',2559),
	(8052,1062,35,61,355,'2016-08-14 12:25:21','2016-08-14 12:25:21',2559),
	(8053,1062,35,62,356,'2016-08-14 12:25:21','2016-08-14 12:25:21',2559),
	(8054,1062,35,63,359,'2016-08-14 12:25:21','2016-08-14 12:25:21',2559),
	(8055,1062,35,64,363,'2016-08-14 12:25:21','2016-08-14 12:25:21',2559),
	(8056,1062,35,65,367,'2016-08-14 12:25:21','2016-08-14 12:25:21',2559),
	(8057,1062,35,66,368,'2016-08-14 12:25:21','2016-08-14 12:25:21',2559),
	(8058,1062,35,67,373,'2016-08-14 12:25:21','2016-08-14 12:25:21',2559),
	(8059,1062,35,68,375,'2016-08-14 12:25:21','2016-08-14 12:25:21',2559),
	(8060,1062,35,69,377,'2016-08-14 12:25:21','2016-08-14 12:25:21',2559),
	(8061,1062,35,70,381,'2016-08-14 12:25:21','2016-08-14 12:25:21',2559),
	(8062,1062,35,71,383,'2016-08-14 12:25:21','2016-08-14 12:25:21',2559),
	(8063,1062,35,72,387,'2016-08-14 12:25:22','2016-08-14 12:25:22',2559),
	(8064,1062,35,73,390,'2016-08-14 12:25:22','2016-08-14 12:25:22',2559),
	(8065,1062,35,74,393,'2016-08-14 12:25:22','2016-08-14 12:25:22',2559),
	(8066,1062,35,75,395,'2016-08-14 12:25:22','2016-08-14 12:25:22',2559),
	(8067,1062,35,76,399,'2016-08-14 12:25:22','2016-08-14 12:25:22',2559),
	(8068,1062,35,77,403,'2016-08-14 12:25:22','2016-08-14 12:25:22',2559),
	(8069,1062,35,78,404,'2016-08-14 12:25:22','2016-08-14 12:25:22',2559),
	(8070,1062,35,79,408,'2016-08-14 12:25:22','2016-08-14 12:25:22',2559),
	(8071,1062,35,80,410,'2016-08-14 12:25:22','2016-08-14 12:25:22',2559),
	(8072,1062,35,81,415,'2016-08-14 12:25:22','2016-08-14 12:25:22',2559),
	(8073,1062,35,82,416,'2016-08-14 12:25:22','2016-08-14 12:25:22',2559),
	(8074,1062,35,83,418,'2016-08-14 12:25:22','2016-08-14 12:25:22',2559),
	(8075,1062,35,86,424,'2016-08-14 12:25:22','2016-08-14 12:25:22',2559),
	(8076,1062,35,87,426,'2016-08-14 12:25:22','2016-08-14 12:25:22',2559),
	(8077,1062,35,88,449,'2016-08-14 12:25:22','2016-08-14 12:25:22',2559),
	(8078,1062,35,88,439,'2016-08-14 12:25:22','2016-08-14 12:25:22',2559),
	(8079,1062,35,88,431,'2016-08-14 12:25:22','2016-08-14 12:25:22',2559),
	(8080,1062,35,89,453,'2016-08-14 12:25:22','2016-08-14 12:25:22',2559),
	(8591,1063,35,57,343,'2016-08-14 12:31:14','2016-08-14 12:31:14',2559),
	(8592,1063,35,58,345,'2016-08-14 12:31:14','2016-08-14 12:31:14',2559),
	(8593,1063,35,59,347,'2016-08-14 12:31:14','2016-08-14 12:31:14',2559),
	(8594,1063,35,60,352,'2016-08-14 12:31:14','2016-08-14 12:31:14',2559),
	(8595,1063,35,61,354,'2016-08-14 12:31:14','2016-08-14 12:31:14',2559),
	(8596,1063,35,62,357,'2016-08-14 12:31:14','2016-08-14 12:31:14',2559),
	(8597,1063,35,63,359,'2016-08-14 12:31:14','2016-08-14 12:31:14',2559),
	(8598,1063,35,64,364,'2016-08-14 12:31:15','2016-08-14 12:31:15',2559),
	(8599,1063,35,65,367,'2016-08-14 12:31:15','2016-08-14 12:31:15',2559),
	(8600,1063,35,66,369,'2016-08-14 12:31:15','2016-08-14 12:31:15',2559),
	(8601,1063,35,67,373,'2016-08-14 12:31:15','2016-08-14 12:31:15',2559),
	(8602,1063,35,68,374,'2016-08-14 12:31:15','2016-08-14 12:31:15',2559),
	(8603,1063,35,69,377,'2016-08-14 12:31:15','2016-08-14 12:31:15',2559),
	(8604,1063,35,70,382,'2016-08-14 12:31:15','2016-08-14 12:31:15',2559),
	(8605,1063,35,71,383,'2016-08-14 12:31:15','2016-08-14 12:31:15',2559),
	(8606,1063,35,72,387,'2016-08-14 12:31:15','2016-08-14 12:31:15',2559),
	(8607,1063,35,73,390,'2016-08-14 12:31:15','2016-08-14 12:31:15',2559),
	(8608,1063,35,74,392,'2016-08-14 12:31:15','2016-08-14 12:31:15',2559),
	(8609,1063,35,75,397,'2016-08-14 12:31:15','2016-08-14 12:31:15',2559),
	(8610,1063,35,76,399,'2016-08-14 12:31:15','2016-08-14 12:31:15',2559),
	(8611,1063,35,77,401,'2016-08-14 12:31:15','2016-08-14 12:31:15',2559),
	(8612,1063,35,78,404,'2016-08-14 12:31:15','2016-08-14 12:31:15',2559),
	(8613,1063,35,79,408,'2016-08-14 12:31:15','2016-08-14 12:31:15',2559),
	(8614,1063,35,80,411,'2016-08-14 12:31:15','2016-08-14 12:31:15',2559),
	(8615,1063,35,81,415,'2016-08-14 12:31:15','2016-08-14 12:31:15',2559),
	(8616,1063,35,82,416,'2016-08-14 12:31:15','2016-08-14 12:31:15',2559),
	(8617,1063,35,83,418,'2016-08-14 12:31:15','2016-08-14 12:31:15',2559),
	(8618,1063,35,86,421,'2016-08-14 12:31:15','2016-08-14 12:31:15',2559),
	(8619,1063,35,87,425,'2016-08-14 12:31:15','2016-08-14 12:31:15',2559),
	(8620,1063,35,88,448,'2016-08-14 12:31:15','2016-08-14 12:31:15',2559),
	(8621,1063,35,88,443,'2016-08-14 12:31:15','2016-08-14 12:31:15',2559),
	(8622,1063,35,88,438,'2016-08-14 12:31:15','2016-08-14 12:31:15',2559),
	(8623,1063,35,88,431,'2016-08-14 12:31:15','2016-08-14 12:31:15',2559),
	(8624,1063,35,89,452,'2016-08-14 12:31:15','2016-08-14 12:31:15',2559),
	(9305,1065,35,57,343,'2016-08-14 12:35:12','2016-08-14 12:35:12',2559),
	(9306,1065,35,58,345,'2016-08-14 12:35:12','2016-08-14 12:35:12',2559),
	(9307,1065,35,59,347,'2016-08-14 12:35:12','2016-08-14 12:35:12',2559),
	(9308,1065,35,60,351,'2016-08-14 12:35:12','2016-08-14 12:35:12',2559),
	(9309,1065,35,61,353,'2016-08-14 12:35:12','2016-08-14 12:35:12',2559),
	(9310,1065,35,62,356,'2016-08-14 12:35:12','2016-08-14 12:35:12',2559),
	(9311,1065,35,63,359,'2016-08-14 12:35:12','2016-08-14 12:35:12',2559),
	(9312,1065,35,64,364,'2016-08-14 12:35:12','2016-08-14 12:35:12',2559),
	(9313,1065,35,65,367,'2016-08-14 12:35:12','2016-08-14 12:35:12',2559),
	(9314,1065,35,66,368,'2016-08-14 12:35:12','2016-08-14 12:35:12',2559),
	(9315,1065,35,67,373,'2016-08-14 12:35:12','2016-08-14 12:35:12',2559),
	(9316,1065,35,68,374,'2016-08-14 12:35:12','2016-08-14 12:35:12',2559),
	(9317,1065,35,69,377,'2016-08-14 12:35:13','2016-08-14 12:35:13',2559),
	(9318,1065,35,70,382,'2016-08-14 12:35:13','2016-08-14 12:35:13',2559),
	(9319,1065,35,71,383,'2016-08-14 12:35:13','2016-08-14 12:35:13',2559),
	(9320,1065,35,72,388,'2016-08-14 12:35:13','2016-08-14 12:35:13',2559),
	(9321,1065,35,73,390,'2016-08-14 12:35:13','2016-08-14 12:35:13',2559),
	(9322,1065,35,74,392,'2016-08-14 12:35:13','2016-08-14 12:35:13',2559),
	(9323,1065,35,75,395,'2016-08-14 12:35:13','2016-08-14 12:35:13',2559),
	(9324,1065,35,76,399,'2016-08-14 12:35:13','2016-08-14 12:35:13',2559),
	(9325,1065,35,77,403,'2016-08-14 12:35:13','2016-08-14 12:35:13',2559),
	(9326,1065,35,78,404,'2016-08-14 12:35:13','2016-08-14 12:35:13',2559),
	(9327,1065,35,79,407,'2016-08-14 12:35:13','2016-08-14 12:35:13',2559),
	(9328,1065,35,80,412,'2016-08-14 12:35:13','2016-08-14 12:35:13',2559),
	(9329,1065,35,81,415,'2016-08-14 12:35:13','2016-08-14 12:35:13',2559),
	(9330,1065,35,82,416,'2016-08-14 12:35:13','2016-08-14 12:35:13',2559),
	(9331,1065,35,83,418,'2016-08-14 12:35:13','2016-08-14 12:35:13',2559),
	(9332,1065,35,86,421,'2016-08-14 12:35:13','2016-08-14 12:35:13',2559),
	(9333,1065,35,87,426,'2016-08-14 12:35:13','2016-08-14 12:35:13',2559),
	(9334,1065,35,88,449,'2016-08-14 12:35:13','2016-08-14 12:35:13',2559),
	(9335,1065,35,88,443,'2016-08-14 12:35:13','2016-08-14 12:35:13',2559),
	(9336,1065,35,88,438,'2016-08-14 12:35:13','2016-08-14 12:35:13',2559),
	(9337,1065,35,88,430,'2016-08-14 12:35:13','2016-08-14 12:35:13',2559),
	(9338,1065,35,89,452,'2016-08-14 12:35:13','2016-08-14 12:35:13',2559),
	(10782,1066,35,60,352,'2016-08-14 12:39:26','2016-08-14 12:39:26',2559),
	(10783,1066,35,74,393,'2016-08-14 12:39:26','2016-08-14 12:39:26',2559),
	(10784,1066,35,66,369,'2016-08-14 12:39:26','2016-08-14 12:39:26',2559),
	(10785,1066,35,57,343,'2016-08-14 12:39:26','2016-08-14 12:39:26',2559),
	(10786,1066,35,61,354,'2016-08-14 12:39:26','2016-08-14 12:39:26',2559),
	(10787,1066,35,75,397,'2016-08-14 12:39:26','2016-08-14 12:39:26',2559),
	(10788,1066,35,67,373,'2016-08-14 12:39:26','2016-08-14 12:39:26',2559),
	(10789,1066,35,58,344,'2016-08-14 12:39:26','2016-08-14 12:39:26',2559),
	(10790,1066,35,62,356,'2016-08-14 12:39:26','2016-08-14 12:39:26',2559),
	(10791,1066,35,76,400,'2016-08-14 12:39:26','2016-08-14 12:39:26',2559),
	(10792,1066,35,68,374,'2016-08-14 12:39:26','2016-08-14 12:39:26',2559),
	(10793,1066,35,59,347,'2016-08-14 12:39:26','2016-08-14 12:39:26',2559),
	(10794,1066,35,77,403,'2016-08-14 12:39:26','2016-08-14 12:39:26',2559),
	(10795,1066,35,63,359,'2016-08-14 12:39:26','2016-08-14 12:39:26',2559),
	(10796,1066,35,69,377,'2016-08-14 12:39:26','2016-08-14 12:39:26',2559),
	(10797,1066,35,60,352,'2016-08-14 12:39:26','2016-08-14 12:39:26',2559),
	(10798,1066,35,64,363,'2016-08-14 12:39:26','2016-08-14 12:39:26',2559),
	(10799,1066,35,78,404,'2016-08-14 12:39:26','2016-08-14 12:39:26',2559),
	(10800,1066,35,61,354,'2016-08-14 12:39:26','2016-08-14 12:39:26',2559),
	(10801,1066,35,70,382,'2016-08-14 12:39:26','2016-08-14 12:39:26',2559),
	(10802,1066,35,79,407,'2016-08-14 12:39:26','2016-08-14 12:39:26',2559),
	(10803,1066,35,65,367,'2016-08-14 12:39:26','2016-08-14 12:39:26',2559),
	(10804,1066,35,71,383,'2016-08-14 12:39:26','2016-08-14 12:39:26',2559),
	(10805,1066,35,62,356,'2016-08-14 12:39:26','2016-08-14 12:39:26',2559),
	(10806,1066,35,80,411,'2016-08-14 12:39:26','2016-08-14 12:39:26',2559),
	(10807,1066,35,66,369,'2016-08-14 12:39:26','2016-08-14 12:39:26',2559),
	(10808,1066,35,72,387,'2016-08-14 12:39:26','2016-08-14 12:39:26',2559),
	(10809,1066,35,63,359,'2016-08-14 12:39:26','2016-08-14 12:39:26',2559),
	(10810,1066,35,81,415,'2016-08-14 12:39:26','2016-08-14 12:39:26',2559),
	(10811,1066,35,67,373,'2016-08-14 12:39:26','2016-08-14 12:39:26',2559),
	(10812,1066,35,73,391,'2016-08-14 12:39:26','2016-08-14 12:39:26',2559),
	(10813,1066,35,64,363,'2016-08-14 12:39:26','2016-08-14 12:39:26',2559),
	(10814,1066,35,68,374,'2016-08-14 12:39:26','2016-08-14 12:39:26',2559),
	(10815,1066,35,82,416,'2016-08-14 12:39:26','2016-08-14 12:39:26',2559),
	(10816,1066,35,74,393,'2016-08-14 12:39:26','2016-08-14 12:39:26',2559),
	(10817,1066,35,65,367,'2016-08-14 12:39:26','2016-08-14 12:39:26',2559),
	(10818,1066,35,69,377,'2016-08-14 12:39:27','2016-08-14 12:39:27',2559),
	(10819,1066,35,75,397,'2016-08-14 12:39:27','2016-08-14 12:39:27',2559),
	(10820,1066,35,66,369,'2016-08-14 12:39:27','2016-08-14 12:39:27',2559),
	(10821,1066,35,70,382,'2016-08-14 12:39:27','2016-08-14 12:39:27',2559),
	(10822,1066,35,83,418,'2016-08-14 12:39:27','2016-08-14 12:39:27',2559),
	(10823,1066,35,67,373,'2016-08-14 12:39:27','2016-08-14 12:39:27',2559),
	(10824,1066,35,76,400,'2016-08-14 12:39:27','2016-08-14 12:39:27',2559),
	(10825,1066,35,71,383,'2016-08-14 12:39:27','2016-08-14 12:39:27',2559),
	(10826,1066,35,86,421,'2016-08-14 12:39:27','2016-08-14 12:39:27',2559),
	(10827,1066,35,77,403,'2016-08-14 12:39:27','2016-08-14 12:39:27',2559),
	(10828,1066,35,68,374,'2016-08-14 12:39:27','2016-08-14 12:39:27',2559),
	(10829,1066,35,72,387,'2016-08-14 12:39:27','2016-08-14 12:39:27',2559),
	(10830,1066,35,87,425,'2016-08-14 12:39:27','2016-08-14 12:39:27',2559),
	(10831,1066,35,69,377,'2016-08-14 12:39:27','2016-08-14 12:39:27',2559),
	(10832,1066,35,78,404,'2016-08-14 12:39:27','2016-08-14 12:39:27',2559),
	(10833,1066,35,88,448,'2016-08-14 12:39:27','2016-08-14 12:39:27',2559),
	(10834,1066,35,73,391,'2016-08-14 12:39:27','2016-08-14 12:39:27',2559),
	(10835,1066,35,70,382,'2016-08-14 12:39:27','2016-08-14 12:39:27',2559),
	(10836,1066,35,79,407,'2016-08-14 12:39:27','2016-08-14 12:39:27',2559),
	(10837,1066,35,88,443,'2016-08-14 12:39:27','2016-08-14 12:39:27',2559),
	(10838,1066,35,74,393,'2016-08-14 12:39:27','2016-08-14 12:39:27',2559),
	(10839,1066,35,71,383,'2016-08-14 12:39:27','2016-08-14 12:39:27',2559),
	(10840,1066,35,80,411,'2016-08-14 12:39:27','2016-08-14 12:39:27',2559),
	(10841,1066,35,75,397,'2016-08-14 12:39:27','2016-08-14 12:39:27',2559),
	(10842,1066,35,88,438,'2016-08-14 12:39:27','2016-08-14 12:39:27',2559),
	(10843,1066,35,72,387,'2016-08-14 12:39:27','2016-08-14 12:39:27',2559),
	(10844,1066,35,81,415,'2016-08-14 12:39:27','2016-08-14 12:39:27',2559),
	(10845,1066,35,76,400,'2016-08-14 12:39:27','2016-08-14 12:39:27',2559),
	(10846,1066,35,88,430,'2016-08-14 12:39:27','2016-08-14 12:39:27',2559),
	(10847,1066,35,82,416,'2016-08-14 12:39:27','2016-08-14 12:39:27',2559),
	(10848,1066,35,73,391,'2016-08-14 12:39:27','2016-08-14 12:39:27',2559),
	(10849,1066,35,77,403,'2016-08-14 12:39:27','2016-08-14 12:39:27',2559),
	(10850,1066,35,89,452,'2016-08-14 12:39:27','2016-08-14 12:39:27',2559),
	(10851,1066,35,74,393,'2016-08-14 12:39:27','2016-08-14 12:39:27',2559),
	(10852,1066,35,78,404,'2016-08-14 12:39:27','2016-08-14 12:39:27',2559),
	(10853,1066,35,75,397,'2016-08-14 12:39:27','2016-08-14 12:39:27',2559),
	(10854,1066,35,83,418,'2016-08-14 12:39:27','2016-08-14 12:39:27',2559),
	(10855,1066,35,79,407,'2016-08-14 12:39:27','2016-08-14 12:39:27',2559),
	(10856,1066,35,76,400,'2016-08-14 12:39:27','2016-08-14 12:39:27',2559),
	(10857,1066,35,86,421,'2016-08-14 12:39:27','2016-08-14 12:39:27',2559),
	(10858,1066,35,80,411,'2016-08-14 12:39:27','2016-08-14 12:39:27',2559),
	(10859,1066,35,77,403,'2016-08-14 12:39:27','2016-08-14 12:39:27',2559),
	(10860,1066,35,87,425,'2016-08-14 12:39:27','2016-08-14 12:39:27',2559),
	(10861,1066,35,81,415,'2016-08-14 12:39:27','2016-08-14 12:39:27',2559),
	(10862,1066,35,78,404,'2016-08-14 12:39:27','2016-08-14 12:39:27',2559),
	(10863,1066,35,88,448,'2016-08-14 12:39:27','2016-08-14 12:39:27',2559),
	(10864,1066,35,82,416,'2016-08-14 12:39:27','2016-08-14 12:39:27',2559),
	(10865,1066,35,88,443,'2016-08-14 12:39:27','2016-08-14 12:39:27',2559),
	(10866,1066,35,79,407,'2016-08-14 12:39:27','2016-08-14 12:39:27',2559),
	(10867,1066,35,88,438,'2016-08-14 12:39:27','2016-08-14 12:39:27',2559),
	(10868,1066,35,80,411,'2016-08-14 12:39:27','2016-08-14 12:39:27',2559),
	(10869,1066,35,83,418,'2016-08-14 12:39:27','2016-08-14 12:39:27',2559),
	(10870,1066,35,88,430,'2016-08-14 12:39:27','2016-08-14 12:39:27',2559),
	(10871,1066,35,81,415,'2016-08-14 12:39:27','2016-08-14 12:39:27',2559),
	(10872,1066,35,86,421,'2016-08-14 12:39:27','2016-08-14 12:39:27',2559),
	(10873,1066,35,89,452,'2016-08-14 12:39:27','2016-08-14 12:39:27',2559),
	(10874,1066,35,82,416,'2016-08-14 12:39:27','2016-08-14 12:39:27',2559),
	(10875,1066,35,87,425,'2016-08-14 12:39:27','2016-08-14 12:39:27',2559),
	(10876,1066,35,88,448,'2016-08-14 12:39:27','2016-08-14 12:39:27',2559),
	(10877,1066,35,83,418,'2016-08-14 12:39:27','2016-08-14 12:39:27',2559),
	(10878,1066,35,88,443,'2016-08-14 12:39:27','2016-08-14 12:39:27',2559),
	(10879,1066,35,86,421,'2016-08-14 12:39:28','2016-08-14 12:39:28',2559),
	(10880,1066,35,88,438,'2016-08-14 12:39:28','2016-08-14 12:39:28',2559),
	(10881,1066,35,87,425,'2016-08-14 12:39:28','2016-08-14 12:39:28',2559),
	(10882,1066,35,88,430,'2016-08-14 12:39:28','2016-08-14 12:39:28',2559),
	(10883,1066,35,88,448,'2016-08-14 12:39:28','2016-08-14 12:39:28',2559),
	(10884,1066,35,89,452,'2016-08-14 12:39:28','2016-08-14 12:39:28',2559),
	(10885,1066,35,88,443,'2016-08-14 12:39:28','2016-08-14 12:39:28',2559),
	(10886,1066,35,88,438,'2016-08-14 12:39:28','2016-08-14 12:39:28',2559),
	(10887,1066,35,88,430,'2016-08-14 12:39:28','2016-08-14 12:39:28',2559),
	(10888,1066,35,89,452,'2016-08-14 12:39:28','2016-08-14 12:39:28',2559),
	(10889,1061,32,4,1,'2016-08-14 12:39:30','2016-08-14 12:39:30',2559),
	(10890,1061,32,5,5,'2016-08-14 12:39:30','2016-08-14 12:39:30',2559),
	(10891,1061,32,6,9,'2016-08-14 12:39:30','2016-08-14 12:39:30',2559),
	(10892,1061,32,7,14,'2016-08-14 12:39:30','2016-08-14 12:39:30',2559),
	(10893,1061,32,8,17,'2016-08-14 12:39:30','2016-08-14 12:39:30',2559),
	(10894,1061,32,9,22,'2016-08-14 12:39:30','2016-08-14 12:39:30',2559),
	(10895,1061,32,10,26,'2016-08-14 12:39:30','2016-08-14 12:39:30',2559),
	(10896,1061,32,11,30,'2016-08-14 12:39:30','2016-08-14 12:39:30',2559),
	(10897,1061,32,12,33,'2016-08-14 12:39:30','2016-08-14 12:39:30',2559),
	(10898,1061,32,13,37,'2016-08-14 12:39:30','2016-08-14 12:39:30',2559),
	(10899,1061,32,14,42,'2016-08-14 12:39:30','2016-08-14 12:39:30',2559),
	(10900,1061,32,15,46,'2016-08-14 12:39:30','2016-08-14 12:39:30',2559),
	(10901,1061,32,16,50,'2016-08-14 12:39:30','2016-08-14 12:39:30',2559),
	(10902,1061,32,17,53,'2016-08-14 12:39:30','2016-08-14 12:39:30',2559),
	(10903,1061,32,18,57,'2016-08-14 12:39:30','2016-08-14 12:39:30',2559),
	(10904,1061,32,19,62,'2016-08-14 12:39:31','2016-08-14 12:39:31',2559),
	(10905,1061,32,20,65,'2016-08-14 12:39:31','2016-08-14 12:39:31',2559),
	(10906,1061,32,21,70,'2016-08-14 12:39:31','2016-08-14 12:39:31',2559),
	(10907,1061,32,22,74,'2016-08-14 12:39:31','2016-08-14 12:39:31',2559),
	(10908,1061,32,23,78,'2016-08-14 12:39:31','2016-08-14 12:39:31',2559),
	(10929,1061,33,24,83,'2016-08-14 12:45:20','2016-08-14 12:45:20',2559),
	(10930,1061,33,26,89,'2016-08-14 12:45:20','2016-08-14 12:45:20',2559),
	(10931,1061,33,27,93,'2016-08-14 12:45:20','2016-08-14 12:45:20',2559),
	(10932,1061,33,28,96,'2016-08-14 12:45:20','2016-08-14 12:45:20',2559),
	(10933,1061,33,29,100,'2016-08-14 12:45:20','2016-08-14 12:45:20',2559),
	(10934,1061,33,30,105,'2016-08-14 12:45:20','2016-08-14 12:45:20',2559),
	(10935,1061,33,31,108,'2016-08-14 12:45:20','2016-08-14 12:45:20',2559),
	(10936,1061,33,32,112,'2016-08-14 12:45:20','2016-08-14 12:45:20',2559),
	(10937,1061,33,33,116,'2016-08-14 12:45:20','2016-08-14 12:45:20',2559),
	(10938,1061,33,34,118,'2016-08-14 12:45:20','2016-08-14 12:45:20',2559),
	(10939,1061,33,35,124,'2016-08-14 12:45:20','2016-08-14 12:45:20',2559),
	(10940,1061,33,36,128,'2016-08-14 12:45:20','2016-08-14 12:45:20',2559),
	(10941,1061,33,37,132,'2016-08-14 12:45:20','2016-08-14 12:45:20',2559),
	(10942,1061,33,38,136,'2016-08-14 12:45:20','2016-08-14 12:45:20',2559),
	(10943,1061,33,39,139,'2016-08-14 12:45:20','2016-08-14 12:45:20',2559),
	(10944,1061,33,40,144,'2016-08-14 12:45:20','2016-08-14 12:45:20',2559),
	(10945,1061,33,41,149,'2016-08-14 12:45:20','2016-08-14 12:45:20',2559),
	(10946,1061,33,42,152,'2016-08-14 12:45:20','2016-08-14 12:45:20',2559),
	(10947,1061,33,43,157,'2016-08-14 12:45:20','2016-08-14 12:45:20',2559),
	(10948,1061,33,44,340,'2016-08-14 12:45:20','2016-08-14 12:45:20',2559),
	(11340,1067,33,33,117,'2016-08-14 12:50:10','2016-08-14 12:50:10',2559),
	(11341,1067,33,43,157,'2016-08-14 12:50:10','2016-08-14 12:50:10',2559),
	(11342,1067,33,39,140,'2016-08-14 12:50:10','2016-08-14 12:50:10',2559),
	(11343,1067,33,34,118,'2016-08-14 12:50:10','2016-08-14 12:50:10',2559),
	(11344,1067,33,44,340,'2016-08-14 12:50:11','2016-08-14 12:50:11',2559),
	(11345,1067,33,40,145,'2016-08-14 12:50:11','2016-08-14 12:50:11',2559),
	(11346,1067,33,24,84,'2016-08-14 12:50:11','2016-08-14 12:50:11',2559),
	(11347,1067,33,35,124,'2016-08-14 12:50:11','2016-08-14 12:50:11',2559),
	(11348,1067,33,41,148,'2016-08-14 12:50:11','2016-08-14 12:50:11',2559),
	(11349,1067,33,26,89,'2016-08-14 12:50:11','2016-08-14 12:50:11',2559),
	(11350,1067,33,36,128,'2016-08-14 12:50:11','2016-08-14 12:50:11',2559),
	(11351,1067,33,42,153,'2016-08-14 12:50:11','2016-08-14 12:50:11',2559),
	(11352,1067,33,27,92,'2016-08-14 12:50:11','2016-08-14 12:50:11',2559),
	(11353,1067,33,37,133,'2016-08-14 12:50:11','2016-08-14 12:50:11',2559),
	(11354,1067,33,28,96,'2016-08-14 12:50:11','2016-08-14 12:50:11',2559),
	(11355,1067,33,43,157,'2016-08-14 12:50:11','2016-08-14 12:50:11',2559),
	(11356,1067,33,38,137,'2016-08-14 12:50:11','2016-08-14 12:50:11',2559),
	(11357,1067,33,29,99,'2016-08-14 12:50:11','2016-08-14 12:50:11',2559),
	(11358,1067,33,44,340,'2016-08-14 12:50:11','2016-08-14 12:50:11',2559),
	(11359,1067,33,39,140,'2016-08-14 12:50:11','2016-08-14 12:50:11',2559),
	(11360,1067,33,30,104,'2016-08-14 12:50:11','2016-08-14 12:50:11',2559),
	(11361,1067,33,40,145,'2016-08-14 12:50:11','2016-08-14 12:50:11',2559),
	(11362,1067,33,31,109,'2016-08-14 12:50:11','2016-08-14 12:50:11',2559),
	(11363,1067,33,41,148,'2016-08-14 12:50:11','2016-08-14 12:50:11',2559),
	(11364,1067,33,32,112,'2016-08-14 12:50:11','2016-08-14 12:50:11',2559),
	(11365,1067,33,42,153,'2016-08-14 12:50:11','2016-08-14 12:50:11',2559),
	(11366,1067,33,33,117,'2016-08-14 12:50:11','2016-08-14 12:50:11',2559),
	(11367,1067,33,43,157,'2016-08-14 12:50:11','2016-08-14 12:50:11',2559),
	(11368,1067,33,34,118,'2016-08-14 12:50:11','2016-08-14 12:50:11',2559),
	(11369,1067,33,44,340,'2016-08-14 12:50:11','2016-08-14 12:50:11',2559),
	(11370,1067,33,35,124,'2016-08-14 12:50:11','2016-08-14 12:50:11',2559),
	(11371,1067,33,36,128,'2016-08-14 12:50:11','2016-08-14 12:50:11',2559),
	(11372,1067,33,37,133,'2016-08-14 12:50:11','2016-08-14 12:50:11',2559),
	(11373,1067,33,38,137,'2016-08-14 12:50:11','2016-08-14 12:50:11',2559),
	(11374,1067,33,39,140,'2016-08-14 12:50:11','2016-08-14 12:50:11',2559),
	(11375,1067,33,40,145,'2016-08-14 12:50:11','2016-08-14 12:50:11',2559),
	(11376,1067,33,41,148,'2016-08-14 12:50:11','2016-08-14 12:50:11',2559),
	(11377,1067,33,42,153,'2016-08-14 12:50:11','2016-08-14 12:50:11',2559),
	(11378,1067,33,43,157,'2016-08-14 12:50:11','2016-08-14 12:50:11',2559),
	(11379,1067,33,44,340,'2016-08-14 12:50:11','2016-08-14 12:50:11',2559),
	(11482,1061,35,57,341,'2016-08-14 12:53:36','2016-08-14 12:53:36',2559),
	(11483,1061,35,58,344,'2016-08-14 12:53:36','2016-08-14 12:53:36',2559),
	(11484,1061,35,59,347,'2016-08-14 12:53:36','2016-08-14 12:53:36',2559),
	(11485,1061,35,60,351,'2016-08-14 12:53:36','2016-08-14 12:53:36',2559),
	(11486,1061,35,61,354,'2016-08-14 12:53:36','2016-08-14 12:53:36',2559),
	(11487,1061,35,62,356,'2016-08-14 12:53:36','2016-08-14 12:53:36',2559),
	(11488,1061,35,63,359,'2016-08-14 12:53:36','2016-08-14 12:53:36',2559),
	(11489,1061,35,64,363,'2016-08-14 12:53:36','2016-08-14 12:53:36',2559),
	(11490,1061,35,65,365,'2016-08-14 12:53:36','2016-08-14 12:53:36',2559),
	(11491,1061,35,66,368,'2016-08-14 12:53:36','2016-08-14 12:53:36',2559),
	(11492,1061,35,67,372,'2016-08-14 12:53:36','2016-08-14 12:53:36',2559),
	(11493,1061,35,68,374,'2016-08-14 12:53:36','2016-08-14 12:53:36',2559),
	(11494,1061,35,69,378,'2016-08-14 12:53:36','2016-08-14 12:53:36',2559),
	(11495,1061,35,70,381,'2016-08-14 12:53:36','2016-08-14 12:53:36',2559),
	(11496,1061,35,71,384,'2016-08-14 12:53:36','2016-08-14 12:53:36',2559),
	(11497,1061,35,72,386,'2016-08-14 12:53:36','2016-08-14 12:53:36',2559),
	(11498,1061,35,73,390,'2016-08-14 12:53:36','2016-08-14 12:53:36',2559),
	(11499,1061,35,74,392,'2016-08-14 12:53:36','2016-08-14 12:53:36',2559),
	(11500,1061,35,75,396,'2016-08-14 12:53:36','2016-08-14 12:53:36',2559),
	(11501,1061,35,76,400,'2016-08-14 12:53:36','2016-08-14 12:53:36',2559),
	(11502,1061,35,77,402,'2016-08-14 12:53:36','2016-08-14 12:53:36',2559),
	(11503,1061,35,78,404,'2016-08-14 12:53:36','2016-08-14 12:53:36',2559),
	(11504,1061,35,79,408,'2016-08-14 12:53:36','2016-08-14 12:53:36',2559),
	(11505,1061,35,80,410,'2016-08-14 12:53:36','2016-08-14 12:53:36',2559),
	(11506,1061,35,81,414,'2016-08-14 12:53:36','2016-08-14 12:53:36',2559),
	(11507,1061,35,82,416,'2016-08-14 12:53:36','2016-08-14 12:53:36',2559),
	(11508,1061,35,83,418,'2016-08-14 12:53:36','2016-08-14 12:53:36',2559),
	(11509,1061,35,86,424,'2016-08-14 12:53:36','2016-08-14 12:53:36',2559),
	(11510,1061,35,87,426,'2016-08-14 12:53:36','2016-08-14 12:53:36',2559),
	(11511,1061,35,88,448,'2016-08-14 12:53:37','2016-08-14 12:53:37',2559),
	(11512,1061,35,88,443,'2016-08-14 12:53:37','2016-08-14 12:53:37',2559),
	(11513,1061,35,88,438,'2016-08-14 12:53:37','2016-08-14 12:53:37',2559),
	(11514,1061,35,88,430,'2016-08-14 12:53:37','2016-08-14 12:53:37',2559),
	(11515,1061,35,89,452,'2016-08-14 12:53:37','2016-08-14 12:53:37',2559),
	(11604,1069,32,4,3,'2016-08-14 12:54:54','2016-08-14 12:54:54',2559),
	(11605,1069,32,5,7,'2016-08-14 12:54:54','2016-08-14 12:54:54',2559),
	(11606,1069,32,6,9,'2016-08-14 12:54:54','2016-08-14 12:54:54',2559),
	(11607,1069,32,7,13,'2016-08-14 12:54:54','2016-08-14 12:54:54',2559),
	(11608,1069,32,8,19,'2016-08-14 12:54:54','2016-08-14 12:54:54',2559),
	(11609,1069,32,9,23,'2016-08-14 12:54:54','2016-08-14 12:54:54',2559),
	(11610,1069,32,10,27,'2016-08-14 12:54:54','2016-08-14 12:54:54',2559),
	(11611,1069,32,11,29,'2016-08-14 12:54:54','2016-08-14 12:54:54',2559),
	(11612,1069,32,12,33,'2016-08-14 12:54:54','2016-08-14 12:54:54',2559),
	(11613,1069,32,13,39,'2016-08-14 12:54:54','2016-08-14 12:54:54',2559),
	(11614,1069,32,14,43,'2016-08-14 12:54:54','2016-08-14 12:54:54',2559),
	(11615,1069,32,15,47,'2016-08-14 12:54:54','2016-08-14 12:54:54',2559),
	(11616,1069,32,16,51,'2016-08-14 12:54:54','2016-08-14 12:54:54',2559),
	(11617,1069,32,17,55,'2016-08-14 12:54:54','2016-08-14 12:54:54',2559),
	(11618,1069,32,18,57,'2016-08-14 12:54:54','2016-08-14 12:54:54',2559),
	(11619,1069,32,19,63,'2016-08-14 12:54:54','2016-08-14 12:54:54',2559),
	(11620,1069,32,20,67,'2016-08-14 12:54:55','2016-08-14 12:54:55',2559),
	(11621,1069,32,21,71,'2016-08-14 12:54:55','2016-08-14 12:54:55',2559),
	(11622,1069,32,22,75,'2016-08-14 12:54:55','2016-08-14 12:54:55',2559),
	(11623,1069,32,23,77,'2016-08-14 12:54:55','2016-08-14 12:54:55',2559),
	(11655,1070,32,13,38,'2016-08-14 12:55:24','2016-08-14 12:55:24',2559),
	(11656,1070,32,6,9,'2016-08-14 12:55:24','2016-08-14 12:55:24',2559),
	(11657,1070,32,14,44,'2016-08-14 12:55:24','2016-08-14 12:55:24',2559),
	(11658,1070,32,4,2,'2016-08-14 12:55:24','2016-08-14 12:55:24',2559),
	(11659,1070,32,7,15,'2016-08-14 12:55:24','2016-08-14 12:55:24',2559),
	(11660,1070,32,15,48,'2016-08-14 12:55:24','2016-08-14 12:55:24',2559),
	(11661,1070,32,5,7,'2016-08-14 12:55:24','2016-08-14 12:55:24',2559),
	(11662,1070,32,8,18,'2016-08-14 12:55:24','2016-08-14 12:55:24',2559),
	(11663,1070,32,6,9,'2016-08-14 12:55:24','2016-08-14 12:55:24',2559),
	(11664,1070,32,16,52,'2016-08-14 12:55:24','2016-08-14 12:55:24',2559),
	(11665,1070,32,9,23,'2016-08-14 12:55:24','2016-08-14 12:55:24',2559),
	(11666,1070,32,17,54,'2016-08-14 12:55:24','2016-08-14 12:55:24',2559),
	(11667,1070,32,7,15,'2016-08-14 12:55:24','2016-08-14 12:55:24',2559),
	(11668,1070,32,10,26,'2016-08-14 12:55:24','2016-08-14 12:55:24',2559),
	(11669,1070,32,8,18,'2016-08-14 12:55:24','2016-08-14 12:55:24',2559),
	(11670,1070,32,18,58,'2016-08-14 12:55:24','2016-08-14 12:55:24',2559),
	(11671,1070,32,11,30,'2016-08-14 12:55:25','2016-08-14 12:55:25',2559),
	(11672,1070,32,9,23,'2016-08-14 12:55:25','2016-08-14 12:55:25',2559),
	(11673,1070,32,19,62,'2016-08-14 12:55:25','2016-08-14 12:55:25',2559),
	(11674,1070,32,12,33,'2016-08-14 12:55:25','2016-08-14 12:55:25',2559),
	(11675,1070,32,10,26,'2016-08-14 12:55:25','2016-08-14 12:55:25',2559),
	(11676,1070,32,20,65,'2016-08-14 12:55:25','2016-08-14 12:55:25',2559),
	(11677,1070,32,13,38,'2016-08-14 12:55:25','2016-08-14 12:55:25',2559),
	(11678,1070,32,21,72,'2016-08-14 12:55:25','2016-08-14 12:55:25',2559),
	(11679,1070,32,11,30,'2016-08-14 12:55:25','2016-08-14 12:55:25',2559),
	(11680,1070,32,14,44,'2016-08-14 12:55:25','2016-08-14 12:55:25',2559),
	(11681,1070,32,22,74,'2016-08-14 12:55:25','2016-08-14 12:55:25',2559),
	(11682,1070,32,12,33,'2016-08-14 12:55:25','2016-08-14 12:55:25',2559),
	(11683,1070,32,15,48,'2016-08-14 12:55:25','2016-08-14 12:55:25',2559),
	(11684,1070,32,23,77,'2016-08-14 12:55:25','2016-08-14 12:55:25',2559),
	(11685,1070,32,13,38,'2016-08-14 12:55:25','2016-08-14 12:55:25',2559),
	(11686,1070,32,16,52,'2016-08-14 12:55:25','2016-08-14 12:55:25',2559),
	(11687,1070,32,14,44,'2016-08-14 12:55:25','2016-08-14 12:55:25',2559),
	(11688,1070,32,17,54,'2016-08-14 12:55:25','2016-08-14 12:55:25',2559),
	(11689,1070,32,15,48,'2016-08-14 12:55:25','2016-08-14 12:55:25',2559),
	(11690,1070,32,18,58,'2016-08-14 12:55:25','2016-08-14 12:55:25',2559),
	(11691,1070,32,16,52,'2016-08-14 12:55:25','2016-08-14 12:55:25',2559),
	(11692,1070,32,19,62,'2016-08-14 12:55:25','2016-08-14 12:55:25',2559),
	(11693,1070,32,17,54,'2016-08-14 12:55:25','2016-08-14 12:55:25',2559),
	(11694,1070,32,20,65,'2016-08-14 12:55:25','2016-08-14 12:55:25',2559),
	(11695,1070,32,18,58,'2016-08-14 12:55:25','2016-08-14 12:55:25',2559),
	(11696,1070,32,21,72,'2016-08-14 12:55:25','2016-08-14 12:55:25',2559),
	(11697,1070,32,19,62,'2016-08-14 12:55:25','2016-08-14 12:55:25',2559),
	(11698,1070,32,22,74,'2016-08-14 12:55:25','2016-08-14 12:55:25',2559),
	(11699,1070,32,20,65,'2016-08-14 12:55:25','2016-08-14 12:55:25',2559),
	(11700,1070,32,23,77,'2016-08-14 12:55:25','2016-08-14 12:55:25',2559),
	(11701,1070,32,21,72,'2016-08-14 12:55:25','2016-08-14 12:55:25',2559),
	(11702,1070,32,22,74,'2016-08-14 12:55:25','2016-08-14 12:55:25',2559),
	(11703,1070,32,23,77,'2016-08-14 12:55:25','2016-08-14 12:55:25',2559),
	(11840,1071,35,57,343,'2016-08-14 13:01:24','2016-08-14 13:01:24',2559),
	(11841,1071,35,58,344,'2016-08-14 13:01:24','2016-08-14 13:01:24',2559),
	(11842,1071,35,59,347,'2016-08-14 13:01:24','2016-08-14 13:01:24',2559),
	(11843,1071,35,60,352,'2016-08-14 13:01:24','2016-08-14 13:01:24',2559),
	(11844,1071,35,61,354,'2016-08-14 13:01:25','2016-08-14 13:01:25',2559),
	(11845,1071,35,62,358,'2016-08-14 13:01:25','2016-08-14 13:01:25',2559),
	(11846,1071,35,63,360,'2016-08-14 13:01:25','2016-08-14 13:01:25',2559),
	(11847,1071,35,64,362,'2016-08-14 13:01:25','2016-08-14 13:01:25',2559),
	(11848,1071,35,65,367,'2016-08-14 13:01:25','2016-08-14 13:01:25',2559),
	(11849,1071,35,66,368,'2016-08-14 13:01:25','2016-08-14 13:01:25',2559),
	(11850,1071,35,67,373,'2016-08-14 13:01:25','2016-08-14 13:01:25',2559),
	(11851,1071,35,68,374,'2016-08-14 13:01:25','2016-08-14 13:01:25',2559),
	(11852,1071,35,69,377,'2016-08-14 13:01:25','2016-08-14 13:01:25',2559),
	(11853,1071,35,70,382,'2016-08-14 13:01:25','2016-08-14 13:01:25',2559),
	(11854,1071,35,71,383,'2016-08-14 13:01:25','2016-08-14 13:01:25',2559),
	(11855,1071,35,72,388,'2016-08-14 13:01:25','2016-08-14 13:01:25',2559),
	(11856,1071,35,73,391,'2016-08-14 13:01:25','2016-08-14 13:01:25',2559),
	(11857,1071,35,74,393,'2016-08-14 13:01:25','2016-08-14 13:01:25',2559),
	(11858,1071,35,75,395,'2016-08-14 13:01:25','2016-08-14 13:01:25',2559),
	(11859,1071,35,76,400,'2016-08-14 13:01:25','2016-08-14 13:01:25',2559),
	(11860,1071,35,77,402,'2016-08-14 13:01:25','2016-08-14 13:01:25',2559),
	(11861,1071,35,78,404,'2016-08-14 13:01:25','2016-08-14 13:01:25',2559),
	(11862,1071,35,79,407,'2016-08-14 13:01:25','2016-08-14 13:01:25',2559),
	(11863,1071,35,80,411,'2016-08-14 13:01:25','2016-08-14 13:01:25',2559),
	(11864,1071,35,81,415,'2016-08-14 13:01:25','2016-08-14 13:01:25',2559),
	(11865,1071,35,82,416,'2016-08-14 13:01:25','2016-08-14 13:01:25',2559),
	(11866,1071,35,83,418,'2016-08-14 13:01:25','2016-08-14 13:01:25',2559),
	(11867,1071,35,86,421,'2016-08-14 13:01:25','2016-08-14 13:01:25',2559),
	(11868,1071,35,87,425,'2016-08-14 13:01:25','2016-08-14 13:01:25',2559),
	(11869,1071,35,88,449,'2016-08-14 13:01:25','2016-08-14 13:01:25',2559),
	(11870,1071,35,88,444,'2016-08-14 13:01:25','2016-08-14 13:01:25',2559),
	(11871,1071,35,88,438,'2016-08-14 13:01:25','2016-08-14 13:01:25',2559),
	(11872,1071,35,88,430,'2016-08-14 13:01:26','2016-08-14 13:01:26',2559),
	(11873,1071,35,89,452,'2016-08-14 13:01:26','2016-08-14 13:01:26',2559),
	(11874,1069,33,24,82,'2016-08-14 13:01:33','2016-08-14 13:01:33',2559),
	(11875,1069,33,26,89,'2016-08-14 13:01:33','2016-08-14 13:01:33',2559),
	(11876,1069,33,27,92,'2016-08-14 13:01:33','2016-08-14 13:01:33',2559),
	(11877,1069,33,28,95,'2016-08-14 13:01:33','2016-08-14 13:01:33',2559),
	(11878,1069,33,29,100,'2016-08-14 13:01:33','2016-08-14 13:01:33',2559),
	(11879,1069,33,30,104,'2016-08-14 13:01:33','2016-08-14 13:01:33',2559),
	(11880,1069,33,31,107,'2016-08-14 13:01:33','2016-08-14 13:01:33',2559),
	(11881,1069,33,32,111,'2016-08-14 13:01:33','2016-08-14 13:01:33',2559),
	(11882,1069,33,33,117,'2016-08-14 13:01:33','2016-08-14 13:01:33',2559),
	(11883,1069,33,34,118,'2016-08-14 13:01:33','2016-08-14 13:01:33',2559),
	(11884,1069,33,35,125,'2016-08-14 13:01:33','2016-08-14 13:01:33',2559),
	(11885,1069,33,36,128,'2016-08-14 13:01:33','2016-08-14 13:01:33',2559),
	(11886,1069,33,37,132,'2016-08-14 13:01:33','2016-08-14 13:01:33',2559),
	(11887,1069,33,38,137,'2016-08-14 13:01:33','2016-08-14 13:01:33',2559),
	(11888,1069,33,39,138,'2016-08-14 13:01:33','2016-08-14 13:01:33',2559),
	(11889,1069,33,40,144,'2016-08-14 13:01:33','2016-08-14 13:01:33',2559),
	(11890,1069,33,41,148,'2016-08-14 13:01:33','2016-08-14 13:01:33',2559),
	(11891,1069,33,42,152,'2016-08-14 13:01:33','2016-08-14 13:01:33',2559),
	(11892,1069,33,43,156,'2016-08-14 13:01:33','2016-08-14 13:01:33',2559),
	(11893,1069,33,44,340,'2016-08-14 13:01:33','2016-08-14 13:01:33',2559),
	(11928,1072,35,57,342,'2016-08-14 13:06:15','2016-08-14 13:06:15',2559),
	(11929,1072,35,58,344,'2016-08-14 13:06:15','2016-08-14 13:06:15',2559),
	(11930,1072,35,59,347,'2016-08-14 13:06:15','2016-08-14 13:06:15',2559),
	(11931,1072,35,60,351,'2016-08-14 13:06:15','2016-08-14 13:06:15',2559),
	(11932,1072,35,61,353,'2016-08-14 13:06:15','2016-08-14 13:06:15',2559),
	(11933,1072,35,62,356,'2016-08-14 13:06:15','2016-08-14 13:06:15',2559),
	(11934,1072,35,63,360,'2016-08-14 13:06:15','2016-08-14 13:06:15',2559),
	(11935,1072,35,64,364,'2016-08-14 13:06:15','2016-08-14 13:06:15',2559),
	(11936,1072,35,65,366,'2016-08-14 13:06:15','2016-08-14 13:06:15',2559),
	(11937,1072,35,66,368,'2016-08-14 13:06:15','2016-08-14 13:06:15',2559),
	(11938,1072,35,67,373,'2016-08-14 13:06:15','2016-08-14 13:06:15',2559),
	(11939,1072,35,68,374,'2016-08-14 13:06:15','2016-08-14 13:06:15',2559),
	(11940,1072,35,69,377,'2016-08-14 13:06:15','2016-08-14 13:06:15',2559),
	(11941,1072,35,70,381,'2016-08-14 13:06:15','2016-08-14 13:06:15',2559),
	(11942,1072,35,71,384,'2016-08-14 13:06:15','2016-08-14 13:06:15',2559),
	(11943,1072,35,72,387,'2016-08-14 13:06:15','2016-08-14 13:06:15',2559),
	(11944,1072,35,73,391,'2016-08-14 13:06:15','2016-08-14 13:06:15',2559),
	(11945,1072,35,74,392,'2016-08-14 13:06:15','2016-08-14 13:06:15',2559),
	(11946,1072,35,75,396,'2016-08-14 13:06:15','2016-08-14 13:06:15',2559),
	(11947,1072,35,76,399,'2016-08-14 13:06:15','2016-08-14 13:06:15',2559),
	(11948,1072,35,77,402,'2016-08-14 13:06:15','2016-08-14 13:06:15',2559),
	(11949,1072,35,78,405,'2016-08-14 13:06:15','2016-08-14 13:06:15',2559),
	(11950,1072,35,79,407,'2016-08-14 13:06:15','2016-08-14 13:06:15',2559),
	(11951,1072,35,80,410,'2016-08-14 13:06:15','2016-08-14 13:06:15',2559),
	(11952,1072,35,81,414,'2016-08-14 13:06:15','2016-08-14 13:06:15',2559),
	(11953,1072,35,82,416,'2016-08-14 13:06:15','2016-08-14 13:06:15',2559),
	(11954,1072,35,83,418,'2016-08-14 13:06:16','2016-08-14 13:06:16',2559),
	(11955,1072,35,86,421,'2016-08-14 13:06:16','2016-08-14 13:06:16',2559),
	(11956,1072,35,87,426,'2016-08-14 13:06:16','2016-08-14 13:06:16',2559),
	(11957,1072,35,88,449,'2016-08-14 13:06:16','2016-08-14 13:06:16',2559),
	(11958,1072,35,88,443,'2016-08-14 13:06:16','2016-08-14 13:06:16',2559),
	(11959,1072,35,88,438,'2016-08-14 13:06:16','2016-08-14 13:06:16',2559),
	(11960,1072,35,88,430,'2016-08-14 13:06:16','2016-08-14 13:06:16',2559),
	(11961,1072,35,89,452,'2016-08-14 13:06:16','2016-08-14 13:06:16',2559),
	(12030,1073,32,4,1,'2016-08-14 13:22:17','2016-08-14 13:22:17',2559),
	(12031,1073,32,5,6,'2016-08-14 13:22:17','2016-08-14 13:22:17',2559),
	(12032,1073,32,6,9,'2016-08-14 13:22:17','2016-08-14 13:22:17',2559),
	(12033,1073,32,7,13,'2016-08-14 13:22:17','2016-08-14 13:22:17',2559),
	(12034,1073,32,8,17,'2016-08-14 13:22:17','2016-08-14 13:22:17',2559),
	(12035,1073,32,9,22,'2016-08-14 13:22:17','2016-08-14 13:22:17',2559),
	(12036,1073,32,10,26,'2016-08-14 13:22:17','2016-08-14 13:22:17',2559),
	(12037,1073,32,11,29,'2016-08-14 13:22:17','2016-08-14 13:22:17',2559),
	(12038,1073,32,12,33,'2016-08-14 13:22:18','2016-08-14 13:22:18',2559),
	(12039,1073,32,13,37,'2016-08-14 13:22:18','2016-08-14 13:22:18',2559),
	(12040,1073,32,14,42,'2016-08-14 13:22:18','2016-08-14 13:22:18',2559),
	(12041,1073,32,15,45,'2016-08-14 13:22:18','2016-08-14 13:22:18',2559),
	(12042,1073,32,16,49,'2016-08-14 13:22:18','2016-08-14 13:22:18',2559),
	(12043,1073,32,17,53,'2016-08-14 13:22:18','2016-08-14 13:22:18',2559),
	(12044,1073,32,18,57,'2016-08-14 13:22:18','2016-08-14 13:22:18',2559),
	(12045,1073,32,19,62,'2016-08-14 13:22:18','2016-08-14 13:22:18',2559),
	(12046,1073,32,20,65,'2016-08-14 13:22:18','2016-08-14 13:22:18',2559),
	(12047,1073,32,21,70,'2016-08-14 13:22:18','2016-08-14 13:22:18',2559),
	(12048,1073,32,22,74,'2016-08-14 13:22:18','2016-08-14 13:22:18',2559),
	(12049,1073,32,23,77,'2016-08-14 13:22:18','2016-08-14 13:22:18',2559),
	(12050,1068,32,4,2,'2016-08-14 13:24:02','2016-08-14 13:24:02',2559),
	(12051,1068,32,5,6,'2016-08-14 13:24:02','2016-08-14 13:24:02',2559),
	(12052,1068,32,6,9,'2016-08-14 13:24:02','2016-08-14 13:24:02',2559),
	(12053,1068,32,7,14,'2016-08-14 13:24:02','2016-08-14 13:24:02',2559),
	(12054,1068,32,8,17,'2016-08-14 13:24:03','2016-08-14 13:24:03',2559),
	(12055,1068,32,9,22,'2016-08-14 13:24:03','2016-08-14 13:24:03',2559),
	(12056,1068,32,10,25,'2016-08-14 13:24:03','2016-08-14 13:24:03',2559),
	(12057,1068,32,11,29,'2016-08-14 13:24:03','2016-08-14 13:24:03',2559),
	(12058,1068,32,12,33,'2016-08-14 13:24:03','2016-08-14 13:24:03',2559),
	(12059,1068,32,13,38,'2016-08-14 13:24:03','2016-08-14 13:24:03',2559),
	(12060,1068,32,14,42,'2016-08-14 13:24:03','2016-08-14 13:24:03',2559),
	(12061,1068,32,15,46,'2016-08-14 13:24:03','2016-08-14 13:24:03',2559),
	(12062,1068,32,16,49,'2016-08-14 13:24:03','2016-08-14 13:24:03',2559),
	(12063,1068,32,17,53,'2016-08-14 13:24:03','2016-08-14 13:24:03',2559),
	(12064,1068,32,18,57,'2016-08-14 13:24:03','2016-08-14 13:24:03',2559),
	(12065,1068,32,19,62,'2016-08-14 13:24:03','2016-08-14 13:24:03',2559),
	(12066,1068,32,20,68,'2016-08-14 13:24:03','2016-08-14 13:24:03',2559),
	(12067,1068,32,21,70,'2016-08-14 13:24:03','2016-08-14 13:24:03',2559),
	(12068,1068,32,22,74,'2016-08-14 13:24:03','2016-08-14 13:24:03',2559),
	(12069,1068,32,23,77,'2016-08-14 13:24:03','2016-08-14 13:24:03',2559),
	(12070,1073,33,24,83,'2016-08-14 13:26:25','2016-08-14 13:26:25',2559),
	(12071,1073,33,26,89,'2016-08-14 13:26:25','2016-08-14 13:26:25',2559),
	(12072,1073,33,27,92,'2016-08-14 13:26:25','2016-08-14 13:26:25',2559),
	(12073,1073,33,28,97,'2016-08-14 13:26:25','2016-08-14 13:26:25',2559),
	(12074,1073,33,29,99,'2016-08-14 13:26:25','2016-08-14 13:26:25',2559),
	(12075,1073,33,30,104,'2016-08-14 13:26:25','2016-08-14 13:26:25',2559),
	(12076,1073,33,31,108,'2016-08-14 13:26:25','2016-08-14 13:26:25',2559),
	(12077,1073,33,32,112,'2016-08-14 13:26:25','2016-08-14 13:26:25',2559),
	(12078,1073,33,33,117,'2016-08-14 13:26:25','2016-08-14 13:26:25',2559),
	(12079,1073,33,34,119,'2016-08-14 13:26:25','2016-08-14 13:26:25',2559),
	(12080,1073,33,35,124,'2016-08-14 13:26:25','2016-08-14 13:26:25',2559),
	(12081,1073,33,36,129,'2016-08-14 13:26:25','2016-08-14 13:26:25',2559),
	(12082,1073,33,37,132,'2016-08-14 13:26:25','2016-08-14 13:26:25',2559),
	(12083,1073,33,38,137,'2016-08-14 13:26:25','2016-08-14 13:26:25',2559),
	(12084,1073,33,39,139,'2016-08-14 13:26:25','2016-08-14 13:26:25',2559),
	(12085,1073,33,40,144,'2016-08-14 13:26:25','2016-08-14 13:26:25',2559),
	(12086,1073,33,41,149,'2016-08-14 13:26:25','2016-08-14 13:26:25',2559),
	(12087,1073,33,42,153,'2016-08-14 13:26:25','2016-08-14 13:26:25',2559),
	(12088,1073,33,43,157,'2016-08-14 13:26:25','2016-08-14 13:26:25',2559),
	(12089,1073,33,44,340,'2016-08-14 13:26:25','2016-08-14 13:26:25',2559),
	(12090,1074,32,4,2,'2016-08-14 13:26:29','2016-08-14 13:26:29',2559),
	(12091,1074,32,5,6,'2016-08-14 13:26:29','2016-08-14 13:26:29',2559),
	(12092,1074,32,6,9,'2016-08-14 13:26:29','2016-08-14 13:26:29',2559),
	(12093,1074,32,7,13,'2016-08-14 13:26:29','2016-08-14 13:26:29',2559),
	(12094,1074,32,8,17,'2016-08-14 13:26:29','2016-08-14 13:26:29',2559),
	(12095,1074,32,9,22,'2016-08-14 13:26:29','2016-08-14 13:26:29',2559),
	(12096,1074,32,10,25,'2016-08-14 13:26:29','2016-08-14 13:26:29',2559),
	(12097,1074,32,11,30,'2016-08-14 13:26:29','2016-08-14 13:26:29',2559),
	(12098,1074,32,12,33,'2016-08-14 13:26:29','2016-08-14 13:26:29',2559),
	(12099,1074,32,13,37,'2016-08-14 13:26:29','2016-08-14 13:26:29',2559),
	(12100,1074,32,14,42,'2016-08-14 13:26:29','2016-08-14 13:26:29',2559),
	(12101,1074,32,15,46,'2016-08-14 13:26:29','2016-08-14 13:26:29',2559),
	(12102,1074,32,16,50,'2016-08-14 13:26:29','2016-08-14 13:26:29',2559),
	(12103,1074,32,17,53,'2016-08-14 13:26:29','2016-08-14 13:26:29',2559),
	(12104,1074,32,18,57,'2016-08-14 13:26:30','2016-08-14 13:26:30',2559),
	(12105,1074,32,19,62,'2016-08-14 13:26:30','2016-08-14 13:26:30',2559),
	(12106,1074,32,20,66,'2016-08-14 13:26:30','2016-08-14 13:26:30',2559),
	(12107,1074,32,21,70,'2016-08-14 13:26:30','2016-08-14 13:26:30',2559),
	(12108,1074,32,22,74,'2016-08-14 13:26:30','2016-08-14 13:26:30',2559),
	(12109,1074,32,23,77,'2016-08-14 13:26:30','2016-08-14 13:26:30',2559),
	(12110,1068,33,24,83,'2016-08-14 13:27:28','2016-08-14 13:27:28',2559),
	(12111,1068,33,26,89,'2016-08-14 13:27:29','2016-08-14 13:27:29',2559),
	(12112,1068,33,27,92,'2016-08-14 13:27:29','2016-08-14 13:27:29',2559),
	(12113,1068,33,28,94,'2016-08-14 13:27:29','2016-08-14 13:27:29',2559),
	(12114,1068,33,29,100,'2016-08-14 13:27:29','2016-08-14 13:27:29',2559),
	(12115,1068,33,30,105,'2016-08-14 13:27:29','2016-08-14 13:27:29',2559),
	(12116,1068,33,31,107,'2016-08-14 13:27:29','2016-08-14 13:27:29',2559),
	(12117,1068,33,32,112,'2016-08-14 13:27:29','2016-08-14 13:27:29',2559),
	(12118,1068,33,33,117,'2016-08-14 13:27:29','2016-08-14 13:27:29',2559),
	(12119,1068,33,34,120,'2016-08-14 13:27:29','2016-08-14 13:27:29',2559),
	(12120,1068,33,35,125,'2016-08-14 13:27:29','2016-08-14 13:27:29',2559),
	(12121,1068,33,36,129,'2016-08-14 13:27:29','2016-08-14 13:27:29',2559),
	(12122,1068,33,37,133,'2016-08-14 13:27:29','2016-08-14 13:27:29',2559),
	(12123,1068,33,38,137,'2016-08-14 13:27:29','2016-08-14 13:27:29',2559),
	(12124,1068,33,39,140,'2016-08-14 13:27:29','2016-08-14 13:27:29',2559),
	(12125,1068,33,40,144,'2016-08-14 13:27:29','2016-08-14 13:27:29',2559),
	(12126,1068,33,41,149,'2016-08-14 13:27:29','2016-08-14 13:27:29',2559),
	(12127,1068,33,42,153,'2016-08-14 13:27:29','2016-08-14 13:27:29',2559),
	(12128,1068,33,43,156,'2016-08-14 13:27:29','2016-08-14 13:27:29',2559),
	(12129,1068,33,44,340,'2016-08-14 13:27:29','2016-08-14 13:27:29',2559),
	(12130,1074,33,24,83,'2016-08-14 13:28:28','2016-08-14 13:28:28',2559),
	(12131,1074,33,26,89,'2016-08-14 13:28:28','2016-08-14 13:28:28',2559),
	(12132,1074,33,27,93,'2016-08-14 13:28:28','2016-08-14 13:28:28',2559),
	(12133,1074,33,28,96,'2016-08-14 13:28:29','2016-08-14 13:28:29',2559),
	(12134,1074,33,29,98,'2016-08-14 13:28:29','2016-08-14 13:28:29',2559),
	(12135,1074,33,30,105,'2016-08-14 13:28:29','2016-08-14 13:28:29',2559),
	(12136,1074,33,31,108,'2016-08-14 13:28:29','2016-08-14 13:28:29',2559),
	(12137,1074,33,32,112,'2016-08-14 13:28:29','2016-08-14 13:28:29',2559),
	(12138,1074,33,33,117,'2016-08-14 13:28:29','2016-08-14 13:28:29',2559),
	(12139,1074,33,34,118,'2016-08-14 13:28:29','2016-08-14 13:28:29',2559),
	(12140,1074,33,35,124,'2016-08-14 13:28:29','2016-08-14 13:28:29',2559),
	(12141,1074,33,36,128,'2016-08-14 13:28:29','2016-08-14 13:28:29',2559),
	(12142,1074,33,37,133,'2016-08-14 13:28:29','2016-08-14 13:28:29',2559),
	(12143,1074,33,38,137,'2016-08-14 13:28:29','2016-08-14 13:28:29',2559),
	(12144,1074,33,39,140,'2016-08-14 13:28:29','2016-08-14 13:28:29',2559),
	(12145,1074,33,40,145,'2016-08-14 13:28:29','2016-08-14 13:28:29',2559),
	(12146,1074,33,41,149,'2016-08-14 13:28:29','2016-08-14 13:28:29',2559),
	(12147,1074,33,42,153,'2016-08-14 13:28:29','2016-08-14 13:28:29',2559),
	(12148,1074,33,43,157,'2016-08-14 13:28:29','2016-08-14 13:28:29',2559),
	(12149,1074,33,44,340,'2016-08-14 13:28:29','2016-08-14 13:28:29',2559),
	(12150,1068,35,57,342,'2016-08-14 13:30:03','2016-08-14 13:30:03',2559),
	(12151,1068,35,58,344,'2016-08-14 13:30:03','2016-08-14 13:30:03',2559),
	(12152,1068,35,59,347,'2016-08-14 13:30:03','2016-08-14 13:30:03',2559),
	(12153,1068,35,60,351,'2016-08-14 13:30:03','2016-08-14 13:30:03',2559),
	(12154,1068,35,61,353,'2016-08-14 13:30:03','2016-08-14 13:30:03',2559),
	(12155,1068,35,62,356,'2016-08-14 13:30:03','2016-08-14 13:30:03',2559),
	(12156,1068,35,63,360,'2016-08-14 13:30:03','2016-08-14 13:30:03',2559),
	(12157,1068,35,64,364,'2016-08-14 13:30:03','2016-08-14 13:30:03',2559),
	(12158,1068,35,65,366,'2016-08-14 13:30:03','2016-08-14 13:30:03',2559),
	(12159,1068,35,66,368,'2016-08-14 13:30:03','2016-08-14 13:30:03',2559),
	(12160,1068,35,67,373,'2016-08-14 13:30:03','2016-08-14 13:30:03',2559),
	(12161,1068,35,68,374,'2016-08-14 13:30:03','2016-08-14 13:30:03',2559),
	(12162,1068,35,69,377,'2016-08-14 13:30:03','2016-08-14 13:30:03',2559),
	(12163,1068,35,70,381,'2016-08-14 13:30:03','2016-08-14 13:30:03',2559),
	(12164,1068,35,71,384,'2016-08-14 13:30:03','2016-08-14 13:30:03',2559),
	(12165,1068,35,72,388,'2016-08-14 13:30:03','2016-08-14 13:30:03',2559),
	(12166,1068,35,73,391,'2016-08-14 13:30:03','2016-08-14 13:30:03',2559),
	(12167,1068,35,74,392,'2016-08-14 13:30:03','2016-08-14 13:30:03',2559),
	(12168,1068,35,75,396,'2016-08-14 13:30:03','2016-08-14 13:30:03',2559),
	(12169,1068,35,76,399,'2016-08-14 13:30:03','2016-08-14 13:30:03',2559),
	(12170,1068,35,77,402,'2016-08-14 13:30:03','2016-08-14 13:30:03',2559),
	(12171,1068,35,78,404,'2016-08-14 13:30:03','2016-08-14 13:30:03',2559),
	(12172,1068,35,79,407,'2016-08-14 13:30:03','2016-08-14 13:30:03',2559),
	(12173,1068,35,80,410,'2016-08-14 13:30:03','2016-08-14 13:30:03',2559),
	(12174,1068,35,81,414,'2016-08-14 13:30:03','2016-08-14 13:30:03',2559),
	(12175,1068,35,82,416,'2016-08-14 13:30:03','2016-08-14 13:30:03',2559),
	(12176,1068,35,83,418,'2016-08-14 13:30:03','2016-08-14 13:30:03',2559),
	(12177,1068,35,86,421,'2016-08-14 13:30:04','2016-08-14 13:30:04',2559),
	(12178,1068,35,87,426,'2016-08-14 13:30:04','2016-08-14 13:30:04',2559),
	(12179,1068,35,88,449,'2016-08-14 13:30:04','2016-08-14 13:30:04',2559),
	(12180,1068,35,88,443,'2016-08-14 13:30:04','2016-08-14 13:30:04',2559),
	(12181,1068,35,88,438,'2016-08-14 13:30:04','2016-08-14 13:30:04',2559),
	(12182,1068,35,88,430,'2016-08-14 13:30:04','2016-08-14 13:30:04',2559),
	(12183,1068,35,89,452,'2016-08-14 13:30:04','2016-08-14 13:30:04',2559),
	(12217,1075,35,57,342,'2016-08-14 13:36:20','2016-08-14 13:36:20',2559),
	(12218,1075,35,58,345,'2016-08-14 13:36:20','2016-08-14 13:36:20',2559),
	(12219,1075,35,59,347,'2016-08-14 13:36:20','2016-08-14 13:36:20',2559),
	(12220,1075,35,60,352,'2016-08-14 13:36:20','2016-08-14 13:36:20',2559),
	(12221,1075,35,61,353,'2016-08-14 13:36:20','2016-08-14 13:36:20',2559),
	(12222,1075,35,62,357,'2016-08-14 13:36:20','2016-08-14 13:36:20',2559),
	(12223,1075,35,63,361,'2016-08-14 13:36:20','2016-08-14 13:36:20',2559),
	(12224,1075,35,64,364,'2016-08-14 13:36:20','2016-08-14 13:36:20',2559),
	(12225,1075,35,65,366,'2016-08-14 13:36:20','2016-08-14 13:36:20',2559),
	(12226,1075,35,66,368,'2016-08-14 13:36:20','2016-08-14 13:36:20',2559),
	(12227,1075,35,67,373,'2016-08-14 13:36:20','2016-08-14 13:36:20',2559),
	(12228,1075,35,68,374,'2016-08-14 13:36:20','2016-08-14 13:36:20',2559),
	(12229,1075,35,69,378,'2016-08-14 13:36:20','2016-08-14 13:36:20',2559),
	(12230,1075,35,70,381,'2016-08-14 13:36:20','2016-08-14 13:36:20',2559),
	(12231,1075,35,71,384,'2016-08-14 13:36:20','2016-08-14 13:36:20',2559),
	(12232,1075,35,72,387,'2016-08-14 13:36:20','2016-08-14 13:36:20',2559),
	(12233,1075,35,73,390,'2016-08-14 13:36:20','2016-08-14 13:36:20',2559),
	(12234,1075,35,74,392,'2016-08-14 13:36:20','2016-08-14 13:36:20',2559),
	(12235,1075,35,75,395,'2016-08-14 13:36:20','2016-08-14 13:36:20',2559),
	(12236,1075,35,76,399,'2016-08-14 13:36:20','2016-08-14 13:36:20',2559),
	(12237,1075,35,77,402,'2016-08-14 13:36:20','2016-08-14 13:36:20',2559),
	(12238,1075,35,78,405,'2016-08-14 13:36:20','2016-08-14 13:36:20',2559),
	(12239,1075,35,79,408,'2016-08-14 13:36:20','2016-08-14 13:36:20',2559),
	(12240,1075,35,80,410,'2016-08-14 13:36:20','2016-08-14 13:36:20',2559),
	(12241,1075,35,81,414,'2016-08-14 13:36:21','2016-08-14 13:36:21',2559),
	(12242,1075,35,82,416,'2016-08-14 13:36:21','2016-08-14 13:36:21',2559),
	(12243,1075,35,83,418,'2016-08-14 13:36:21','2016-08-14 13:36:21',2559),
	(12244,1075,35,87,427,'2016-08-14 13:36:21','2016-08-14 13:36:21',2559),
	(12245,1075,35,88,450,'2016-08-14 13:36:21','2016-08-14 13:36:21',2559),
	(12246,1075,35,88,445,'2016-08-14 13:36:21','2016-08-14 13:36:21',2559),
	(12247,1075,35,88,439,'2016-08-14 13:36:21','2016-08-14 13:36:21',2559),
	(12248,1075,35,88,431,'2016-08-14 13:36:21','2016-08-14 13:36:21',2559),
	(12249,1075,35,89,453,'2016-08-14 13:36:21','2016-08-14 13:36:21',2559),
	(12270,1076,32,4,2,'2016-08-14 13:42:24','2016-08-14 13:42:24',2559),
	(12271,1076,32,5,6,'2016-08-14 13:42:24','2016-08-14 13:42:24',2559),
	(12272,1076,32,6,9,'2016-08-14 13:42:24','2016-08-14 13:42:24',2559),
	(12273,1076,32,7,14,'2016-08-14 13:42:24','2016-08-14 13:42:24',2559),
	(12274,1076,32,8,17,'2016-08-14 13:42:24','2016-08-14 13:42:24',2559),
	(12275,1076,32,9,22,'2016-08-14 13:42:24','2016-08-14 13:42:24',2559),
	(12276,1076,32,10,26,'2016-08-14 13:42:24','2016-08-14 13:42:24',2559),
	(12277,1076,32,11,29,'2016-08-14 13:42:24','2016-08-14 13:42:24',2559),
	(12278,1076,32,12,33,'2016-08-14 13:42:24','2016-08-14 13:42:24',2559),
	(12279,1076,32,13,37,'2016-08-14 13:42:24','2016-08-14 13:42:24',2559),
	(12280,1076,32,14,42,'2016-08-14 13:42:25','2016-08-14 13:42:25',2559),
	(12281,1076,32,15,45,'2016-08-14 13:42:25','2016-08-14 13:42:25',2559),
	(12282,1076,32,16,49,'2016-08-14 13:42:25','2016-08-14 13:42:25',2559),
	(12283,1076,32,17,54,'2016-08-14 13:42:25','2016-08-14 13:42:25',2559),
	(12284,1076,32,18,58,'2016-08-14 13:42:25','2016-08-14 13:42:25',2559),
	(12285,1076,32,19,61,'2016-08-14 13:42:25','2016-08-14 13:42:25',2559),
	(12286,1076,32,20,66,'2016-08-14 13:42:25','2016-08-14 13:42:25',2559),
	(12287,1076,32,21,70,'2016-08-14 13:42:25','2016-08-14 13:42:25',2559),
	(12288,1076,32,22,74,'2016-08-14 13:42:25','2016-08-14 13:42:25',2559),
	(12289,1076,32,23,77,'2016-08-14 13:42:25','2016-08-14 13:42:25',2559),
	(12290,1076,33,24,84,'2016-08-14 13:45:38','2016-08-14 13:45:38',2559),
	(12291,1076,33,26,89,'2016-08-14 13:45:39','2016-08-14 13:45:39',2559),
	(12292,1076,33,27,92,'2016-08-14 13:45:39','2016-08-14 13:45:39',2559),
	(12293,1076,33,28,96,'2016-08-14 13:45:39','2016-08-14 13:45:39',2559),
	(12294,1076,33,29,99,'2016-08-14 13:45:39','2016-08-14 13:45:39',2559),
	(12295,1076,33,30,105,'2016-08-14 13:45:39','2016-08-14 13:45:39',2559),
	(12296,1076,33,31,108,'2016-08-14 13:45:39','2016-08-14 13:45:39',2559),
	(12297,1076,33,32,113,'2016-08-14 13:45:39','2016-08-14 13:45:39',2559),
	(12298,1076,33,33,117,'2016-08-14 13:45:39','2016-08-14 13:45:39',2559),
	(12299,1076,33,34,118,'2016-08-14 13:45:39','2016-08-14 13:45:39',2559),
	(12300,1076,33,35,124,'2016-08-14 13:45:39','2016-08-14 13:45:39',2559),
	(12301,1076,33,36,128,'2016-08-14 13:45:39','2016-08-14 13:45:39',2559),
	(12302,1076,33,37,133,'2016-08-14 13:45:39','2016-08-14 13:45:39',2559),
	(12303,1076,33,38,136,'2016-08-14 13:45:39','2016-08-14 13:45:39',2559),
	(12304,1076,33,39,138,'2016-08-14 13:45:39','2016-08-14 13:45:39',2559),
	(12305,1076,33,40,144,'2016-08-14 13:45:39','2016-08-14 13:45:39',2559),
	(12306,1076,33,41,149,'2016-08-14 13:45:39','2016-08-14 13:45:39',2559),
	(12307,1076,33,42,153,'2016-08-14 13:45:39','2016-08-14 13:45:39',2559),
	(12308,1076,33,43,157,'2016-08-14 13:45:39','2016-08-14 13:45:39',2559),
	(12309,1076,33,44,340,'2016-08-14 13:45:39','2016-08-14 13:45:39',2559),
	(12310,1067,32,4,1,'2016-08-14 13:58:01','2016-08-14 13:58:01',2559),
	(12311,1067,32,5,7,'2016-08-14 13:58:01','2016-08-14 13:58:01',2559),
	(12312,1067,32,6,9,'2016-08-14 13:58:01','2016-08-14 13:58:01',2559),
	(12313,1067,32,7,13,'2016-08-14 13:58:01','2016-08-14 13:58:01',2559),
	(12314,1067,32,8,18,'2016-08-14 13:58:01','2016-08-14 13:58:01',2559),
	(12315,1067,32,9,21,'2016-08-14 13:58:01','2016-08-14 13:58:01',2559),
	(12316,1067,32,10,26,'2016-08-14 13:58:01','2016-08-14 13:58:01',2559),
	(12317,1067,32,11,31,'2016-08-14 13:58:01','2016-08-14 13:58:01',2559),
	(12318,1067,32,12,33,'2016-08-14 13:58:01','2016-08-14 13:58:01',2559),
	(12319,1067,32,13,37,'2016-08-14 13:58:01','2016-08-14 13:58:01',2559),
	(12320,1067,32,14,42,'2016-08-14 13:58:01','2016-08-14 13:58:01',2559),
	(12321,1067,32,15,46,'2016-08-14 13:58:01','2016-08-14 13:58:01',2559),
	(12322,1067,32,16,50,'2016-08-14 13:58:01','2016-08-14 13:58:01',2559),
	(12323,1067,32,17,53,'2016-08-14 13:58:01','2016-08-14 13:58:01',2559),
	(12324,1067,32,18,57,'2016-08-14 13:58:01','2016-08-14 13:58:01',2559),
	(12325,1067,32,19,62,'2016-08-14 13:58:01','2016-08-14 13:58:01',2559),
	(12326,1067,32,20,65,'2016-08-14 13:58:01','2016-08-14 13:58:01',2559),
	(12327,1067,32,21,70,'2016-08-14 13:58:01','2016-08-14 13:58:01',2559),
	(12328,1067,32,22,73,'2016-08-14 13:58:01','2016-08-14 13:58:01',2559),
	(12329,1067,32,23,77,'2016-08-14 13:58:01','2016-08-14 13:58:01',2559),
	(12330,1067,35,57,342,'2016-08-14 14:02:13','2016-08-14 14:02:13',2559),
	(12331,1067,35,58,344,'2016-08-14 14:02:13','2016-08-14 14:02:13',2559),
	(12332,1067,35,59,348,'2016-08-14 14:02:13','2016-08-14 14:02:13',2559),
	(12333,1067,35,60,351,'2016-08-14 14:02:13','2016-08-14 14:02:13',2559),
	(12334,1067,35,61,353,'2016-08-14 14:02:13','2016-08-14 14:02:13',2559),
	(12335,1067,35,62,357,'2016-08-14 14:02:13','2016-08-14 14:02:13',2559),
	(12336,1067,35,63,359,'2016-08-14 14:02:13','2016-08-14 14:02:13',2559),
	(12337,1067,35,64,363,'2016-08-14 14:02:13','2016-08-14 14:02:13',2559),
	(12338,1067,35,65,367,'2016-08-14 14:02:13','2016-08-14 14:02:13',2559),
	(12339,1067,35,66,368,'2016-08-14 14:02:13','2016-08-14 14:02:13',2559),
	(12340,1067,35,67,373,'2016-08-14 14:02:13','2016-08-14 14:02:13',2559),
	(12341,1067,35,68,374,'2016-08-14 14:02:13','2016-08-14 14:02:13',2559),
	(12342,1067,35,69,378,'2016-08-14 14:02:13','2016-08-14 14:02:13',2559),
	(12343,1067,35,70,381,'2016-08-14 14:02:13','2016-08-14 14:02:13',2559),
	(12344,1067,35,71,383,'2016-08-14 14:02:13','2016-08-14 14:02:13',2559),
	(12345,1067,35,72,387,'2016-08-14 14:02:14','2016-08-14 14:02:14',2559),
	(12346,1067,35,73,391,'2016-08-14 14:02:14','2016-08-14 14:02:14',2559),
	(12347,1067,35,74,392,'2016-08-14 14:02:14','2016-08-14 14:02:14',2559),
	(12348,1067,35,75,396,'2016-08-14 14:02:14','2016-08-14 14:02:14',2559),
	(12349,1067,35,76,399,'2016-08-14 14:02:14','2016-08-14 14:02:14',2559),
	(12350,1067,35,77,402,'2016-08-14 14:02:14','2016-08-14 14:02:14',2559),
	(12351,1067,35,78,404,'2016-08-14 14:02:14','2016-08-14 14:02:14',2559),
	(12352,1067,35,79,408,'2016-08-14 14:02:14','2016-08-14 14:02:14',2559),
	(12353,1067,35,80,411,'2016-08-14 14:02:14','2016-08-14 14:02:14',2559),
	(12354,1067,35,81,414,'2016-08-14 14:02:14','2016-08-14 14:02:14',2559),
	(12355,1067,35,82,416,'2016-08-14 14:02:14','2016-08-14 14:02:14',2559),
	(12356,1067,35,83,417,'2016-08-14 14:02:14','2016-08-14 14:02:14',2559),
	(12357,1067,35,87,426,'2016-08-14 14:02:14','2016-08-14 14:02:14',2559),
	(12358,1067,35,88,448,'2016-08-14 14:02:14','2016-08-14 14:02:14',2559),
	(12359,1067,35,88,444,'2016-08-14 14:02:14','2016-08-14 14:02:14',2559),
	(12360,1067,35,88,439,'2016-08-14 14:02:14','2016-08-14 14:02:14',2559),
	(12361,1067,35,88,430,'2016-08-14 14:02:14','2016-08-14 14:02:14',2559),
	(12362,1067,35,89,453,'2016-08-14 14:02:14','2016-08-14 14:02:14',2559),
	(12383,1077,32,4,2,'2016-08-14 14:24:14','2016-08-14 14:24:14',2559),
	(12384,1077,32,5,5,'2016-08-14 14:24:14','2016-08-14 14:24:14',2559),
	(12385,1077,32,6,9,'2016-08-14 14:24:14','2016-08-14 14:24:14',2559),
	(12386,1077,32,7,13,'2016-08-14 14:24:14','2016-08-14 14:24:14',2559),
	(12387,1077,32,8,18,'2016-08-14 14:24:14','2016-08-14 14:24:14',2559),
	(12388,1077,32,9,22,'2016-08-14 14:24:14','2016-08-14 14:24:14',2559),
	(12389,1077,32,10,26,'2016-08-14 14:24:14','2016-08-14 14:24:14',2559),
	(12390,1077,32,11,30,'2016-08-14 14:24:14','2016-08-14 14:24:14',2559),
	(12391,1077,32,12,33,'2016-08-14 14:24:14','2016-08-14 14:24:14',2559),
	(12392,1077,32,13,37,'2016-08-14 14:24:14','2016-08-14 14:24:14',2559),
	(12393,1077,32,14,42,'2016-08-14 14:24:14','2016-08-14 14:24:14',2559),
	(12394,1077,32,15,46,'2016-08-14 14:24:14','2016-08-14 14:24:14',2559),
	(12395,1077,32,16,50,'2016-08-14 14:24:14','2016-08-14 14:24:14',2559),
	(12396,1077,32,17,54,'2016-08-14 14:24:14','2016-08-14 14:24:14',2559),
	(12397,1077,32,18,57,'2016-08-14 14:24:14','2016-08-14 14:24:14',2559),
	(12398,1077,32,19,62,'2016-08-14 14:24:14','2016-08-14 14:24:14',2559),
	(12399,1077,32,20,66,'2016-08-14 14:24:14','2016-08-14 14:24:14',2559),
	(12400,1077,32,21,70,'2016-08-14 14:24:14','2016-08-14 14:24:14',2559),
	(12401,1077,32,22,74,'2016-08-14 14:24:14','2016-08-14 14:24:14',2559),
	(12402,1077,32,23,77,'2016-08-14 14:24:14','2016-08-14 14:24:14',2559),
	(12403,1070,33,24,83,'2016-08-14 14:26:23','2016-08-14 14:26:23',2559),
	(12404,1070,33,26,89,'2016-08-14 14:26:23','2016-08-14 14:26:23',2559),
	(12405,1070,33,27,90,'2016-08-14 14:26:23','2016-08-14 14:26:23',2559),
	(12406,1070,33,28,94,'2016-08-14 14:26:23','2016-08-14 14:26:23',2559),
	(12407,1070,33,29,98,'2016-08-14 14:26:23','2016-08-14 14:26:23',2559),
	(12408,1070,33,30,102,'2016-08-14 14:26:23','2016-08-14 14:26:23',2559),
	(12409,1070,33,31,106,'2016-08-14 14:26:23','2016-08-14 14:26:23',2559),
	(12410,1070,33,32,110,'2016-08-14 14:26:23','2016-08-14 14:26:23',2559),
	(12411,1070,33,33,115,'2016-08-14 14:26:23','2016-08-14 14:26:23',2559),
	(12412,1070,33,34,119,'2016-08-14 14:26:23','2016-08-14 14:26:23',2559),
	(12413,1070,33,35,125,'2016-08-14 14:26:23','2016-08-14 14:26:23',2559),
	(12414,1070,33,36,128,'2016-08-14 14:26:23','2016-08-14 14:26:23',2559),
	(12415,1070,33,37,131,'2016-08-14 14:26:23','2016-08-14 14:26:23',2559),
	(12416,1070,33,38,134,'2016-08-14 14:26:23','2016-08-14 14:26:23',2559),
	(12417,1070,33,39,139,'2016-08-14 14:26:23','2016-08-14 14:26:23',2559),
	(12418,1070,33,40,143,'2016-08-14 14:26:23','2016-08-14 14:26:23',2559),
	(12419,1070,33,41,146,'2016-08-14 14:26:23','2016-08-14 14:26:23',2559),
	(12420,1070,33,42,153,'2016-08-14 14:26:23','2016-08-14 14:26:23',2559),
	(12421,1070,33,43,157,'2016-08-14 14:26:23','2016-08-14 14:26:23',2559),
	(12422,1070,33,44,340,'2016-08-14 14:26:23','2016-08-14 14:26:23',2559),
	(12423,1077,33,24,83,'2016-08-14 14:27:09','2016-08-14 14:27:09',2559),
	(12424,1077,33,26,89,'2016-08-14 14:27:09','2016-08-14 14:27:09',2559),
	(12425,1077,33,27,91,'2016-08-14 14:27:09','2016-08-14 14:27:09',2559),
	(12426,1077,33,28,96,'2016-08-14 14:27:09','2016-08-14 14:27:09',2559),
	(12427,1077,33,29,98,'2016-08-14 14:27:09','2016-08-14 14:27:09',2559),
	(12428,1077,33,30,104,'2016-08-14 14:27:09','2016-08-14 14:27:09',2559),
	(12429,1077,33,31,108,'2016-08-14 14:27:09','2016-08-14 14:27:09',2559),
	(12430,1077,33,32,111,'2016-08-14 14:27:09','2016-08-14 14:27:09',2559),
	(12431,1077,33,33,117,'2016-08-14 14:27:10','2016-08-14 14:27:10',2559),
	(12432,1077,33,34,119,'2016-08-14 14:27:10','2016-08-14 14:27:10',2559),
	(12433,1077,33,35,123,'2016-08-14 14:27:10','2016-08-14 14:27:10',2559),
	(12434,1077,33,36,128,'2016-08-14 14:27:10','2016-08-14 14:27:10',2559),
	(12435,1077,33,37,133,'2016-08-14 14:27:10','2016-08-14 14:27:10',2559),
	(12436,1077,33,38,137,'2016-08-14 14:27:10','2016-08-14 14:27:10',2559),
	(12437,1077,33,39,139,'2016-08-14 14:27:10','2016-08-14 14:27:10',2559),
	(12438,1077,33,40,144,'2016-08-14 14:27:10','2016-08-14 14:27:10',2559),
	(12439,1077,33,41,148,'2016-08-14 14:27:10','2016-08-14 14:27:10',2559),
	(12440,1077,33,42,153,'2016-08-14 14:27:10','2016-08-14 14:27:10',2559),
	(12441,1077,33,43,157,'2016-08-14 14:27:10','2016-08-14 14:27:10',2559),
	(12442,1077,33,44,340,'2016-08-14 14:27:10','2016-08-14 14:27:10',2559),
	(12443,1078,32,4,2,'2016-08-14 14:49:44','2016-08-14 14:49:44',2559),
	(12444,1078,32,5,6,'2016-08-14 14:49:44','2016-08-14 14:49:44',2559),
	(12445,1078,32,6,10,'2016-08-14 14:49:44','2016-08-14 14:49:44',2559),
	(12446,1078,32,7,14,'2016-08-14 14:49:44','2016-08-14 14:49:44',2559),
	(12447,1078,32,8,18,'2016-08-14 14:49:44','2016-08-14 14:49:44',2559),
	(12448,1078,32,9,21,'2016-08-14 14:49:44','2016-08-14 14:49:44',2559),
	(12449,1078,32,10,26,'2016-08-14 14:49:45','2016-08-14 14:49:45',2559),
	(12450,1078,32,11,30,'2016-08-14 14:49:45','2016-08-14 14:49:45',2559),
	(12451,1078,32,12,34,'2016-08-14 14:49:45','2016-08-14 14:49:45',2559),
	(12452,1078,32,13,37,'2016-08-14 14:49:45','2016-08-14 14:49:45',2559),
	(12453,1078,32,14,42,'2016-08-14 14:49:45','2016-08-14 14:49:45',2559),
	(12454,1078,32,15,46,'2016-08-14 14:49:45','2016-08-14 14:49:45',2559),
	(12455,1078,32,16,50,'2016-08-14 14:49:45','2016-08-14 14:49:45',2559),
	(12456,1078,32,17,54,'2016-08-14 14:49:45','2016-08-14 14:49:45',2559),
	(12457,1078,32,18,58,'2016-08-14 14:49:45','2016-08-14 14:49:45',2559),
	(12458,1078,32,19,62,'2016-08-14 14:49:45','2016-08-14 14:49:45',2559),
	(12459,1078,32,20,66,'2016-08-14 14:49:45','2016-08-14 14:49:45',2559),
	(12460,1078,32,21,70,'2016-08-14 14:49:45','2016-08-14 14:49:45',2559),
	(12461,1078,32,22,74,'2016-08-14 14:49:45','2016-08-14 14:49:45',2559),
	(12462,1078,32,23,77,'2016-08-14 14:49:45','2016-08-14 14:49:45',2559),
	(12463,1078,33,24,83,'2016-08-14 14:53:07','2016-08-14 14:53:07',2559),
	(12464,1078,33,26,89,'2016-08-14 14:53:07','2016-08-14 14:53:07',2559),
	(12465,1078,33,27,92,'2016-08-14 14:53:07','2016-08-14 14:53:07',2559),
	(12466,1078,33,28,96,'2016-08-14 14:53:07','2016-08-14 14:53:07',2559),
	(12467,1078,33,29,99,'2016-08-14 14:53:07','2016-08-14 14:53:07',2559),
	(12468,1078,33,30,104,'2016-08-14 14:53:07','2016-08-14 14:53:07',2559),
	(12469,1078,33,31,108,'2016-08-14 14:53:08','2016-08-14 14:53:08',2559),
	(12470,1078,33,32,112,'2016-08-14 14:53:08','2016-08-14 14:53:08',2559),
	(12471,1078,33,33,116,'2016-08-14 14:53:08','2016-08-14 14:53:08',2559),
	(12472,1078,33,34,119,'2016-08-14 14:53:08','2016-08-14 14:53:08',2559),
	(12473,1078,33,35,124,'2016-08-14 14:53:08','2016-08-14 14:53:08',2559),
	(12474,1078,33,36,128,'2016-08-14 14:53:08','2016-08-14 14:53:08',2559),
	(12475,1078,33,37,132,'2016-08-14 14:53:08','2016-08-14 14:53:08',2559),
	(12476,1078,33,38,137,'2016-08-14 14:53:08','2016-08-14 14:53:08',2559),
	(12477,1078,33,39,139,'2016-08-14 14:53:08','2016-08-14 14:53:08',2559),
	(12478,1078,33,40,144,'2016-08-14 14:53:08','2016-08-14 14:53:08',2559),
	(12479,1078,33,41,148,'2016-08-14 14:53:08','2016-08-14 14:53:08',2559),
	(12480,1078,33,42,153,'2016-08-14 14:53:08','2016-08-14 14:53:08',2559),
	(12481,1078,33,43,157,'2016-08-14 14:53:08','2016-08-14 14:53:08',2559),
	(12482,1078,33,44,340,'2016-08-14 14:53:08','2016-08-14 14:53:08',2559),
	(12483,1078,35,57,342,'2016-08-14 15:01:17','2016-08-14 15:01:17',2559),
	(12484,1078,35,58,345,'2016-08-14 15:01:17','2016-08-14 15:01:17',2559),
	(12485,1078,35,59,348,'2016-08-14 15:01:17','2016-08-14 15:01:17',2559),
	(12486,1078,35,60,351,'2016-08-14 15:01:17','2016-08-14 15:01:17',2559),
	(12487,1078,35,61,354,'2016-08-14 15:01:17','2016-08-14 15:01:17',2559),
	(12488,1078,35,62,356,'2016-08-14 15:01:17','2016-08-14 15:01:17',2559),
	(12489,1078,35,63,360,'2016-08-14 15:01:17','2016-08-14 15:01:17',2559),
	(12490,1078,35,64,363,'2016-08-14 15:01:17','2016-08-14 15:01:17',2559),
	(12491,1078,35,65,366,'2016-08-14 15:01:17','2016-08-14 15:01:17',2559),
	(12492,1078,35,66,369,'2016-08-14 15:01:17','2016-08-14 15:01:17',2559),
	(12493,1078,35,67,372,'2016-08-14 15:01:17','2016-08-14 15:01:17',2559),
	(12494,1078,35,68,374,'2016-08-14 15:01:17','2016-08-14 15:01:17',2559),
	(12495,1078,35,69,377,'2016-08-14 15:01:17','2016-08-14 15:01:17',2559),
	(12496,1078,35,70,381,'2016-08-14 15:01:17','2016-08-14 15:01:17',2559),
	(12497,1078,35,71,384,'2016-08-14 15:01:17','2016-08-14 15:01:17',2559),
	(12498,1078,35,72,387,'2016-08-14 15:01:17','2016-08-14 15:01:17',2559),
	(12499,1078,35,73,390,'2016-08-14 15:01:17','2016-08-14 15:01:17',2559),
	(12500,1078,35,74,392,'2016-08-14 15:01:17','2016-08-14 15:01:17',2559),
	(12501,1078,35,75,396,'2016-08-14 15:01:17','2016-08-14 15:01:17',2559),
	(12502,1078,35,76,399,'2016-08-14 15:01:17','2016-08-14 15:01:17',2559),
	(12503,1078,35,77,403,'2016-08-14 15:01:17','2016-08-14 15:01:17',2559),
	(12504,1078,35,78,404,'2016-08-14 15:01:17','2016-08-14 15:01:17',2559),
	(12505,1078,35,79,408,'2016-08-14 15:01:17','2016-08-14 15:01:17',2559),
	(12506,1078,35,80,411,'2016-08-14 15:01:17','2016-08-14 15:01:17',2559),
	(12507,1078,35,81,414,'2016-08-14 15:01:17','2016-08-14 15:01:17',2559),
	(12508,1078,35,82,416,'2016-08-14 15:01:17','2016-08-14 15:01:17',2559),
	(12509,1078,35,83,418,'2016-08-14 15:01:17','2016-08-14 15:01:17',2559),
	(12510,1078,35,86,421,'2016-08-14 15:01:17','2016-08-14 15:01:17',2559),
	(12511,1078,35,87,426,'2016-08-14 15:01:17','2016-08-14 15:01:17',2559),
	(12512,1078,35,88,449,'2016-08-14 15:01:17','2016-08-14 15:01:17',2559),
	(12513,1078,35,88,444,'2016-08-14 15:01:17','2016-08-14 15:01:17',2559),
	(12514,1078,35,88,439,'2016-08-14 15:01:17','2016-08-14 15:01:17',2559),
	(12515,1078,35,88,431,'2016-08-14 15:01:18','2016-08-14 15:01:18',2559),
	(12516,1078,35,89,453,'2016-08-14 15:01:18','2016-08-14 15:01:18',2559),
	(12755,1079,35,57,343,'2016-08-14 16:22:32','2016-08-14 16:22:32',2559),
	(12756,1079,35,57,343,'2016-08-14 16:22:32','2016-08-14 16:22:32',2559),
	(12757,1079,35,58,345,'2016-08-14 16:22:32','2016-08-14 16:22:32',2559),
	(12758,1079,35,58,345,'2016-08-14 16:22:32','2016-08-14 16:22:32',2559),
	(12759,1079,35,59,347,'2016-08-14 16:22:32','2016-08-14 16:22:32',2559),
	(12760,1079,35,59,347,'2016-08-14 16:22:32','2016-08-14 16:22:32',2559),
	(12761,1079,35,60,352,'2016-08-14 16:22:32','2016-08-14 16:22:32',2559),
	(12762,1079,35,60,352,'2016-08-14 16:22:32','2016-08-14 16:22:32',2559),
	(12763,1079,35,61,354,'2016-08-14 16:22:32','2016-08-14 16:22:32',2559),
	(12764,1079,35,61,354,'2016-08-14 16:22:32','2016-08-14 16:22:32',2559),
	(12765,1079,35,62,357,'2016-08-14 16:22:32','2016-08-14 16:22:32',2559),
	(12766,1079,35,62,357,'2016-08-14 16:22:32','2016-08-14 16:22:32',2559),
	(12767,1079,35,63,360,'2016-08-14 16:22:32','2016-08-14 16:22:32',2559),
	(12768,1079,35,63,360,'2016-08-14 16:22:32','2016-08-14 16:22:32',2559),
	(12769,1079,35,64,364,'2016-08-14 16:22:32','2016-08-14 16:22:32',2559),
	(12770,1079,35,64,364,'2016-08-14 16:22:32','2016-08-14 16:22:32',2559),
	(12771,1079,35,65,366,'2016-08-14 16:22:32','2016-08-14 16:22:32',2559),
	(12772,1079,35,65,366,'2016-08-14 16:22:32','2016-08-14 16:22:32',2559),
	(12773,1079,35,66,368,'2016-08-14 16:22:32','2016-08-14 16:22:32',2559),
	(12774,1079,35,66,368,'2016-08-14 16:22:32','2016-08-14 16:22:32',2559),
	(12775,1079,35,67,373,'2016-08-14 16:22:32','2016-08-14 16:22:32',2559),
	(12776,1079,35,67,373,'2016-08-14 16:22:32','2016-08-14 16:22:32',2559),
	(12777,1079,35,68,374,'2016-08-14 16:22:32','2016-08-14 16:22:32',2559),
	(12778,1079,35,68,374,'2016-08-14 16:22:32','2016-08-14 16:22:32',2559),
	(12779,1079,35,69,377,'2016-08-14 16:22:32','2016-08-14 16:22:32',2559),
	(12780,1079,35,69,377,'2016-08-14 16:22:32','2016-08-14 16:22:32',2559),
	(12781,1079,35,70,381,'2016-08-14 16:22:32','2016-08-14 16:22:32',2559),
	(12782,1079,35,70,381,'2016-08-14 16:22:32','2016-08-14 16:22:32',2559),
	(12783,1079,35,71,384,'2016-08-14 16:22:32','2016-08-14 16:22:32',2559),
	(12784,1079,35,71,384,'2016-08-14 16:22:32','2016-08-14 16:22:32',2559),
	(12785,1079,35,72,387,'2016-08-14 16:22:32','2016-08-14 16:22:32',2559),
	(12786,1079,35,72,387,'2016-08-14 16:22:32','2016-08-14 16:22:32',2559),
	(12787,1079,35,73,391,'2016-08-14 16:22:32','2016-08-14 16:22:32',2559),
	(12788,1079,35,73,391,'2016-08-14 16:22:33','2016-08-14 16:22:33',2559),
	(12789,1079,35,74,393,'2016-08-14 16:22:33','2016-08-14 16:22:33',2559),
	(12790,1079,35,74,393,'2016-08-14 16:22:33','2016-08-14 16:22:33',2559),
	(12791,1079,35,75,395,'2016-08-14 16:22:33','2016-08-14 16:22:33',2559),
	(12792,1079,35,75,395,'2016-08-14 16:22:33','2016-08-14 16:22:33',2559),
	(12793,1079,35,76,400,'2016-08-14 16:22:33','2016-08-14 16:22:33',2559),
	(12794,1079,35,76,400,'2016-08-14 16:22:33','2016-08-14 16:22:33',2559),
	(12795,1079,35,77,402,'2016-08-14 16:22:33','2016-08-14 16:22:33',2559),
	(12796,1079,35,77,402,'2016-08-14 16:22:33','2016-08-14 16:22:33',2559),
	(12797,1079,35,78,404,'2016-08-14 16:22:33','2016-08-14 16:22:33',2559),
	(12798,1079,35,78,404,'2016-08-14 16:22:33','2016-08-14 16:22:33',2559),
	(12799,1079,35,79,408,'2016-08-14 16:22:33','2016-08-14 16:22:33',2559),
	(12800,1079,35,79,408,'2016-08-14 16:22:33','2016-08-14 16:22:33',2559),
	(12801,1079,35,80,410,'2016-08-14 16:22:33','2016-08-14 16:22:33',2559),
	(12802,1079,35,80,410,'2016-08-14 16:22:33','2016-08-14 16:22:33',2559),
	(12803,1079,35,81,415,'2016-08-14 16:22:33','2016-08-14 16:22:33',2559),
	(12804,1079,35,81,415,'2016-08-14 16:22:33','2016-08-14 16:22:33',2559),
	(12805,1079,35,82,416,'2016-08-14 16:22:33','2016-08-14 16:22:33',2559),
	(12806,1079,35,82,416,'2016-08-14 16:22:33','2016-08-14 16:22:33',2559),
	(12807,1079,35,83,418,'2016-08-14 16:22:33','2016-08-14 16:22:33',2559),
	(12808,1079,35,83,418,'2016-08-14 16:22:33','2016-08-14 16:22:33',2559),
	(12809,1079,35,86,422,'2016-08-14 16:22:33','2016-08-14 16:22:33',2559),
	(12810,1079,35,86,422,'2016-08-14 16:22:33','2016-08-14 16:22:33',2559),
	(12811,1079,35,87,425,'2016-08-14 16:22:33','2016-08-14 16:22:33',2559),
	(12812,1079,35,87,425,'2016-08-14 16:22:33','2016-08-14 16:22:33',2559),
	(12813,1079,35,88,448,'2016-08-14 16:22:33','2016-08-14 16:22:33',2559),
	(12814,1079,35,88,448,'2016-08-14 16:22:33','2016-08-14 16:22:33',2559),
	(12815,1079,35,88,443,'2016-08-14 16:22:33','2016-08-14 16:22:33',2559),
	(12816,1079,35,88,443,'2016-08-14 16:22:33','2016-08-14 16:22:33',2559),
	(12817,1079,35,88,438,'2016-08-14 16:22:33','2016-08-14 16:22:33',2559),
	(12818,1079,35,88,438,'2016-08-14 16:22:33','2016-08-14 16:22:33',2559),
	(12819,1079,35,88,430,'2016-08-14 16:22:33','2016-08-14 16:22:33',2559),
	(12820,1079,35,88,430,'2016-08-14 16:22:33','2016-08-14 16:22:33',2559),
	(12821,1079,35,89,452,'2016-08-14 16:22:33','2016-08-14 16:22:33',2559),
	(12822,1079,35,89,452,'2016-08-14 16:22:33','2016-08-14 16:22:33',2559),
	(12889,1080,35,57,342,'2016-08-14 22:42:37','2016-08-14 22:42:37',2559),
	(12890,1080,35,58,344,'2016-08-14 22:42:37','2016-08-14 22:42:37',2559),
	(12891,1080,35,59,348,'2016-08-14 22:42:37','2016-08-14 22:42:37',2559),
	(12892,1080,35,60,351,'2016-08-14 22:42:37','2016-08-14 22:42:37',2559),
	(12893,1080,35,61,354,'2016-08-14 22:42:37','2016-08-14 22:42:37',2559),
	(12894,1080,35,62,356,'2016-08-14 22:42:37','2016-08-14 22:42:37',2559),
	(12895,1080,35,63,359,'2016-08-14 22:42:37','2016-08-14 22:42:37',2559),
	(12896,1080,35,64,363,'2016-08-14 22:42:37','2016-08-14 22:42:37',2559),
	(12897,1080,35,65,366,'2016-08-14 22:42:37','2016-08-14 22:42:37',2559),
	(12898,1080,35,66,370,'2016-08-14 22:42:37','2016-08-14 22:42:37',2559),
	(12899,1080,35,67,372,'2016-08-14 22:42:37','2016-08-14 22:42:37',2559),
	(12900,1080,35,68,375,'2016-08-14 22:42:37','2016-08-14 22:42:37',2559),
	(12901,1080,35,69,378,'2016-08-14 22:42:37','2016-08-14 22:42:37',2559),
	(12902,1080,35,70,380,'2016-08-14 22:42:37','2016-08-14 22:42:37',2559),
	(12903,1080,35,71,384,'2016-08-14 22:42:37','2016-08-14 22:42:37',2559),
	(12904,1080,35,72,387,'2016-08-14 22:42:37','2016-08-14 22:42:37',2559),
	(12905,1080,35,73,389,'2016-08-14 22:42:37','2016-08-14 22:42:37',2559),
	(12906,1080,35,74,392,'2016-08-14 22:42:37','2016-08-14 22:42:37',2559),
	(12907,1080,35,75,396,'2016-08-14 22:42:37','2016-08-14 22:42:37',2559),
	(12908,1080,35,76,399,'2016-08-14 22:42:37','2016-08-14 22:42:37',2559),
	(12909,1080,35,77,401,'2016-08-14 22:42:37','2016-08-14 22:42:37',2559),
	(12910,1080,35,78,404,'2016-08-14 22:42:37','2016-08-14 22:42:37',2559),
	(12911,1080,35,79,407,'2016-08-14 22:42:37','2016-08-14 22:42:37',2559),
	(12912,1080,35,80,410,'2016-08-14 22:42:37','2016-08-14 22:42:37',2559),
	(12913,1080,35,81,415,'2016-08-14 22:42:38','2016-08-14 22:42:38',2559),
	(12914,1080,35,82,416,'2016-08-14 22:42:38','2016-08-14 22:42:38',2559),
	(12915,1080,35,83,418,'2016-08-14 22:42:38','2016-08-14 22:42:38',2559),
	(12916,1080,35,86,421,'2016-08-14 22:42:38','2016-08-14 22:42:38',2559),
	(12917,1080,35,87,426,'2016-08-14 22:42:38','2016-08-14 22:42:38',2559),
	(12918,1080,35,88,445,'2016-08-14 22:42:38','2016-08-14 22:42:38',2559),
	(12919,1080,35,88,439,'2016-08-14 22:42:38','2016-08-14 22:42:38',2559),
	(12920,1080,35,88,431,'2016-08-14 22:42:38','2016-08-14 22:42:38',2559),
	(12921,1080,35,89,452,'2016-08-14 22:42:38','2016-08-14 22:42:38',2559),
	(12942,1081,32,4,2,'2016-08-15 00:37:24','2016-08-15 00:37:24',2559),
	(12943,1081,32,5,6,'2016-08-15 00:37:24','2016-08-15 00:37:24',2559),
	(12944,1081,32,6,9,'2016-08-15 00:37:24','2016-08-15 00:37:24',2559),
	(12945,1081,32,7,14,'2016-08-15 00:37:24','2016-08-15 00:37:24',2559),
	(12946,1081,32,8,17,'2016-08-15 00:37:24','2016-08-15 00:37:24',2559),
	(12947,1081,32,9,22,'2016-08-15 00:37:24','2016-08-15 00:37:24',2559),
	(12948,1081,32,10,26,'2016-08-15 00:37:24','2016-08-15 00:37:24',2559),
	(12949,1081,32,11,29,'2016-08-15 00:37:24','2016-08-15 00:37:24',2559),
	(12950,1081,32,12,33,'2016-08-15 00:37:24','2016-08-15 00:37:24',2559),
	(12951,1081,32,13,38,'2016-08-15 00:37:24','2016-08-15 00:37:24',2559),
	(12952,1081,32,14,42,'2016-08-15 00:37:24','2016-08-15 00:37:24',2559),
	(12953,1081,32,15,46,'2016-08-15 00:37:24','2016-08-15 00:37:24',2559),
	(12954,1081,32,16,50,'2016-08-15 00:37:24','2016-08-15 00:37:24',2559),
	(12955,1081,32,17,54,'2016-08-15 00:37:24','2016-08-15 00:37:24',2559),
	(12956,1081,32,18,58,'2016-08-15 00:37:24','2016-08-15 00:37:24',2559),
	(12957,1081,32,19,62,'2016-08-15 00:37:24','2016-08-15 00:37:24',2559),
	(12958,1081,32,20,66,'2016-08-15 00:37:24','2016-08-15 00:37:24',2559),
	(12959,1081,32,21,70,'2016-08-15 00:37:24','2016-08-15 00:37:24',2559),
	(12960,1081,32,22,73,'2016-08-15 00:37:24','2016-08-15 00:37:24',2559),
	(12961,1081,32,23,78,'2016-08-15 00:37:24','2016-08-15 00:37:24',2559),
	(12962,1081,33,24,83,'2016-08-15 00:40:20','2016-08-15 00:40:20',2559),
	(12963,1081,33,26,89,'2016-08-15 00:40:20','2016-08-15 00:40:20',2559),
	(12964,1081,33,27,91,'2016-08-15 00:40:20','2016-08-15 00:40:20',2559),
	(12965,1081,33,28,95,'2016-08-15 00:40:20','2016-08-15 00:40:20',2559),
	(12966,1081,33,29,98,'2016-08-15 00:40:20','2016-08-15 00:40:20',2559),
	(12967,1081,33,30,104,'2016-08-15 00:40:20','2016-08-15 00:40:20',2559),
	(12968,1081,33,31,108,'2016-08-15 00:40:20','2016-08-15 00:40:20',2559),
	(12969,1081,33,32,111,'2016-08-15 00:40:20','2016-08-15 00:40:20',2559),
	(12970,1081,33,33,116,'2016-08-15 00:40:20','2016-08-15 00:40:20',2559),
	(12971,1081,33,34,118,'2016-08-15 00:40:20','2016-08-15 00:40:20',2559),
	(12972,1081,33,35,123,'2016-08-15 00:40:20','2016-08-15 00:40:20',2559),
	(12973,1081,33,36,128,'2016-08-15 00:40:20','2016-08-15 00:40:20',2559),
	(12974,1081,33,37,132,'2016-08-15 00:40:20','2016-08-15 00:40:20',2559),
	(12975,1081,33,38,137,'2016-08-15 00:40:20','2016-08-15 00:40:20',2559),
	(12976,1081,33,39,139,'2016-08-15 00:40:20','2016-08-15 00:40:20',2559),
	(12977,1081,33,40,144,'2016-08-15 00:40:20','2016-08-15 00:40:20',2559),
	(12978,1081,33,41,148,'2016-08-15 00:40:20','2016-08-15 00:40:20',2559),
	(12979,1081,33,42,153,'2016-08-15 00:40:20','2016-08-15 00:40:20',2559),
	(12980,1081,33,43,157,'2016-08-15 00:40:21','2016-08-15 00:40:21',2559),
	(12981,1081,33,44,340,'2016-08-15 00:40:21','2016-08-15 00:40:21',2559),
	(12982,1082,35,57,343,'2016-08-15 01:28:10','2016-08-15 01:28:10',2559),
	(12983,1082,35,58,344,'2016-08-15 01:28:10','2016-08-15 01:28:10',2559),
	(12984,1082,35,59,347,'2016-08-15 01:28:10','2016-08-15 01:28:10',2559),
	(12985,1082,35,60,351,'2016-08-15 01:28:10','2016-08-15 01:28:10',2559),
	(12986,1082,35,61,355,'2016-08-15 01:28:10','2016-08-15 01:28:10',2559),
	(12987,1082,35,62,356,'2016-08-15 01:28:10','2016-08-15 01:28:10',2559),
	(12988,1082,35,63,360,'2016-08-15 01:28:10','2016-08-15 01:28:10',2559),
	(12989,1082,35,64,362,'2016-08-15 01:28:10','2016-08-15 01:28:10',2559),
	(12990,1082,35,65,367,'2016-08-15 01:28:10','2016-08-15 01:28:10',2559),
	(12991,1082,35,66,368,'2016-08-15 01:28:10','2016-08-15 01:28:10',2559),
	(12992,1082,35,67,373,'2016-08-15 01:28:10','2016-08-15 01:28:10',2559),
	(12993,1082,35,68,375,'2016-08-15 01:28:10','2016-08-15 01:28:10',2559),
	(12994,1082,35,69,377,'2016-08-15 01:28:10','2016-08-15 01:28:10',2559),
	(12995,1082,35,70,382,'2016-08-15 01:28:10','2016-08-15 01:28:10',2559),
	(12996,1082,35,71,384,'2016-08-15 01:28:10','2016-08-15 01:28:10',2559),
	(12997,1082,35,72,387,'2016-08-15 01:28:10','2016-08-15 01:28:10',2559),
	(12998,1082,35,73,391,'2016-08-15 01:28:10','2016-08-15 01:28:10',2559),
	(12999,1082,35,74,392,'2016-08-15 01:28:10','2016-08-15 01:28:10',2559),
	(13000,1082,35,75,397,'2016-08-15 01:28:10','2016-08-15 01:28:10',2559),
	(13001,1082,35,76,400,'2016-08-15 01:28:10','2016-08-15 01:28:10',2559),
	(13002,1082,35,77,403,'2016-08-15 01:28:10','2016-08-15 01:28:10',2559),
	(13003,1082,35,78,404,'2016-08-15 01:28:10','2016-08-15 01:28:10',2559),
	(13004,1082,35,79,409,'2016-08-15 01:28:10','2016-08-15 01:28:10',2559),
	(13005,1082,35,80,410,'2016-08-15 01:28:10','2016-08-15 01:28:10',2559),
	(13006,1082,35,81,415,'2016-08-15 01:28:10','2016-08-15 01:28:10',2559),
	(13007,1082,35,82,416,'2016-08-15 01:28:10','2016-08-15 01:28:10',2559),
	(13008,1082,35,83,417,'2016-08-15 01:28:10','2016-08-15 01:28:10',2559),
	(13009,1082,35,87,425,'2016-08-15 01:28:10','2016-08-15 01:28:10',2559),
	(13010,1082,35,88,448,'2016-08-15 01:28:10','2016-08-15 01:28:10',2559),
	(13011,1082,35,88,443,'2016-08-15 01:28:10','2016-08-15 01:28:10',2559),
	(13012,1082,35,88,438,'2016-08-15 01:28:11','2016-08-15 01:28:11',2559),
	(13013,1082,35,88,430,'2016-08-15 01:28:11','2016-08-15 01:28:11',2559),
	(13014,1082,35,89,452,'2016-08-15 01:28:11','2016-08-15 01:28:11',2559),
	(13015,1083,35,57,341,'2016-08-15 05:30:59','2016-08-15 05:30:59',2559),
	(13016,1083,35,58,346,'2016-08-15 05:30:59','2016-08-15 05:30:59',2559),
	(13017,1083,35,59,347,'2016-08-15 05:30:59','2016-08-15 05:30:59',2559),
	(13018,1083,35,60,351,'2016-08-15 05:30:59','2016-08-15 05:30:59',2559),
	(13019,1083,35,61,354,'2016-08-15 05:30:59','2016-08-15 05:30:59',2559),
	(13020,1083,35,62,356,'2016-08-15 05:30:59','2016-08-15 05:30:59',2559),
	(13021,1083,35,63,359,'2016-08-15 05:30:59','2016-08-15 05:30:59',2559),
	(13022,1083,35,64,363,'2016-08-15 05:30:59','2016-08-15 05:30:59',2559),
	(13023,1083,35,65,365,'2016-08-15 05:30:59','2016-08-15 05:30:59',2559),
	(13024,1083,35,66,368,'2016-08-15 05:30:59','2016-08-15 05:30:59',2559),
	(13025,1083,35,67,373,'2016-08-15 05:30:59','2016-08-15 05:30:59',2559),
	(13026,1083,35,68,374,'2016-08-15 05:30:59','2016-08-15 05:30:59',2559),
	(13027,1083,35,69,377,'2016-08-15 05:30:59','2016-08-15 05:30:59',2559),
	(13028,1083,35,70,382,'2016-08-15 05:30:59','2016-08-15 05:30:59',2559),
	(13029,1083,35,71,384,'2016-08-15 05:31:00','2016-08-15 05:31:00',2559),
	(13030,1083,35,72,388,'2016-08-15 05:31:00','2016-08-15 05:31:00',2559),
	(13031,1083,35,73,390,'2016-08-15 05:31:00','2016-08-15 05:31:00',2559),
	(13032,1083,35,74,394,'2016-08-15 05:31:00','2016-08-15 05:31:00',2559),
	(13033,1083,35,75,397,'2016-08-15 05:31:00','2016-08-15 05:31:00',2559),
	(13034,1083,35,76,399,'2016-08-15 05:31:00','2016-08-15 05:31:00',2559),
	(13035,1083,35,77,402,'2016-08-15 05:31:00','2016-08-15 05:31:00',2559),
	(13036,1083,35,78,404,'2016-08-15 05:31:00','2016-08-15 05:31:00',2559),
	(13037,1083,35,79,407,'2016-08-15 05:31:00','2016-08-15 05:31:00',2559),
	(13038,1083,35,80,412,'2016-08-15 05:31:00','2016-08-15 05:31:00',2559),
	(13039,1083,35,81,414,'2016-08-15 05:31:00','2016-08-15 05:31:00',2559),
	(13040,1083,35,82,416,'2016-08-15 05:31:00','2016-08-15 05:31:00',2559),
	(13041,1083,35,83,418,'2016-08-15 05:31:00','2016-08-15 05:31:00',2559),
	(13042,1083,35,86,422,'2016-08-15 05:31:00','2016-08-15 05:31:00',2559),
	(13043,1083,35,87,426,'2016-08-15 05:31:00','2016-08-15 05:31:00',2559),
	(13044,1083,35,88,449,'2016-08-15 05:31:00','2016-08-15 05:31:00',2559),
	(13045,1083,35,88,443,'2016-08-15 05:31:00','2016-08-15 05:31:00',2559),
	(13046,1083,35,88,438,'2016-08-15 05:31:00','2016-08-15 05:31:00',2559),
	(13047,1083,35,88,430,'2016-08-15 05:31:00','2016-08-15 05:31:00',2559),
	(13048,1083,35,89,452,'2016-08-15 05:31:00','2016-08-15 05:31:00',2559),
	(13117,1084,35,57,343,'2016-08-15 11:56:00','2016-08-15 11:56:00',2559),
	(13118,1084,35,58,346,'2016-08-15 11:56:00','2016-08-15 11:56:00',2559),
	(13119,1084,35,59,347,'2016-08-15 11:56:00','2016-08-15 11:56:00',2559),
	(13120,1084,35,60,352,'2016-08-15 11:56:00','2016-08-15 11:56:00',2559),
	(13121,1084,35,61,353,'2016-08-15 11:56:00','2016-08-15 11:56:00',2559),
	(13122,1084,35,62,356,'2016-08-15 11:56:00','2016-08-15 11:56:00',2559),
	(13123,1084,35,63,360,'2016-08-15 11:56:00','2016-08-15 11:56:00',2559),
	(13124,1084,35,64,363,'2016-08-15 11:56:00','2016-08-15 11:56:00',2559),
	(13125,1084,35,65,365,'2016-08-15 11:56:00','2016-08-15 11:56:00',2559),
	(13126,1084,35,66,368,'2016-08-15 11:56:00','2016-08-15 11:56:00',2559),
	(13127,1084,35,67,373,'2016-08-15 11:56:00','2016-08-15 11:56:00',2559),
	(13128,1084,35,68,374,'2016-08-15 11:56:00','2016-08-15 11:56:00',2559),
	(13129,1084,35,69,377,'2016-08-15 11:56:00','2016-08-15 11:56:00',2559),
	(13130,1084,35,70,381,'2016-08-15 11:56:00','2016-08-15 11:56:00',2559),
	(13131,1084,35,71,384,'2016-08-15 11:56:00','2016-08-15 11:56:00',2559),
	(13132,1084,35,72,387,'2016-08-15 11:56:00','2016-08-15 11:56:00',2559),
	(13133,1084,35,73,390,'2016-08-15 11:56:00','2016-08-15 11:56:00',2559),
	(13134,1084,35,74,392,'2016-08-15 11:56:00','2016-08-15 11:56:00',2559),
	(13135,1084,35,75,395,'2016-08-15 11:56:00','2016-08-15 11:56:00',2559),
	(13136,1084,35,76,399,'2016-08-15 11:56:00','2016-08-15 11:56:00',2559),
	(13137,1084,35,77,402,'2016-08-15 11:56:00','2016-08-15 11:56:00',2559),
	(13138,1084,35,78,404,'2016-08-15 11:56:00','2016-08-15 11:56:00',2559),
	(13139,1084,35,79,407,'2016-08-15 11:56:00','2016-08-15 11:56:00',2559),
	(13140,1084,35,80,412,'2016-08-15 11:56:00','2016-08-15 11:56:00',2559),
	(13141,1084,35,81,414,'2016-08-15 11:56:00','2016-08-15 11:56:00',2559),
	(13142,1084,35,82,416,'2016-08-15 11:56:00','2016-08-15 11:56:00',2559),
	(13143,1084,35,83,418,'2016-08-15 11:56:00','2016-08-15 11:56:00',2559),
	(13144,1084,35,86,424,'2016-08-15 11:56:00','2016-08-15 11:56:00',2559),
	(13145,1084,35,87,425,'2016-08-15 11:56:01','2016-08-15 11:56:01',2559),
	(13146,1084,35,88,448,'2016-08-15 11:56:01','2016-08-15 11:56:01',2559),
	(13147,1084,35,88,443,'2016-08-15 11:56:01','2016-08-15 11:56:01',2559),
	(13148,1084,35,88,438,'2016-08-15 11:56:01','2016-08-15 11:56:01',2559),
	(13149,1084,35,88,431,'2016-08-15 11:56:01','2016-08-15 11:56:01',2559),
	(13150,1084,35,89,452,'2016-08-15 11:56:01','2016-08-15 11:56:01',2559),
	(13271,1085,32,4,2,'2016-08-15 13:12:00','2016-08-15 13:12:00',2559),
	(13272,1085,32,5,6,'2016-08-15 13:12:01','2016-08-15 13:12:01',2559),
	(13273,1085,32,6,10,'2016-08-15 13:12:01','2016-08-15 13:12:01',2559),
	(13274,1085,32,7,14,'2016-08-15 13:12:01','2016-08-15 13:12:01',2559),
	(13275,1085,32,8,18,'2016-08-15 13:12:01','2016-08-15 13:12:01',2559),
	(13276,1085,32,9,22,'2016-08-15 13:12:01','2016-08-15 13:12:01',2559),
	(13277,1085,32,10,27,'2016-08-15 13:12:01','2016-08-15 13:12:01',2559),
	(13278,1085,32,11,31,'2016-08-15 13:12:01','2016-08-15 13:12:01',2559),
	(13279,1085,32,12,34,'2016-08-15 13:12:01','2016-08-15 13:12:01',2559),
	(13280,1085,32,13,38,'2016-08-15 13:12:01','2016-08-15 13:12:01',2559),
	(13281,1085,32,14,42,'2016-08-15 13:12:01','2016-08-15 13:12:01',2559),
	(13282,1085,32,15,46,'2016-08-15 13:12:01','2016-08-15 13:12:01',2559),
	(13283,1085,32,16,49,'2016-08-15 13:12:01','2016-08-15 13:12:01',2559),
	(13284,1085,32,17,53,'2016-08-15 13:12:01','2016-08-15 13:12:01',2559),
	(13285,1085,32,18,59,'2016-08-15 13:12:01','2016-08-15 13:12:01',2559),
	(13286,1085,32,19,63,'2016-08-15 13:12:01','2016-08-15 13:12:01',2559),
	(13287,1085,32,20,65,'2016-08-15 13:12:01','2016-08-15 13:12:01',2559),
	(13288,1085,32,21,71,'2016-08-15 13:12:01','2016-08-15 13:12:01',2559),
	(13289,1085,32,22,74,'2016-08-15 13:12:01','2016-08-15 13:12:01',2559),
	(13290,1085,32,23,79,'2016-08-15 13:12:01','2016-08-15 13:12:01',2559),
	(13291,1085,33,24,81,'2016-08-15 13:16:49','2016-08-15 13:16:49',2559),
	(13292,1085,33,26,88,'2016-08-15 13:16:49','2016-08-15 13:16:49',2559),
	(13293,1085,33,27,91,'2016-08-15 13:16:49','2016-08-15 13:16:49',2559),
	(13294,1085,33,28,95,'2016-08-15 13:16:49','2016-08-15 13:16:49',2559),
	(13295,1085,33,29,99,'2016-08-15 13:16:49','2016-08-15 13:16:49',2559),
	(13296,1085,33,30,104,'2016-08-15 13:16:49','2016-08-15 13:16:49',2559),
	(13297,1085,33,31,108,'2016-08-15 13:16:49','2016-08-15 13:16:49',2559),
	(13298,1085,33,32,110,'2016-08-15 13:16:49','2016-08-15 13:16:49',2559),
	(13299,1085,33,33,115,'2016-08-15 13:16:49','2016-08-15 13:16:49',2559),
	(13300,1085,33,34,119,'2016-08-15 13:16:49','2016-08-15 13:16:49',2559),
	(13301,1085,33,35,123,'2016-08-15 13:16:49','2016-08-15 13:16:49',2559),
	(13302,1085,33,36,128,'2016-08-15 13:16:49','2016-08-15 13:16:49',2559),
	(13303,1085,33,37,132,'2016-08-15 13:16:49','2016-08-15 13:16:49',2559),
	(13304,1085,33,38,137,'2016-08-15 13:16:49','2016-08-15 13:16:49',2559),
	(13305,1085,33,39,140,'2016-08-15 13:16:49','2016-08-15 13:16:49',2559),
	(13306,1085,33,40,145,'2016-08-15 13:16:49','2016-08-15 13:16:49',2559),
	(13307,1085,33,41,147,'2016-08-15 13:16:49','2016-08-15 13:16:49',2559),
	(13308,1085,33,42,152,'2016-08-15 13:16:49','2016-08-15 13:16:49',2559),
	(13309,1085,33,43,156,'2016-08-15 13:16:49','2016-08-15 13:16:49',2559),
	(13310,1085,33,44,340,'2016-08-15 13:16:49','2016-08-15 13:16:49',2559),
	(13484,1086,35,60,351,'2016-08-16 12:11:48','2016-08-16 12:11:48',2559),
	(13485,1086,35,57,342,'2016-08-16 12:11:48','2016-08-16 12:11:48',2559),
	(13486,1086,35,61,355,'2016-08-16 12:11:48','2016-08-16 12:11:48',2559),
	(13487,1086,35,58,344,'2016-08-16 12:11:48','2016-08-16 12:11:48',2559),
	(13488,1086,35,62,358,'2016-08-16 12:11:48','2016-08-16 12:11:48',2559),
	(13489,1086,35,59,348,'2016-08-16 12:11:48','2016-08-16 12:11:48',2559),
	(13490,1086,35,63,360,'2016-08-16 12:11:48','2016-08-16 12:11:48',2559),
	(13491,1086,35,60,351,'2016-08-16 12:11:48','2016-08-16 12:11:48',2559),
	(13492,1086,35,64,363,'2016-08-16 12:11:48','2016-08-16 12:11:48',2559),
	(13493,1086,35,61,355,'2016-08-16 12:11:48','2016-08-16 12:11:48',2559),
	(13494,1086,35,65,366,'2016-08-16 12:11:48','2016-08-16 12:11:48',2559),
	(13495,1086,35,62,358,'2016-08-16 12:11:48','2016-08-16 12:11:48',2559),
	(13496,1086,35,66,368,'2016-08-16 12:11:48','2016-08-16 12:11:48',2559),
	(13497,1086,35,63,360,'2016-08-16 12:11:48','2016-08-16 12:11:48',2559),
	(13498,1086,35,67,373,'2016-08-16 12:11:48','2016-08-16 12:11:48',2559),
	(13499,1086,35,64,363,'2016-08-16 12:11:48','2016-08-16 12:11:48',2559),
	(13500,1086,35,68,375,'2016-08-16 12:11:48','2016-08-16 12:11:48',2559),
	(13501,1086,35,65,366,'2016-08-16 12:11:48','2016-08-16 12:11:48',2559),
	(13502,1086,35,69,378,'2016-08-16 12:11:48','2016-08-16 12:11:48',2559),
	(13503,1086,35,66,368,'2016-08-16 12:11:48','2016-08-16 12:11:48',2559),
	(13504,1086,35,70,381,'2016-08-16 12:11:48','2016-08-16 12:11:48',2559),
	(13505,1086,35,67,373,'2016-08-16 12:11:48','2016-08-16 12:11:48',2559),
	(13506,1086,35,71,384,'2016-08-16 12:11:48','2016-08-16 12:11:48',2559),
	(13507,1086,35,68,375,'2016-08-16 12:11:48','2016-08-16 12:11:48',2559),
	(13508,1086,35,72,387,'2016-08-16 12:11:48','2016-08-16 12:11:48',2559),
	(13509,1086,35,69,378,'2016-08-16 12:11:48','2016-08-16 12:11:48',2559),
	(13510,1086,35,73,390,'2016-08-16 12:11:48','2016-08-16 12:11:48',2559),
	(13511,1086,35,70,381,'2016-08-16 12:11:48','2016-08-16 12:11:48',2559),
	(13512,1086,35,74,392,'2016-08-16 12:11:48','2016-08-16 12:11:48',2559),
	(13513,1086,35,71,384,'2016-08-16 12:11:49','2016-08-16 12:11:49',2559),
	(13514,1086,35,75,395,'2016-08-16 12:11:49','2016-08-16 12:11:49',2559),
	(13515,1086,35,72,387,'2016-08-16 12:11:49','2016-08-16 12:11:49',2559),
	(13516,1086,35,76,399,'2016-08-16 12:11:49','2016-08-16 12:11:49',2559),
	(13517,1086,35,73,390,'2016-08-16 12:11:49','2016-08-16 12:11:49',2559),
	(13518,1086,35,77,402,'2016-08-16 12:11:49','2016-08-16 12:11:49',2559),
	(13519,1086,35,74,392,'2016-08-16 12:11:49','2016-08-16 12:11:49',2559),
	(13520,1086,35,78,404,'2016-08-16 12:11:49','2016-08-16 12:11:49',2559),
	(13521,1086,35,75,395,'2016-08-16 12:11:49','2016-08-16 12:11:49',2559),
	(13522,1086,35,79,407,'2016-08-16 12:11:49','2016-08-16 12:11:49',2559),
	(13523,1086,35,76,399,'2016-08-16 12:11:49','2016-08-16 12:11:49',2559),
	(13524,1086,35,80,410,'2016-08-16 12:11:49','2016-08-16 12:11:49',2559),
	(13525,1086,35,77,402,'2016-08-16 12:11:49','2016-08-16 12:11:49',2559),
	(13526,1086,35,81,415,'2016-08-16 12:11:49','2016-08-16 12:11:49',2559),
	(13527,1086,35,78,404,'2016-08-16 12:11:49','2016-08-16 12:11:49',2559),
	(13528,1086,35,82,416,'2016-08-16 12:11:49','2016-08-16 12:11:49',2559),
	(13529,1086,35,79,407,'2016-08-16 12:11:49','2016-08-16 12:11:49',2559),
	(13530,1086,35,83,418,'2016-08-16 12:11:49','2016-08-16 12:11:49',2559),
	(13531,1086,35,80,410,'2016-08-16 12:11:49','2016-08-16 12:11:49',2559),
	(13532,1086,35,86,424,'2016-08-16 12:11:49','2016-08-16 12:11:49',2559),
	(13533,1086,35,81,415,'2016-08-16 12:11:49','2016-08-16 12:11:49',2559),
	(13534,1086,35,87,426,'2016-08-16 12:11:49','2016-08-16 12:11:49',2559),
	(13535,1086,35,82,416,'2016-08-16 12:11:49','2016-08-16 12:11:49',2559),
	(13536,1086,35,88,448,'2016-08-16 12:11:49','2016-08-16 12:11:49',2559),
	(13537,1086,35,83,418,'2016-08-16 12:11:49','2016-08-16 12:11:49',2559),
	(13538,1086,35,88,444,'2016-08-16 12:11:49','2016-08-16 12:11:49',2559),
	(13539,1086,35,86,424,'2016-08-16 12:11:49','2016-08-16 12:11:49',2559),
	(13540,1086,35,88,439,'2016-08-16 12:11:49','2016-08-16 12:11:49',2559),
	(13541,1086,35,87,426,'2016-08-16 12:11:49','2016-08-16 12:11:49',2559),
	(13542,1086,35,88,432,'2016-08-16 12:11:49','2016-08-16 12:11:49',2559),
	(13543,1086,35,88,448,'2016-08-16 12:11:49','2016-08-16 12:11:49',2559),
	(13544,1086,35,89,452,'2016-08-16 12:11:49','2016-08-16 12:11:49',2559),
	(13545,1086,35,88,444,'2016-08-16 12:11:49','2016-08-16 12:11:49',2559),
	(13546,1086,35,88,439,'2016-08-16 12:11:49','2016-08-16 12:11:49',2559),
	(13547,1086,35,88,432,'2016-08-16 12:11:49','2016-08-16 12:11:49',2559),
	(13548,1086,35,89,452,'2016-08-16 12:11:50','2016-08-16 12:11:50',2559),
	(13615,1087,35,57,343,'2016-08-16 12:34:19','2016-08-16 12:34:19',2559),
	(13616,1087,35,58,345,'2016-08-16 12:34:19','2016-08-16 12:34:19',2559),
	(13617,1087,35,59,347,'2016-08-16 12:34:19','2016-08-16 12:34:19',2559),
	(13618,1087,35,60,351,'2016-08-16 12:34:19','2016-08-16 12:34:19',2559),
	(13619,1087,35,61,354,'2016-08-16 12:34:19','2016-08-16 12:34:19',2559),
	(13620,1087,35,62,356,'2016-08-16 12:34:19','2016-08-16 12:34:19',2559),
	(13621,1087,35,63,360,'2016-08-16 12:34:19','2016-08-16 12:34:19',2559),
	(13622,1087,35,64,363,'2016-08-16 12:34:19','2016-08-16 12:34:19',2559),
	(13623,1087,35,65,367,'2016-08-16 12:34:19','2016-08-16 12:34:19',2559),
	(13624,1087,35,66,368,'2016-08-16 12:34:19','2016-08-16 12:34:19',2559),
	(13625,1087,35,67,373,'2016-08-16 12:34:20','2016-08-16 12:34:20',2559),
	(13626,1087,35,68,374,'2016-08-16 12:34:20','2016-08-16 12:34:20',2559),
	(13627,1087,35,69,377,'2016-08-16 12:34:20','2016-08-16 12:34:20',2559),
	(13628,1087,35,70,381,'2016-08-16 12:34:20','2016-08-16 12:34:20',2559),
	(13629,1087,35,71,383,'2016-08-16 12:34:20','2016-08-16 12:34:20',2559),
	(13630,1087,35,72,386,'2016-08-16 12:34:20','2016-08-16 12:34:20',2559),
	(13631,1087,35,73,391,'2016-08-16 12:34:20','2016-08-16 12:34:20',2559),
	(13632,1087,35,74,392,'2016-08-16 12:34:20','2016-08-16 12:34:20',2559),
	(13633,1087,35,75,395,'2016-08-16 12:34:20','2016-08-16 12:34:20',2559),
	(13634,1087,35,76,400,'2016-08-16 12:34:20','2016-08-16 12:34:20',2559),
	(13635,1087,35,77,403,'2016-08-16 12:34:20','2016-08-16 12:34:20',2559),
	(13636,1087,35,78,404,'2016-08-16 12:34:20','2016-08-16 12:34:20',2559),
	(13637,1087,35,79,408,'2016-08-16 12:34:20','2016-08-16 12:34:20',2559),
	(13638,1087,35,80,410,'2016-08-16 12:34:20','2016-08-16 12:34:20',2559),
	(13639,1087,35,81,415,'2016-08-16 12:34:20','2016-08-16 12:34:20',2559),
	(13640,1087,35,82,416,'2016-08-16 12:34:20','2016-08-16 12:34:20',2559),
	(13641,1087,35,83,418,'2016-08-16 12:34:20','2016-08-16 12:34:20',2559),
	(13642,1087,35,87,425,'2016-08-16 12:34:20','2016-08-16 12:34:20',2559),
	(13643,1087,35,88,448,'2016-08-16 12:34:20','2016-08-16 12:34:20',2559),
	(13644,1087,35,88,443,'2016-08-16 12:34:20','2016-08-16 12:34:20',2559),
	(13645,1087,35,88,438,'2016-08-16 12:34:20','2016-08-16 12:34:20',2559),
	(13646,1087,35,88,430,'2016-08-16 12:34:20','2016-08-16 12:34:20',2559),
	(13647,1087,35,89,452,'2016-08-16 12:34:20','2016-08-16 12:34:20',2559),
	(13682,1088,35,57,342,'2016-08-16 15:38:04','2016-08-16 15:38:04',2559),
	(13683,1088,35,58,344,'2016-08-16 15:38:04','2016-08-16 15:38:04',2559),
	(13684,1088,35,59,348,'2016-08-16 15:38:04','2016-08-16 15:38:04',2559),
	(13685,1088,35,60,352,'2016-08-16 15:38:04','2016-08-16 15:38:04',2559),
	(13686,1088,35,61,354,'2016-08-16 15:38:04','2016-08-16 15:38:04',2559),
	(13687,1088,35,62,357,'2016-08-16 15:38:04','2016-08-16 15:38:04',2559),
	(13688,1088,35,63,359,'2016-08-16 15:38:04','2016-08-16 15:38:04',2559),
	(13689,1088,35,64,363,'2016-08-16 15:38:04','2016-08-16 15:38:04',2559),
	(13690,1088,35,65,366,'2016-08-16 15:38:04','2016-08-16 15:38:04',2559),
	(13691,1088,35,66,368,'2016-08-16 15:38:04','2016-08-16 15:38:04',2559),
	(13692,1088,35,67,372,'2016-08-16 15:38:04','2016-08-16 15:38:04',2559),
	(13693,1088,35,68,374,'2016-08-16 15:38:04','2016-08-16 15:38:04',2559),
	(13694,1088,35,69,378,'2016-08-16 15:38:04','2016-08-16 15:38:04',2559),
	(13695,1088,35,70,380,'2016-08-16 15:38:04','2016-08-16 15:38:04',2559),
	(13696,1088,35,71,384,'2016-08-16 15:38:04','2016-08-16 15:38:04',2559),
	(13697,1088,35,72,387,'2016-08-16 15:38:04','2016-08-16 15:38:04',2559),
	(13698,1088,35,73,391,'2016-08-16 15:38:04','2016-08-16 15:38:04',2559),
	(13699,1088,35,74,392,'2016-08-16 15:38:05','2016-08-16 15:38:05',2559),
	(13700,1088,35,75,395,'2016-08-16 15:38:05','2016-08-16 15:38:05',2559);

INSERT INTO `participant_answers` (`id`, `participantID`, `questionaireID`, `questionID`, `choiceID`, `created_at`, `updated_at`, `academicYear`)
VALUES
	(13701,1088,35,76,399,'2016-08-16 15:38:05','2016-08-16 15:38:05',2559),
	(13702,1088,35,77,401,'2016-08-16 15:38:05','2016-08-16 15:38:05',2559),
	(13703,1088,35,78,404,'2016-08-16 15:38:05','2016-08-16 15:38:05',2559),
	(13704,1088,35,79,408,'2016-08-16 15:38:05','2016-08-16 15:38:05',2559),
	(13705,1088,35,80,411,'2016-08-16 15:38:05','2016-08-16 15:38:05',2559),
	(13706,1088,35,81,414,'2016-08-16 15:38:05','2016-08-16 15:38:05',2559),
	(13707,1088,35,82,416,'2016-08-16 15:38:05','2016-08-16 15:38:05',2559),
	(13708,1088,35,83,418,'2016-08-16 15:38:05','2016-08-16 15:38:05',2559),
	(13709,1088,35,86,421,'2016-08-16 15:38:05','2016-08-16 15:38:05',2559),
	(13710,1088,35,87,426,'2016-08-16 15:38:05','2016-08-16 15:38:05',2559),
	(13711,1088,35,88,449,'2016-08-16 15:38:05','2016-08-16 15:38:05',2559),
	(13712,1088,35,88,444,'2016-08-16 15:38:05','2016-08-16 15:38:05',2559),
	(13713,1088,35,88,439,'2016-08-16 15:38:05','2016-08-16 15:38:05',2559),
	(13714,1088,35,88,430,'2016-08-16 15:38:05','2016-08-16 15:38:05',2559),
	(13715,1088,35,89,453,'2016-08-16 15:38:05','2016-08-16 15:38:05',2559),
	(13920,1089,35,57,342,'2016-08-17 05:22:39','2016-08-17 05:22:39',2559),
	(13921,1089,35,58,344,'2016-08-17 05:22:39','2016-08-17 05:22:39',2559),
	(13922,1089,35,59,347,'2016-08-17 05:22:39','2016-08-17 05:22:39',2559),
	(13923,1089,35,60,352,'2016-08-17 05:22:39','2016-08-17 05:22:39',2559),
	(13924,1089,35,61,354,'2016-08-17 05:22:39','2016-08-17 05:22:39',2559),
	(13925,1089,35,62,356,'2016-08-17 05:22:39','2016-08-17 05:22:39',2559),
	(13926,1089,35,63,360,'2016-08-17 05:22:39','2016-08-17 05:22:39',2559),
	(13927,1089,35,64,364,'2016-08-17 05:22:39','2016-08-17 05:22:39',2559),
	(13928,1089,35,65,367,'2016-08-17 05:22:39','2016-08-17 05:22:39',2559),
	(13929,1089,35,66,368,'2016-08-17 05:22:39','2016-08-17 05:22:39',2559),
	(13930,1089,35,67,373,'2016-08-17 05:22:39','2016-08-17 05:22:39',2559),
	(13931,1089,35,68,375,'2016-08-17 05:22:39','2016-08-17 05:22:39',2559),
	(13932,1089,35,69,377,'2016-08-17 05:22:39','2016-08-17 05:22:39',2559),
	(13933,1089,35,70,382,'2016-08-17 05:22:39','2016-08-17 05:22:39',2559),
	(13934,1089,35,71,384,'2016-08-17 05:22:39','2016-08-17 05:22:39',2559),
	(13935,1089,35,72,387,'2016-08-17 05:22:39','2016-08-17 05:22:39',2559),
	(13936,1089,35,73,391,'2016-08-17 05:22:39','2016-08-17 05:22:39',2559),
	(13937,1089,35,74,392,'2016-08-17 05:22:39','2016-08-17 05:22:39',2559),
	(13938,1089,35,75,396,'2016-08-17 05:22:39','2016-08-17 05:22:39',2559),
	(13939,1089,35,76,400,'2016-08-17 05:22:39','2016-08-17 05:22:39',2559),
	(13940,1089,35,77,402,'2016-08-17 05:22:39','2016-08-17 05:22:39',2559),
	(13941,1089,35,78,404,'2016-08-17 05:22:39','2016-08-17 05:22:39',2559),
	(13942,1089,35,79,409,'2016-08-17 05:22:39','2016-08-17 05:22:39',2559),
	(13943,1089,35,80,411,'2016-08-17 05:22:39','2016-08-17 05:22:39',2559),
	(13944,1089,35,81,415,'2016-08-17 05:22:39','2016-08-17 05:22:39',2559),
	(13945,1089,35,82,416,'2016-08-17 05:22:39','2016-08-17 05:22:39',2559),
	(13946,1089,35,83,418,'2016-08-17 05:22:39','2016-08-17 05:22:39',2559),
	(13947,1089,35,86,421,'2016-08-17 05:22:39','2016-08-17 05:22:39',2559),
	(13948,1089,35,87,425,'2016-08-17 05:22:39','2016-08-17 05:22:39',2559),
	(13949,1089,35,88,449,'2016-08-17 05:22:39','2016-08-17 05:22:39',2559),
	(13950,1089,35,88,443,'2016-08-17 05:22:39','2016-08-17 05:22:39',2559),
	(13951,1089,35,88,438,'2016-08-17 05:22:39','2016-08-17 05:22:39',2559),
	(13952,1089,35,88,430,'2016-08-17 05:22:39','2016-08-17 05:22:39',2559),
	(13953,1089,35,89,452,'2016-08-17 05:22:39','2016-08-17 05:22:39',2559),
	(13954,1090,35,57,342,'2016-08-17 09:48:30','2016-08-17 09:48:30',2559),
	(13955,1090,35,58,345,'2016-08-17 09:48:30','2016-08-17 09:48:30',2559),
	(13956,1090,35,59,347,'2016-08-17 09:48:30','2016-08-17 09:48:30',2559),
	(13957,1090,35,60,351,'2016-08-17 09:48:30','2016-08-17 09:48:30',2559),
	(13958,1090,35,61,354,'2016-08-17 09:48:31','2016-08-17 09:48:31',2559),
	(13959,1090,35,62,356,'2016-08-17 09:48:31','2016-08-17 09:48:31',2559),
	(13960,1090,35,63,361,'2016-08-17 09:48:31','2016-08-17 09:48:31',2559),
	(13961,1090,35,64,364,'2016-08-17 09:48:31','2016-08-17 09:48:31',2559),
	(13962,1090,35,65,366,'2016-08-17 09:48:31','2016-08-17 09:48:31',2559),
	(13963,1090,35,66,369,'2016-08-17 09:48:31','2016-08-17 09:48:31',2559),
	(13964,1090,35,67,372,'2016-08-17 09:48:31','2016-08-17 09:48:31',2559),
	(13965,1090,35,68,374,'2016-08-17 09:48:31','2016-08-17 09:48:31',2559),
	(13966,1090,35,69,378,'2016-08-17 09:48:31','2016-08-17 09:48:31',2559),
	(13967,1090,35,70,381,'2016-08-17 09:48:31','2016-08-17 09:48:31',2559),
	(13968,1090,35,71,385,'2016-08-17 09:48:31','2016-08-17 09:48:31',2559),
	(13969,1090,35,72,388,'2016-08-17 09:48:31','2016-08-17 09:48:31',2559),
	(13970,1090,35,73,390,'2016-08-17 09:48:31','2016-08-17 09:48:31',2559),
	(13971,1090,35,74,392,'2016-08-17 09:48:31','2016-08-17 09:48:31',2559),
	(13972,1090,35,75,396,'2016-08-17 09:48:31','2016-08-17 09:48:31',2559),
	(13973,1090,35,76,399,'2016-08-17 09:48:31','2016-08-17 09:48:31',2559),
	(13974,1090,35,77,401,'2016-08-17 09:48:31','2016-08-17 09:48:31',2559),
	(13975,1090,35,78,405,'2016-08-17 09:48:31','2016-08-17 09:48:31',2559),
	(13976,1090,35,79,408,'2016-08-17 09:48:31','2016-08-17 09:48:31',2559),
	(13977,1090,35,80,412,'2016-08-17 09:48:31','2016-08-17 09:48:31',2559),
	(13978,1090,35,81,414,'2016-08-17 09:48:31','2016-08-17 09:48:31',2559),
	(13979,1090,35,82,416,'2016-08-17 09:48:31','2016-08-17 09:48:31',2559),
	(13980,1090,35,83,418,'2016-08-17 09:48:31','2016-08-17 09:48:31',2559),
	(13981,1090,35,86,423,'2016-08-17 09:48:31','2016-08-17 09:48:31',2559),
	(13982,1090,35,87,427,'2016-08-17 09:48:31','2016-08-17 09:48:31',2559),
	(13983,1090,35,88,449,'2016-08-17 09:48:31','2016-08-17 09:48:31',2559),
	(13984,1090,35,88,444,'2016-08-17 09:48:31','2016-08-17 09:48:31',2559),
	(13985,1090,35,88,439,'2016-08-17 09:48:31','2016-08-17 09:48:31',2559),
	(13986,1090,35,88,431,'2016-08-17 09:48:31','2016-08-17 09:48:31',2559),
	(13987,1090,35,89,453,'2016-08-17 09:48:31','2016-08-17 09:48:31',2559),
	(14071,1091,35,72,388,'2016-08-17 13:50:28','2016-08-17 13:50:28',2559),
	(14072,1091,35,57,342,'2016-08-17 13:50:28','2016-08-17 13:50:28',2559),
	(14073,1091,35,73,391,'2016-08-17 13:50:28','2016-08-17 13:50:28',2559),
	(14074,1091,35,58,346,'2016-08-17 13:50:28','2016-08-17 13:50:28',2559),
	(14075,1091,35,74,392,'2016-08-17 13:50:28','2016-08-17 13:50:28',2559),
	(14076,1091,35,59,347,'2016-08-17 13:50:28','2016-08-17 13:50:28',2559),
	(14077,1091,35,75,395,'2016-08-17 13:50:28','2016-08-17 13:50:28',2559),
	(14078,1091,35,60,352,'2016-08-17 13:50:28','2016-08-17 13:50:28',2559),
	(14079,1091,35,76,400,'2016-08-17 13:50:28','2016-08-17 13:50:28',2559),
	(14080,1091,35,61,355,'2016-08-17 13:50:28','2016-08-17 13:50:28',2559),
	(14081,1091,35,77,402,'2016-08-17 13:50:28','2016-08-17 13:50:28',2559),
	(14082,1091,35,62,357,'2016-08-17 13:50:28','2016-08-17 13:50:28',2559),
	(14083,1091,35,78,404,'2016-08-17 13:50:28','2016-08-17 13:50:28',2559),
	(14084,1091,35,63,359,'2016-08-17 13:50:28','2016-08-17 13:50:28',2559),
	(14085,1091,35,79,407,'2016-08-17 13:50:28','2016-08-17 13:50:28',2559),
	(14086,1091,35,64,364,'2016-08-17 13:50:28','2016-08-17 13:50:28',2559),
	(14087,1091,35,80,412,'2016-08-17 13:50:28','2016-08-17 13:50:28',2559),
	(14088,1091,35,65,365,'2016-08-17 13:50:28','2016-08-17 13:50:28',2559),
	(14089,1091,35,81,414,'2016-08-17 13:50:28','2016-08-17 13:50:28',2559),
	(14090,1091,35,66,369,'2016-08-17 13:50:29','2016-08-17 13:50:29',2559),
	(14091,1091,35,82,416,'2016-08-17 13:50:29','2016-08-17 13:50:29',2559),
	(14092,1091,35,67,372,'2016-08-17 13:50:29','2016-08-17 13:50:29',2559),
	(14093,1091,35,83,419,'2016-08-17 13:50:29','2016-08-17 13:50:29',2559),
	(14094,1091,35,68,374,'2016-08-17 13:50:29','2016-08-17 13:50:29',2559),
	(14095,1091,35,86,422,'2016-08-17 13:50:29','2016-08-17 13:50:29',2559),
	(14096,1091,35,69,378,'2016-08-17 13:50:29','2016-08-17 13:50:29',2559),
	(14097,1091,35,87,427,'2016-08-17 13:50:29','2016-08-17 13:50:29',2559),
	(14098,1091,35,70,380,'2016-08-17 13:50:29','2016-08-17 13:50:29',2559),
	(14099,1091,35,88,448,'2016-08-17 13:50:29','2016-08-17 13:50:29',2559),
	(14100,1091,35,71,384,'2016-08-17 13:50:29','2016-08-17 13:50:29',2559),
	(14101,1091,35,88,444,'2016-08-17 13:50:29','2016-08-17 13:50:29',2559),
	(14102,1091,35,72,388,'2016-08-17 13:50:29','2016-08-17 13:50:29',2559),
	(14103,1091,35,88,440,'2016-08-17 13:50:29','2016-08-17 13:50:29',2559),
	(14104,1091,35,73,391,'2016-08-17 13:50:29','2016-08-17 13:50:29',2559),
	(14105,1091,35,88,430,'2016-08-17 13:50:29','2016-08-17 13:50:29',2559),
	(14106,1091,35,74,392,'2016-08-17 13:50:29','2016-08-17 13:50:29',2559),
	(14107,1091,35,89,453,'2016-08-17 13:50:29','2016-08-17 13:50:29',2559),
	(14108,1091,35,75,395,'2016-08-17 13:50:29','2016-08-17 13:50:29',2559),
	(14109,1091,35,76,400,'2016-08-17 13:50:29','2016-08-17 13:50:29',2559),
	(14110,1091,35,77,402,'2016-08-17 13:50:29','2016-08-17 13:50:29',2559),
	(14111,1091,35,78,404,'2016-08-17 13:50:29','2016-08-17 13:50:29',2559),
	(14112,1091,35,79,407,'2016-08-17 13:50:29','2016-08-17 13:50:29',2559),
	(14113,1091,35,80,412,'2016-08-17 13:50:29','2016-08-17 13:50:29',2559),
	(14114,1091,35,81,414,'2016-08-17 13:50:29','2016-08-17 13:50:29',2559),
	(14115,1091,35,82,416,'2016-08-17 13:50:29','2016-08-17 13:50:29',2559),
	(14116,1091,35,83,419,'2016-08-17 13:50:29','2016-08-17 13:50:29',2559),
	(14117,1091,35,86,422,'2016-08-17 13:50:29','2016-08-17 13:50:29',2559),
	(14118,1091,35,87,427,'2016-08-17 13:50:29','2016-08-17 13:50:29',2559),
	(14119,1091,35,88,448,'2016-08-17 13:50:29','2016-08-17 13:50:29',2559),
	(14120,1091,35,88,444,'2016-08-17 13:50:30','2016-08-17 13:50:30',2559),
	(14121,1091,35,88,440,'2016-08-17 13:50:30','2016-08-17 13:50:30',2559),
	(14122,1091,35,88,430,'2016-08-17 13:50:30','2016-08-17 13:50:30',2559),
	(14123,1091,35,89,453,'2016-08-17 13:50:30','2016-08-17 13:50:30',2559),
	(14294,1092,35,57,343,'2016-08-17 14:54:40','2016-08-17 14:54:40',2559),
	(14295,1092,35,58,344,'2016-08-17 14:54:40','2016-08-17 14:54:40',2559),
	(14296,1092,35,59,347,'2016-08-17 14:54:40','2016-08-17 14:54:40',2559),
	(14297,1092,35,60,352,'2016-08-17 14:54:40','2016-08-17 14:54:40',2559),
	(14298,1092,35,61,353,'2016-08-17 14:54:40','2016-08-17 14:54:40',2559),
	(14299,1092,35,62,357,'2016-08-17 14:54:40','2016-08-17 14:54:40',2559),
	(14300,1092,35,63,359,'2016-08-17 14:54:41','2016-08-17 14:54:41',2559),
	(14301,1092,35,64,362,'2016-08-17 14:54:41','2016-08-17 14:54:41',2559),
	(14302,1092,35,65,367,'2016-08-17 14:54:41','2016-08-17 14:54:41',2559),
	(14303,1092,35,66,368,'2016-08-17 14:54:41','2016-08-17 14:54:41',2559),
	(14304,1092,35,67,373,'2016-08-17 14:54:41','2016-08-17 14:54:41',2559),
	(14305,1092,35,68,374,'2016-08-17 14:54:41','2016-08-17 14:54:41',2559),
	(14306,1092,35,69,377,'2016-08-17 14:54:41','2016-08-17 14:54:41',2559),
	(14307,1092,35,70,381,'2016-08-17 14:54:41','2016-08-17 14:54:41',2559),
	(14308,1092,35,71,383,'2016-08-17 14:54:41','2016-08-17 14:54:41',2559),
	(14309,1092,35,72,387,'2016-08-17 14:54:41','2016-08-17 14:54:41',2559),
	(14310,1092,35,73,390,'2016-08-17 14:54:41','2016-08-17 14:54:41',2559),
	(14311,1092,35,74,392,'2016-08-17 14:54:41','2016-08-17 14:54:41',2559),
	(14312,1092,35,75,395,'2016-08-17 14:54:41','2016-08-17 14:54:41',2559),
	(14313,1092,35,76,399,'2016-08-17 14:54:41','2016-08-17 14:54:41',2559),
	(14314,1092,35,77,402,'2016-08-17 14:54:41','2016-08-17 14:54:41',2559),
	(14315,1092,35,78,404,'2016-08-17 14:54:41','2016-08-17 14:54:41',2559),
	(14316,1092,35,79,409,'2016-08-17 14:54:41','2016-08-17 14:54:41',2559),
	(14317,1092,35,80,410,'2016-08-17 14:54:41','2016-08-17 14:54:41',2559),
	(14318,1092,35,81,415,'2016-08-17 14:54:41','2016-08-17 14:54:41',2559),
	(14319,1092,35,82,416,'2016-08-17 14:54:41','2016-08-17 14:54:41',2559),
	(14320,1092,35,83,418,'2016-08-17 14:54:41','2016-08-17 14:54:41',2559),
	(14321,1092,35,86,421,'2016-08-17 14:54:41','2016-08-17 14:54:41',2559),
	(14322,1092,35,87,425,'2016-08-17 14:54:41','2016-08-17 14:54:41',2559),
	(14323,1092,35,88,448,'2016-08-17 14:54:41','2016-08-17 14:54:41',2559),
	(14324,1092,35,88,443,'2016-08-17 14:54:41','2016-08-17 14:54:41',2559),
	(14325,1092,35,88,438,'2016-08-17 14:54:41','2016-08-17 14:54:41',2559),
	(14326,1092,35,88,430,'2016-08-17 14:54:41','2016-08-17 14:54:41',2559),
	(14327,1092,35,89,452,'2016-08-17 14:54:41','2016-08-17 14:54:41',2559),
	(14396,1094,35,57,343,'2016-08-17 15:02:03','2016-08-17 15:02:03',2559),
	(14397,1094,35,58,344,'2016-08-17 15:02:03','2016-08-17 15:02:03',2559),
	(14398,1094,35,59,347,'2016-08-17 15:02:03','2016-08-17 15:02:03',2559),
	(14399,1094,35,60,352,'2016-08-17 15:02:03','2016-08-17 15:02:03',2559),
	(14400,1094,35,61,353,'2016-08-17 15:02:03','2016-08-17 15:02:03',2559),
	(14401,1094,35,62,357,'2016-08-17 15:02:03','2016-08-17 15:02:03',2559),
	(14402,1094,35,63,359,'2016-08-17 15:02:03','2016-08-17 15:02:03',2559),
	(14403,1094,35,64,362,'2016-08-17 15:02:03','2016-08-17 15:02:03',2559),
	(14404,1094,35,65,367,'2016-08-17 15:02:03','2016-08-17 15:02:03',2559),
	(14405,1094,35,66,368,'2016-08-17 15:02:03','2016-08-17 15:02:03',2559),
	(14406,1094,35,67,373,'2016-08-17 15:02:03','2016-08-17 15:02:03',2559),
	(14407,1094,35,68,374,'2016-08-17 15:02:03','2016-08-17 15:02:03',2559),
	(14408,1094,35,69,377,'2016-08-17 15:02:03','2016-08-17 15:02:03',2559),
	(14409,1094,35,70,381,'2016-08-17 15:02:04','2016-08-17 15:02:04',2559),
	(14410,1094,35,71,383,'2016-08-17 15:02:04','2016-08-17 15:02:04',2559),
	(14411,1094,35,72,387,'2016-08-17 15:02:04','2016-08-17 15:02:04',2559),
	(14412,1094,35,73,390,'2016-08-17 15:02:04','2016-08-17 15:02:04',2559),
	(14413,1094,35,74,392,'2016-08-17 15:02:04','2016-08-17 15:02:04',2559),
	(14414,1094,35,75,395,'2016-08-17 15:02:04','2016-08-17 15:02:04',2559),
	(14415,1094,35,76,399,'2016-08-17 15:02:04','2016-08-17 15:02:04',2559),
	(14416,1094,35,77,402,'2016-08-17 15:02:04','2016-08-17 15:02:04',2559),
	(14417,1094,35,78,404,'2016-08-17 15:02:04','2016-08-17 15:02:04',2559),
	(14418,1094,35,79,409,'2016-08-17 15:02:04','2016-08-17 15:02:04',2559),
	(14419,1094,35,80,410,'2016-08-17 15:02:04','2016-08-17 15:02:04',2559),
	(14420,1094,35,81,415,'2016-08-17 15:02:04','2016-08-17 15:02:04',2559),
	(14421,1094,35,82,416,'2016-08-17 15:02:04','2016-08-17 15:02:04',2559),
	(14422,1094,35,83,417,'2016-08-17 15:02:04','2016-08-17 15:02:04',2559),
	(14423,1094,35,86,421,'2016-08-17 15:02:04','2016-08-17 15:02:04',2559),
	(14424,1094,35,87,425,'2016-08-17 15:02:04','2016-08-17 15:02:04',2559),
	(14425,1094,35,88,448,'2016-08-17 15:02:04','2016-08-17 15:02:04',2559),
	(14426,1094,35,88,443,'2016-08-17 15:02:04','2016-08-17 15:02:04',2559),
	(14427,1094,35,88,438,'2016-08-17 15:02:04','2016-08-17 15:02:04',2559),
	(14428,1094,35,88,430,'2016-08-17 15:02:04','2016-08-17 15:02:04',2559),
	(14429,1094,35,89,452,'2016-08-17 15:02:04','2016-08-17 15:02:04',2559),
	(14498,1093,35,57,343,'2016-08-17 15:06:41','2016-08-17 15:06:41',2559),
	(14499,1093,35,58,344,'2016-08-17 15:06:41','2016-08-17 15:06:41',2559),
	(14500,1093,35,59,347,'2016-08-17 15:06:41','2016-08-17 15:06:41',2559),
	(14501,1093,35,60,352,'2016-08-17 15:06:41','2016-08-17 15:06:41',2559),
	(14502,1093,35,61,355,'2016-08-17 15:06:41','2016-08-17 15:06:41',2559),
	(14503,1093,35,62,356,'2016-08-17 15:06:41','2016-08-17 15:06:41',2559),
	(14504,1093,35,63,360,'2016-08-17 15:06:42','2016-08-17 15:06:42',2559),
	(14505,1093,35,64,363,'2016-08-17 15:06:42','2016-08-17 15:06:42',2559),
	(14506,1093,35,65,366,'2016-08-17 15:06:42','2016-08-17 15:06:42',2559),
	(14507,1093,35,66,369,'2016-08-17 15:06:42','2016-08-17 15:06:42',2559),
	(14508,1093,35,67,373,'2016-08-17 15:06:42','2016-08-17 15:06:42',2559),
	(14509,1093,35,68,374,'2016-08-17 15:06:42','2016-08-17 15:06:42',2559),
	(14510,1093,35,69,377,'2016-08-17 15:06:42','2016-08-17 15:06:42',2559),
	(14511,1093,35,70,381,'2016-08-17 15:06:42','2016-08-17 15:06:42',2559),
	(14512,1093,35,71,383,'2016-08-17 15:06:42','2016-08-17 15:06:42',2559),
	(14513,1093,35,72,388,'2016-08-17 15:06:42','2016-08-17 15:06:42',2559),
	(14514,1093,35,73,390,'2016-08-17 15:06:42','2016-08-17 15:06:42',2559),
	(14515,1093,35,74,392,'2016-08-17 15:06:42','2016-08-17 15:06:42',2559),
	(14516,1093,35,75,395,'2016-08-17 15:06:42','2016-08-17 15:06:42',2559),
	(14517,1093,35,76,399,'2016-08-17 15:06:42','2016-08-17 15:06:42',2559),
	(14518,1093,35,77,402,'2016-08-17 15:06:42','2016-08-17 15:06:42',2559),
	(14519,1093,35,78,404,'2016-08-17 15:06:42','2016-08-17 15:06:42',2559),
	(14520,1093,35,79,407,'2016-08-17 15:06:42','2016-08-17 15:06:42',2559),
	(14521,1093,35,80,410,'2016-08-17 15:06:42','2016-08-17 15:06:42',2559),
	(14522,1093,35,81,414,'2016-08-17 15:06:42','2016-08-17 15:06:42',2559),
	(14523,1093,35,82,416,'2016-08-17 15:06:42','2016-08-17 15:06:42',2559),
	(14524,1093,35,83,417,'2016-08-17 15:06:42','2016-08-17 15:06:42',2559),
	(14525,1093,35,86,421,'2016-08-17 15:06:42','2016-08-17 15:06:42',2559),
	(14526,1093,35,87,425,'2016-08-17 15:06:42','2016-08-17 15:06:42',2559),
	(14527,1093,35,88,448,'2016-08-17 15:06:42','2016-08-17 15:06:42',2559),
	(14528,1093,35,88,443,'2016-08-17 15:06:42','2016-08-17 15:06:42',2559),
	(14529,1093,35,88,438,'2016-08-17 15:06:42','2016-08-17 15:06:42',2559),
	(14530,1093,35,88,430,'2016-08-17 15:06:42','2016-08-17 15:06:42',2559),
	(14531,1093,35,89,452,'2016-08-17 15:06:42','2016-08-17 15:06:42',2559),
	(14552,1095,32,4,2,'2016-08-17 23:45:50','2016-08-17 23:45:50',2559),
	(14553,1095,32,5,8,'2016-08-17 23:45:50','2016-08-17 23:45:50',2559),
	(14554,1095,32,6,9,'2016-08-17 23:45:50','2016-08-17 23:45:50',2559),
	(14555,1095,32,7,14,'2016-08-17 23:45:50','2016-08-17 23:45:50',2559),
	(14556,1095,32,8,18,'2016-08-17 23:45:50','2016-08-17 23:45:50',2559),
	(14557,1095,32,9,21,'2016-08-17 23:45:50','2016-08-17 23:45:50',2559),
	(14558,1095,32,10,26,'2016-08-17 23:45:50','2016-08-17 23:45:50',2559),
	(14559,1095,32,11,29,'2016-08-17 23:45:50','2016-08-17 23:45:50',2559),
	(14560,1095,32,12,33,'2016-08-17 23:45:50','2016-08-17 23:45:50',2559),
	(14561,1095,32,13,40,'2016-08-17 23:45:50','2016-08-17 23:45:50',2559),
	(14562,1095,32,14,44,'2016-08-17 23:45:50','2016-08-17 23:45:50',2559),
	(14563,1095,32,15,45,'2016-08-17 23:45:50','2016-08-17 23:45:50',2559),
	(14564,1095,32,16,52,'2016-08-17 23:45:50','2016-08-17 23:45:50',2559),
	(14565,1095,32,17,54,'2016-08-17 23:45:51','2016-08-17 23:45:51',2559),
	(14566,1095,32,18,57,'2016-08-17 23:45:51','2016-08-17 23:45:51',2559),
	(14567,1095,32,19,64,'2016-08-17 23:45:51','2016-08-17 23:45:51',2559),
	(14568,1095,32,20,65,'2016-08-17 23:45:51','2016-08-17 23:45:51',2559),
	(14569,1095,32,21,72,'2016-08-17 23:45:51','2016-08-17 23:45:51',2559),
	(14570,1095,32,22,74,'2016-08-17 23:45:51','2016-08-17 23:45:51',2559),
	(14571,1095,32,23,77,'2016-08-17 23:45:51','2016-08-17 23:45:51',2559),
	(14572,1095,33,24,83,'2016-08-17 23:50:38','2016-08-17 23:50:38',2559),
	(14573,1095,33,26,89,'2016-08-17 23:50:38','2016-08-17 23:50:38',2559),
	(14574,1095,33,27,92,'2016-08-17 23:50:38','2016-08-17 23:50:38',2559),
	(14575,1095,33,28,94,'2016-08-17 23:50:38','2016-08-17 23:50:38',2559),
	(14576,1095,33,29,98,'2016-08-17 23:50:38','2016-08-17 23:50:38',2559),
	(14577,1095,33,30,103,'2016-08-17 23:50:38','2016-08-17 23:50:38',2559),
	(14578,1095,33,31,109,'2016-08-17 23:50:38','2016-08-17 23:50:38',2559),
	(14579,1095,33,32,110,'2016-08-17 23:50:38','2016-08-17 23:50:38',2559),
	(14580,1095,33,33,116,'2016-08-17 23:50:38','2016-08-17 23:50:38',2559),
	(14581,1095,33,34,118,'2016-08-17 23:50:38','2016-08-17 23:50:38',2559),
	(14582,1095,33,35,124,'2016-08-17 23:50:38','2016-08-17 23:50:38',2559),
	(14583,1095,33,36,126,'2016-08-17 23:50:38','2016-08-17 23:50:38',2559),
	(14584,1095,33,37,133,'2016-08-17 23:50:39','2016-08-17 23:50:39',2559),
	(14585,1095,33,38,137,'2016-08-17 23:50:39','2016-08-17 23:50:39',2559),
	(14586,1095,33,39,138,'2016-08-17 23:50:39','2016-08-17 23:50:39',2559),
	(14587,1095,33,40,142,'2016-08-17 23:50:39','2016-08-17 23:50:39',2559),
	(14588,1095,33,41,146,'2016-08-17 23:50:39','2016-08-17 23:50:39',2559),
	(14589,1095,33,42,153,'2016-08-17 23:50:39','2016-08-17 23:50:39',2559),
	(14590,1095,33,43,157,'2016-08-17 23:50:39','2016-08-17 23:50:39',2559),
	(14591,1095,33,44,340,'2016-08-17 23:50:39','2016-08-17 23:50:39',2559),
	(14592,1095,35,57,343,'2016-08-17 23:54:22','2016-08-17 23:54:22',2559),
	(14593,1095,35,58,345,'2016-08-17 23:54:22','2016-08-17 23:54:22',2559),
	(14594,1095,35,59,347,'2016-08-17 23:54:22','2016-08-17 23:54:22',2559),
	(14595,1095,35,60,352,'2016-08-17 23:54:22','2016-08-17 23:54:22',2559),
	(14596,1095,35,61,354,'2016-08-17 23:54:22','2016-08-17 23:54:22',2559),
	(14597,1095,35,62,356,'2016-08-17 23:54:22','2016-08-17 23:54:22',2559),
	(14598,1095,35,63,359,'2016-08-17 23:54:22','2016-08-17 23:54:22',2559),
	(14599,1095,35,64,364,'2016-08-17 23:54:23','2016-08-17 23:54:23',2559),
	(14600,1095,35,65,367,'2016-08-17 23:54:23','2016-08-17 23:54:23',2559),
	(14601,1095,35,66,368,'2016-08-17 23:54:23','2016-08-17 23:54:23',2559),
	(14602,1095,35,67,373,'2016-08-17 23:54:23','2016-08-17 23:54:23',2559),
	(14603,1095,35,68,374,'2016-08-17 23:54:23','2016-08-17 23:54:23',2559),
	(14604,1095,35,69,378,'2016-08-17 23:54:23','2016-08-17 23:54:23',2559),
	(14605,1095,35,70,380,'2016-08-17 23:54:23','2016-08-17 23:54:23',2559),
	(14606,1095,35,71,385,'2016-08-17 23:54:23','2016-08-17 23:54:23',2559),
	(14607,1095,35,72,388,'2016-08-17 23:54:23','2016-08-17 23:54:23',2559),
	(14608,1095,35,73,389,'2016-08-17 23:54:23','2016-08-17 23:54:23',2559),
	(14609,1095,35,74,392,'2016-08-17 23:54:23','2016-08-17 23:54:23',2559),
	(14610,1095,35,75,397,'2016-08-17 23:54:23','2016-08-17 23:54:23',2559),
	(14611,1095,35,76,400,'2016-08-17 23:54:23','2016-08-17 23:54:23',2559),
	(14612,1095,35,77,403,'2016-08-17 23:54:23','2016-08-17 23:54:23',2559),
	(14613,1095,35,78,404,'2016-08-17 23:54:23','2016-08-17 23:54:23',2559),
	(14614,1095,35,79,407,'2016-08-17 23:54:23','2016-08-17 23:54:23',2559),
	(14615,1095,35,80,411,'2016-08-17 23:54:23','2016-08-17 23:54:23',2559),
	(14616,1095,35,81,415,'2016-08-17 23:54:23','2016-08-17 23:54:23',2559),
	(14617,1095,35,82,416,'2016-08-17 23:54:23','2016-08-17 23:54:23',2559),
	(14618,1095,35,83,418,'2016-08-17 23:54:23','2016-08-17 23:54:23',2559),
	(14619,1095,35,86,424,'2016-08-17 23:54:23','2016-08-17 23:54:23',2559),
	(14620,1095,35,87,426,'2016-08-17 23:54:23','2016-08-17 23:54:23',2559),
	(14621,1095,35,88,448,'2016-08-17 23:54:23','2016-08-17 23:54:23',2559),
	(14622,1095,35,88,445,'2016-08-17 23:54:23','2016-08-17 23:54:23',2559),
	(14623,1095,35,88,439,'2016-08-17 23:54:23','2016-08-17 23:54:23',2559),
	(14624,1095,35,88,430,'2016-08-17 23:54:23','2016-08-17 23:54:23',2559),
	(14625,1095,35,89,453,'2016-08-17 23:54:23','2016-08-17 23:54:23',2559),
	(14646,1096,32,4,2,'2016-08-18 00:16:12','2016-08-18 00:16:12',2559),
	(14647,1096,32,5,7,'2016-08-18 00:16:12','2016-08-18 00:16:12',2559),
	(14648,1096,32,6,10,'2016-08-18 00:16:12','2016-08-18 00:16:12',2559),
	(14649,1096,32,7,14,'2016-08-18 00:16:12','2016-08-18 00:16:12',2559),
	(14650,1096,32,8,17,'2016-08-18 00:16:12','2016-08-18 00:16:12',2559),
	(14651,1096,32,9,21,'2016-08-18 00:16:12','2016-08-18 00:16:12',2559),
	(14652,1096,32,10,26,'2016-08-18 00:16:12','2016-08-18 00:16:12',2559),
	(14653,1096,32,11,29,'2016-08-18 00:16:12','2016-08-18 00:16:12',2559),
	(14654,1096,32,12,33,'2016-08-18 00:16:12','2016-08-18 00:16:12',2559),
	(14655,1096,32,13,38,'2016-08-18 00:16:12','2016-08-18 00:16:12',2559),
	(14656,1096,32,14,42,'2016-08-18 00:16:12','2016-08-18 00:16:12',2559),
	(14657,1096,32,15,46,'2016-08-18 00:16:12','2016-08-18 00:16:12',2559),
	(14658,1096,32,16,51,'2016-08-18 00:16:12','2016-08-18 00:16:12',2559),
	(14659,1096,32,17,54,'2016-08-18 00:16:12','2016-08-18 00:16:12',2559),
	(14660,1096,32,18,57,'2016-08-18 00:16:12','2016-08-18 00:16:12',2559),
	(14661,1096,32,19,62,'2016-08-18 00:16:12','2016-08-18 00:16:12',2559),
	(14662,1096,32,20,66,'2016-08-18 00:16:12','2016-08-18 00:16:12',2559),
	(14663,1096,32,21,70,'2016-08-18 00:16:12','2016-08-18 00:16:12',2559),
	(14664,1096,32,22,74,'2016-08-18 00:16:12','2016-08-18 00:16:12',2559),
	(14665,1096,32,23,78,'2016-08-18 00:16:12','2016-08-18 00:16:12',2559),
	(14666,1096,33,24,83,'2016-08-18 00:18:07','2016-08-18 00:18:07',2559),
	(14667,1096,33,26,89,'2016-08-18 00:18:07','2016-08-18 00:18:07',2559),
	(14668,1096,33,27,93,'2016-08-18 00:18:07','2016-08-18 00:18:07',2559),
	(14669,1096,33,28,96,'2016-08-18 00:18:07','2016-08-18 00:18:07',2559),
	(14670,1096,33,29,99,'2016-08-18 00:18:07','2016-08-18 00:18:07',2559),
	(14671,1096,33,30,104,'2016-08-18 00:18:07','2016-08-18 00:18:07',2559),
	(14672,1096,33,31,108,'2016-08-18 00:18:07','2016-08-18 00:18:07',2559),
	(14673,1096,33,32,112,'2016-08-18 00:18:07','2016-08-18 00:18:07',2559),
	(14674,1096,33,33,116,'2016-08-18 00:18:07','2016-08-18 00:18:07',2559),
	(14675,1096,33,34,119,'2016-08-18 00:18:07','2016-08-18 00:18:07',2559),
	(14676,1096,33,35,124,'2016-08-18 00:18:07','2016-08-18 00:18:07',2559),
	(14677,1096,33,36,128,'2016-08-18 00:18:07','2016-08-18 00:18:07',2559),
	(14678,1096,33,37,132,'2016-08-18 00:18:07','2016-08-18 00:18:07',2559),
	(14679,1096,33,38,136,'2016-08-18 00:18:07','2016-08-18 00:18:07',2559),
	(14680,1096,33,39,139,'2016-08-18 00:18:07','2016-08-18 00:18:07',2559),
	(14681,1096,33,40,144,'2016-08-18 00:18:07','2016-08-18 00:18:07',2559),
	(14682,1096,33,41,148,'2016-08-18 00:18:07','2016-08-18 00:18:07',2559),
	(14683,1096,33,42,153,'2016-08-18 00:18:07','2016-08-18 00:18:07',2559),
	(14684,1096,33,43,157,'2016-08-18 00:18:07','2016-08-18 00:18:07',2559),
	(14685,1096,33,44,340,'2016-08-18 00:18:07','2016-08-18 00:18:07',2559),
	(14686,1096,35,57,342,'2016-08-18 00:24:45','2016-08-18 00:24:45',2559),
	(14687,1096,35,58,345,'2016-08-18 00:24:45','2016-08-18 00:24:45',2559),
	(14688,1096,35,59,347,'2016-08-18 00:24:45','2016-08-18 00:24:45',2559),
	(14689,1096,35,60,351,'2016-08-18 00:24:45','2016-08-18 00:24:45',2559),
	(14690,1096,35,61,354,'2016-08-18 00:24:45','2016-08-18 00:24:45',2559),
	(14691,1096,35,62,356,'2016-08-18 00:24:45','2016-08-18 00:24:45',2559),
	(14692,1096,35,63,359,'2016-08-18 00:24:45','2016-08-18 00:24:45',2559),
	(14693,1096,35,64,362,'2016-08-18 00:24:45','2016-08-18 00:24:45',2559),
	(14694,1096,35,65,366,'2016-08-18 00:24:45','2016-08-18 00:24:45',2559),
	(14695,1096,35,66,368,'2016-08-18 00:24:45','2016-08-18 00:24:45',2559),
	(14696,1096,35,67,373,'2016-08-18 00:24:45','2016-08-18 00:24:45',2559),
	(14697,1096,35,68,374,'2016-08-18 00:24:45','2016-08-18 00:24:45',2559),
	(14698,1096,35,69,377,'2016-08-18 00:24:45','2016-08-18 00:24:45',2559),
	(14699,1096,35,70,381,'2016-08-18 00:24:45','2016-08-18 00:24:45',2559),
	(14700,1096,35,71,383,'2016-08-18 00:24:45','2016-08-18 00:24:45',2559),
	(14701,1096,35,72,386,'2016-08-18 00:24:45','2016-08-18 00:24:45',2559),
	(14702,1096,35,73,390,'2016-08-18 00:24:45','2016-08-18 00:24:45',2559),
	(14703,1096,35,74,393,'2016-08-18 00:24:45','2016-08-18 00:24:45',2559),
	(14704,1096,35,75,395,'2016-08-18 00:24:45','2016-08-18 00:24:45',2559),
	(14705,1096,35,76,398,'2016-08-18 00:24:45','2016-08-18 00:24:45',2559),
	(14706,1096,35,77,402,'2016-08-18 00:24:45','2016-08-18 00:24:45',2559),
	(14707,1096,35,78,404,'2016-08-18 00:24:45','2016-08-18 00:24:45',2559),
	(14708,1096,35,79,408,'2016-08-18 00:24:45','2016-08-18 00:24:45',2559),
	(14709,1096,35,80,410,'2016-08-18 00:24:45','2016-08-18 00:24:45',2559),
	(14710,1096,35,81,414,'2016-08-18 00:24:45','2016-08-18 00:24:45',2559),
	(14711,1096,35,82,416,'2016-08-18 00:24:45','2016-08-18 00:24:45',2559),
	(14712,1096,35,83,418,'2016-08-18 00:24:45','2016-08-18 00:24:45',2559),
	(14713,1096,35,86,421,'2016-08-18 00:24:45','2016-08-18 00:24:45',2559),
	(14714,1096,35,87,425,'2016-08-18 00:24:45','2016-08-18 00:24:45',2559),
	(14715,1096,35,88,448,'2016-08-18 00:24:46','2016-08-18 00:24:46',2559),
	(14716,1096,35,88,444,'2016-08-18 00:24:46','2016-08-18 00:24:46',2559),
	(14717,1096,35,88,438,'2016-08-18 00:24:46','2016-08-18 00:24:46',2559),
	(14718,1096,35,88,430,'2016-08-18 00:24:46','2016-08-18 00:24:46',2559),
	(14719,1096,35,89,452,'2016-08-18 00:24:46','2016-08-18 00:24:46',2559),
	(14856,1097,35,57,343,'2016-08-18 01:31:02','2016-08-18 01:31:02',2559),
	(14857,1097,35,58,344,'2016-08-18 01:31:02','2016-08-18 01:31:02',2559),
	(14858,1097,35,59,347,'2016-08-18 01:31:02','2016-08-18 01:31:02',2559),
	(14859,1097,35,60,351,'2016-08-18 01:31:02','2016-08-18 01:31:02',2559),
	(14860,1097,35,61,355,'2016-08-18 01:31:02','2016-08-18 01:31:02',2559),
	(14861,1097,35,62,357,'2016-08-18 01:31:02','2016-08-18 01:31:02',2559),
	(14862,1097,35,63,359,'2016-08-18 01:31:02','2016-08-18 01:31:02',2559),
	(14863,1097,35,64,364,'2016-08-18 01:31:02','2016-08-18 01:31:02',2559),
	(14864,1097,35,65,367,'2016-08-18 01:31:02','2016-08-18 01:31:02',2559),
	(14865,1097,35,66,368,'2016-08-18 01:31:02','2016-08-18 01:31:02',2559),
	(14866,1097,35,67,371,'2016-08-18 01:31:02','2016-08-18 01:31:02',2559),
	(14867,1097,35,68,374,'2016-08-18 01:31:02','2016-08-18 01:31:02',2559),
	(14868,1097,35,69,378,'2016-08-18 01:31:02','2016-08-18 01:31:02',2559),
	(14869,1097,35,70,381,'2016-08-18 01:31:02','2016-08-18 01:31:02',2559),
	(14870,1097,35,71,383,'2016-08-18 01:31:02','2016-08-18 01:31:02',2559),
	(14871,1097,35,72,386,'2016-08-18 01:31:02','2016-08-18 01:31:02',2559),
	(14872,1097,35,73,390,'2016-08-18 01:31:02','2016-08-18 01:31:02',2559),
	(14873,1097,35,74,393,'2016-08-18 01:31:02','2016-08-18 01:31:02',2559),
	(14874,1097,35,75,396,'2016-08-18 01:31:02','2016-08-18 01:31:02',2559),
	(14875,1097,35,76,399,'2016-08-18 01:31:02','2016-08-18 01:31:02',2559),
	(14876,1097,35,77,402,'2016-08-18 01:31:02','2016-08-18 01:31:02',2559),
	(14877,1097,35,78,404,'2016-08-18 01:31:03','2016-08-18 01:31:03',2559),
	(14878,1097,35,79,407,'2016-08-18 01:31:03','2016-08-18 01:31:03',2559),
	(14879,1097,35,80,410,'2016-08-18 01:31:03','2016-08-18 01:31:03',2559),
	(14880,1097,35,81,414,'2016-08-18 01:31:03','2016-08-18 01:31:03',2559),
	(14881,1097,35,82,416,'2016-08-18 01:31:03','2016-08-18 01:31:03',2559),
	(14882,1097,35,83,418,'2016-08-18 01:31:03','2016-08-18 01:31:03',2559),
	(14883,1097,35,86,424,'2016-08-18 01:31:03','2016-08-18 01:31:03',2559),
	(14884,1097,35,87,428,'2016-08-18 01:31:03','2016-08-18 01:31:03',2559),
	(14885,1097,35,88,451,'2016-08-18 01:31:03','2016-08-18 01:31:03',2559),
	(14886,1097,35,88,445,'2016-08-18 01:31:03','2016-08-18 01:31:03',2559),
	(14887,1097,35,88,440,'2016-08-18 01:31:03','2016-08-18 01:31:03',2559),
	(14888,1097,35,88,430,'2016-08-18 01:31:03','2016-08-18 01:31:03',2559),
	(14889,1097,35,89,455,'2016-08-18 01:31:03','2016-08-18 01:31:03',2559),
	(14923,1098,35,57,342,'2016-08-18 03:08:32','2016-08-18 03:08:32',2559),
	(14924,1098,35,58,346,'2016-08-18 03:08:32','2016-08-18 03:08:32',2559),
	(14925,1098,35,59,347,'2016-08-18 03:08:32','2016-08-18 03:08:32',2559),
	(14926,1098,35,60,351,'2016-08-18 03:08:32','2016-08-18 03:08:32',2559),
	(14927,1098,35,61,355,'2016-08-18 03:08:32','2016-08-18 03:08:32',2559),
	(14928,1098,35,62,357,'2016-08-18 03:08:32','2016-08-18 03:08:32',2559),
	(14929,1098,35,63,360,'2016-08-18 03:08:32','2016-08-18 03:08:32',2559),
	(14930,1098,35,64,364,'2016-08-18 03:08:32','2016-08-18 03:08:32',2559),
	(14931,1098,35,65,366,'2016-08-18 03:08:32','2016-08-18 03:08:32',2559),
	(14932,1098,35,66,370,'2016-08-18 03:08:32','2016-08-18 03:08:32',2559),
	(14933,1098,35,67,373,'2016-08-18 03:08:32','2016-08-18 03:08:32',2559),
	(14934,1098,35,68,376,'2016-08-18 03:08:32','2016-08-18 03:08:32',2559),
	(14935,1098,35,69,379,'2016-08-18 03:08:32','2016-08-18 03:08:32',2559),
	(14936,1098,35,70,381,'2016-08-18 03:08:32','2016-08-18 03:08:32',2559),
	(14937,1098,35,71,385,'2016-08-18 03:08:32','2016-08-18 03:08:32',2559),
	(14938,1098,35,72,388,'2016-08-18 03:08:32','2016-08-18 03:08:32',2559),
	(14939,1098,35,73,390,'2016-08-18 03:08:32','2016-08-18 03:08:32',2559),
	(14940,1098,35,74,393,'2016-08-18 03:08:32','2016-08-18 03:08:32',2559),
	(14941,1098,35,75,396,'2016-08-18 03:08:32','2016-08-18 03:08:32',2559),
	(14942,1098,35,76,399,'2016-08-18 03:08:32','2016-08-18 03:08:32',2559),
	(14943,1098,35,77,402,'2016-08-18 03:08:32','2016-08-18 03:08:32',2559),
	(14944,1098,35,78,404,'2016-08-18 03:08:32','2016-08-18 03:08:32',2559),
	(14945,1098,35,79,407,'2016-08-18 03:08:32','2016-08-18 03:08:32',2559),
	(14946,1098,35,80,411,'2016-08-18 03:08:32','2016-08-18 03:08:32',2559),
	(14947,1098,35,81,414,'2016-08-18 03:08:33','2016-08-18 03:08:33',2559),
	(14948,1098,35,82,416,'2016-08-18 03:08:33','2016-08-18 03:08:33',2559),
	(14949,1098,35,86,424,'2016-08-18 03:08:33','2016-08-18 03:08:33',2559),
	(14950,1098,35,87,427,'2016-08-18 03:08:33','2016-08-18 03:08:33',2559),
	(14951,1098,35,88,449,'2016-08-18 03:08:33','2016-08-18 03:08:33',2559),
	(14952,1098,35,88,445,'2016-08-18 03:08:33','2016-08-18 03:08:33',2559),
	(14953,1098,35,88,439,'2016-08-18 03:08:33','2016-08-18 03:08:33',2559),
	(14954,1098,35,88,431,'2016-08-18 03:08:33','2016-08-18 03:08:33',2559),
	(14955,1098,35,89,453,'2016-08-18 03:08:33','2016-08-18 03:08:33',2559),
	(15908,1099,35,57,342,'2016-08-18 03:19:43','2016-08-18 03:19:43',2559),
	(15909,1099,35,58,346,'2016-08-18 03:19:43','2016-08-18 03:19:43',2559),
	(15910,1099,35,59,349,'2016-08-18 03:19:43','2016-08-18 03:19:43',2559),
	(15911,1099,35,60,351,'2016-08-18 03:19:43','2016-08-18 03:19:43',2559),
	(15912,1099,35,61,355,'2016-08-18 03:19:43','2016-08-18 03:19:43',2559),
	(15913,1099,35,62,358,'2016-08-18 03:19:43','2016-08-18 03:19:43',2559),
	(15914,1099,35,63,359,'2016-08-18 03:19:43','2016-08-18 03:19:43',2559),
	(15915,1099,35,64,364,'2016-08-18 03:19:43','2016-08-18 03:19:43',2559),
	(15916,1099,35,65,366,'2016-08-18 03:19:43','2016-08-18 03:19:43',2559),
	(15917,1099,35,66,370,'2016-08-18 03:19:43','2016-08-18 03:19:43',2559),
	(15918,1099,35,67,373,'2016-08-18 03:19:43','2016-08-18 03:19:43',2559),
	(15919,1099,35,68,375,'2016-08-18 03:19:43','2016-08-18 03:19:43',2559),
	(15920,1099,35,69,379,'2016-08-18 03:19:43','2016-08-18 03:19:43',2559),
	(15921,1099,35,70,381,'2016-08-18 03:19:43','2016-08-18 03:19:43',2559),
	(15922,1099,35,71,385,'2016-08-18 03:19:43','2016-08-18 03:19:43',2559),
	(15923,1099,35,72,387,'2016-08-18 03:19:43','2016-08-18 03:19:43',2559),
	(15924,1099,35,73,391,'2016-08-18 03:19:44','2016-08-18 03:19:44',2559),
	(15925,1099,35,74,393,'2016-08-18 03:19:44','2016-08-18 03:19:44',2559),
	(15926,1099,35,75,395,'2016-08-18 03:19:44','2016-08-18 03:19:44',2559),
	(15927,1099,35,76,399,'2016-08-18 03:19:44','2016-08-18 03:19:44',2559),
	(15928,1099,35,77,401,'2016-08-18 03:19:44','2016-08-18 03:19:44',2559),
	(15929,1099,35,78,404,'2016-08-18 03:19:44','2016-08-18 03:19:44',2559),
	(15930,1099,35,79,407,'2016-08-18 03:19:44','2016-08-18 03:19:44',2559),
	(15931,1099,35,80,411,'2016-08-18 03:19:44','2016-08-18 03:19:44',2559),
	(15932,1099,35,81,414,'2016-08-18 03:19:44','2016-08-18 03:19:44',2559),
	(15933,1099,35,82,416,'2016-08-18 03:19:44','2016-08-18 03:19:44',2559),
	(15934,1099,35,83,418,'2016-08-18 03:19:44','2016-08-18 03:19:44',2559),
	(15935,1099,35,86,424,'2016-08-18 03:19:44','2016-08-18 03:19:44',2559),
	(15936,1099,35,87,428,'2016-08-18 03:19:44','2016-08-18 03:19:44',2559),
	(15937,1099,35,88,449,'2016-08-18 03:19:44','2016-08-18 03:19:44',2559),
	(15938,1099,35,88,444,'2016-08-18 03:19:44','2016-08-18 03:19:44',2559),
	(15939,1099,35,88,438,'2016-08-18 03:19:44','2016-08-18 03:19:44',2559),
	(15940,1099,35,88,431,'2016-08-18 03:19:44','2016-08-18 03:19:44',2559),
	(15941,1099,35,89,454,'2016-08-18 03:19:44','2016-08-18 03:19:44',2559),
	(18732,1056,35,60,351,'2016-08-19 13:33:42','2016-08-19 13:33:42',2559),
	(18733,1056,35,88,430,'2016-08-19 13:33:42','2016-08-19 13:33:42',2559),
	(18734,1056,35,58,345,'2016-08-19 13:33:42','2016-08-19 13:33:42',2559),
	(18735,1056,35,61,354,'2016-08-19 13:33:42','2016-08-19 13:33:42',2559),
	(18736,1056,35,89,452,'2016-08-19 13:33:42','2016-08-19 13:33:42',2559),
	(18737,1056,35,59,348,'2016-08-19 13:33:42','2016-08-19 13:33:42',2559),
	(18738,1056,35,57,342,'2016-08-19 13:33:42','2016-08-19 13:33:42',2559),
	(18739,1056,35,62,356,'2016-08-19 13:33:42','2016-08-19 13:33:42',2559),
	(18740,1056,35,60,351,'2016-08-19 13:33:42','2016-08-19 13:33:42',2559),
	(18741,1056,35,58,345,'2016-08-19 13:33:42','2016-08-19 13:33:42',2559),
	(18742,1056,35,63,359,'2016-08-19 13:33:42','2016-08-19 13:33:42',2559),
	(18743,1056,35,59,348,'2016-08-19 13:33:42','2016-08-19 13:33:42',2559),
	(18744,1056,35,61,354,'2016-08-19 13:33:42','2016-08-19 13:33:42',2559),
	(18745,1056,35,64,364,'2016-08-19 13:33:42','2016-08-19 13:33:42',2559),
	(18746,1056,35,60,351,'2016-08-19 13:33:42','2016-08-19 13:33:42',2559),
	(18747,1056,35,62,356,'2016-08-19 13:33:42','2016-08-19 13:33:42',2559),
	(18748,1056,35,65,366,'2016-08-19 13:33:42','2016-08-19 13:33:42',2559),
	(18749,1056,35,61,354,'2016-08-19 13:33:42','2016-08-19 13:33:42',2559),
	(18750,1056,35,63,359,'2016-08-19 13:33:42','2016-08-19 13:33:42',2559),
	(18751,1056,35,66,369,'2016-08-19 13:33:42','2016-08-19 13:33:42',2559),
	(18752,1056,35,62,356,'2016-08-19 13:33:42','2016-08-19 13:33:42',2559),
	(18753,1056,35,64,364,'2016-08-19 13:33:42','2016-08-19 13:33:42',2559),
	(18754,1056,35,67,373,'2016-08-19 13:33:42','2016-08-19 13:33:42',2559),
	(18755,1056,35,63,359,'2016-08-19 13:33:42','2016-08-19 13:33:42',2559),
	(18756,1056,35,65,366,'2016-08-19 13:33:42','2016-08-19 13:33:42',2559),
	(18757,1056,35,68,374,'2016-08-19 13:33:42','2016-08-19 13:33:42',2559),
	(18758,1056,35,64,364,'2016-08-19 13:33:43','2016-08-19 13:33:43',2559),
	(18759,1056,35,66,369,'2016-08-19 13:33:43','2016-08-19 13:33:43',2559),
	(18760,1056,35,69,378,'2016-08-19 13:33:43','2016-08-19 13:33:43',2559),
	(18761,1056,35,65,366,'2016-08-19 13:33:43','2016-08-19 13:33:43',2559),
	(18762,1056,35,67,373,'2016-08-19 13:33:43','2016-08-19 13:33:43',2559),
	(18763,1056,35,70,381,'2016-08-19 13:33:43','2016-08-19 13:33:43',2559),
	(18764,1056,35,66,369,'2016-08-19 13:33:43','2016-08-19 13:33:43',2559),
	(18765,1056,35,68,374,'2016-08-19 13:33:43','2016-08-19 13:33:43',2559),
	(18766,1056,35,71,384,'2016-08-19 13:33:43','2016-08-19 13:33:43',2559),
	(18767,1056,35,67,373,'2016-08-19 13:33:43','2016-08-19 13:33:43',2559),
	(18768,1056,35,69,378,'2016-08-19 13:33:43','2016-08-19 13:33:43',2559),
	(18769,1056,35,72,387,'2016-08-19 13:33:43','2016-08-19 13:33:43',2559),
	(18770,1056,35,68,374,'2016-08-19 13:33:43','2016-08-19 13:33:43',2559),
	(18771,1056,35,70,381,'2016-08-19 13:33:43','2016-08-19 13:33:43',2559),
	(18772,1056,35,73,390,'2016-08-19 13:33:43','2016-08-19 13:33:43',2559),
	(18773,1056,35,69,378,'2016-08-19 13:33:43','2016-08-19 13:33:43',2559),
	(18774,1056,35,71,384,'2016-08-19 13:33:43','2016-08-19 13:33:43',2559),
	(18775,1056,35,74,392,'2016-08-19 13:33:43','2016-08-19 13:33:43',2559),
	(18776,1056,35,70,381,'2016-08-19 13:33:43','2016-08-19 13:33:43',2559),
	(18777,1056,35,72,387,'2016-08-19 13:33:43','2016-08-19 13:33:43',2559),
	(18778,1056,35,75,395,'2016-08-19 13:33:43','2016-08-19 13:33:43',2559),
	(18779,1056,35,71,384,'2016-08-19 13:33:43','2016-08-19 13:33:43',2559),
	(18780,1056,35,73,390,'2016-08-19 13:33:43','2016-08-19 13:33:43',2559),
	(18781,1056,35,76,399,'2016-08-19 13:33:43','2016-08-19 13:33:43',2559),
	(18782,1056,35,72,387,'2016-08-19 13:33:43','2016-08-19 13:33:43',2559),
	(18783,1056,35,74,392,'2016-08-19 13:33:43','2016-08-19 13:33:43',2559),
	(18784,1056,35,77,402,'2016-08-19 13:33:43','2016-08-19 13:33:43',2559),
	(18785,1056,35,73,390,'2016-08-19 13:33:43','2016-08-19 13:33:43',2559),
	(18786,1056,35,75,395,'2016-08-19 13:33:43','2016-08-19 13:33:43',2559),
	(18787,1056,35,78,404,'2016-08-19 13:33:43','2016-08-19 13:33:43',2559),
	(18788,1056,35,74,392,'2016-08-19 13:33:43','2016-08-19 13:33:43',2559),
	(18789,1056,35,76,399,'2016-08-19 13:33:43','2016-08-19 13:33:43',2559),
	(18790,1056,35,79,407,'2016-08-19 13:33:43','2016-08-19 13:33:43',2559),
	(18791,1056,35,75,395,'2016-08-19 13:33:43','2016-08-19 13:33:43',2559),
	(18792,1056,35,77,402,'2016-08-19 13:33:43','2016-08-19 13:33:43',2559),
	(18793,1056,35,80,411,'2016-08-19 13:33:43','2016-08-19 13:33:43',2559),
	(18794,1056,35,76,399,'2016-08-19 13:33:43','2016-08-19 13:33:43',2559),
	(18795,1056,35,78,404,'2016-08-19 13:33:43','2016-08-19 13:33:43',2559),
	(18796,1056,35,81,414,'2016-08-19 13:33:43','2016-08-19 13:33:43',2559),
	(18797,1056,35,77,402,'2016-08-19 13:33:43','2016-08-19 13:33:43',2559),
	(18798,1056,35,79,407,'2016-08-19 13:33:43','2016-08-19 13:33:43',2559),
	(18799,1056,35,82,416,'2016-08-19 13:33:43','2016-08-19 13:33:43',2559),
	(18800,1056,35,78,404,'2016-08-19 13:33:43','2016-08-19 13:33:43',2559),
	(18801,1056,35,80,411,'2016-08-19 13:33:43','2016-08-19 13:33:43',2559),
	(18802,1056,35,83,417,'2016-08-19 13:33:43','2016-08-19 13:33:43',2559),
	(18803,1056,35,79,407,'2016-08-19 13:33:43','2016-08-19 13:33:43',2559),
	(18804,1056,35,81,414,'2016-08-19 13:33:43','2016-08-19 13:33:43',2559),
	(18805,1056,35,86,421,'2016-08-19 13:33:43','2016-08-19 13:33:43',2559),
	(18806,1056,35,80,411,'2016-08-19 13:33:43','2016-08-19 13:33:43',2559),
	(18807,1056,35,82,416,'2016-08-19 13:33:43','2016-08-19 13:33:43',2559),
	(18808,1056,35,87,425,'2016-08-19 13:33:43','2016-08-19 13:33:43',2559),
	(18809,1056,35,81,414,'2016-08-19 13:33:43','2016-08-19 13:33:43',2559),
	(18810,1056,35,83,417,'2016-08-19 13:33:43','2016-08-19 13:33:43',2559),
	(18811,1056,35,88,448,'2016-08-19 13:33:43','2016-08-19 13:33:43',2559),
	(18812,1056,35,82,416,'2016-08-19 13:33:43','2016-08-19 13:33:43',2559),
	(18813,1056,35,86,421,'2016-08-19 13:33:43','2016-08-19 13:33:43',2559),
	(18814,1056,35,88,443,'2016-08-19 13:33:44','2016-08-19 13:33:44',2559),
	(18815,1056,35,83,417,'2016-08-19 13:33:44','2016-08-19 13:33:44',2559),
	(18816,1056,35,87,425,'2016-08-19 13:33:44','2016-08-19 13:33:44',2559),
	(18817,1056,35,88,438,'2016-08-19 13:33:44','2016-08-19 13:33:44',2559),
	(18818,1056,35,86,421,'2016-08-19 13:33:44','2016-08-19 13:33:44',2559),
	(18819,1056,35,88,448,'2016-08-19 13:33:44','2016-08-19 13:33:44',2559),
	(18820,1056,35,88,430,'2016-08-19 13:33:44','2016-08-19 13:33:44',2559),
	(18821,1056,35,87,425,'2016-08-19 13:33:44','2016-08-19 13:33:44',2559),
	(18822,1056,35,88,443,'2016-08-19 13:33:44','2016-08-19 13:33:44',2559),
	(18823,1056,35,89,452,'2016-08-19 13:33:44','2016-08-19 13:33:44',2559),
	(18824,1056,35,88,448,'2016-08-19 13:33:44','2016-08-19 13:33:44',2559),
	(18825,1056,35,88,438,'2016-08-19 13:33:44','2016-08-19 13:33:44',2559),
	(18826,1056,35,88,443,'2016-08-19 13:33:44','2016-08-19 13:33:44',2559),
	(18827,1056,35,88,430,'2016-08-19 13:33:44','2016-08-19 13:33:44',2559),
	(18828,1056,35,88,438,'2016-08-19 13:33:44','2016-08-19 13:33:44',2559),
	(18829,1056,35,89,452,'2016-08-19 13:33:44','2016-08-19 13:33:44',2559),
	(18830,1056,35,88,430,'2016-08-19 13:33:44','2016-08-19 13:33:44',2559),
	(18831,1056,35,89,452,'2016-08-19 13:33:44','2016-08-19 13:33:44',2559),
	(18852,1100,33,24,84,'2016-08-21 01:28:43','2016-08-21 01:28:43',2559),
	(18853,1100,33,26,89,'2016-08-21 01:28:43','2016-08-21 01:28:43',2559),
	(18854,1100,33,27,93,'2016-08-21 01:28:44','2016-08-21 01:28:44',2559),
	(18855,1100,33,28,97,'2016-08-21 01:28:44','2016-08-21 01:28:44',2559),
	(18856,1100,33,29,98,'2016-08-21 01:28:44','2016-08-21 01:28:44',2559),
	(18857,1100,33,30,105,'2016-08-21 01:28:44','2016-08-21 01:28:44',2559),
	(18858,1100,33,31,109,'2016-08-21 01:28:44','2016-08-21 01:28:44',2559),
	(18859,1100,33,32,113,'2016-08-21 01:28:44','2016-08-21 01:28:44',2559),
	(18860,1100,33,33,117,'2016-08-21 01:28:44','2016-08-21 01:28:44',2559),
	(18861,1100,33,34,118,'2016-08-21 01:28:44','2016-08-21 01:28:44',2559),
	(18862,1100,33,35,125,'2016-08-21 01:28:44','2016-08-21 01:28:44',2559),
	(18863,1100,33,36,129,'2016-08-21 01:28:44','2016-08-21 01:28:44',2559),
	(18864,1100,33,37,133,'2016-08-21 01:28:44','2016-08-21 01:28:44',2559),
	(18865,1100,33,38,137,'2016-08-21 01:28:44','2016-08-21 01:28:44',2559),
	(18866,1100,33,39,138,'2016-08-21 01:28:44','2016-08-21 01:28:44',2559),
	(18867,1100,33,40,145,'2016-08-21 01:28:44','2016-08-21 01:28:44',2559),
	(18868,1100,33,41,149,'2016-08-21 01:28:44','2016-08-21 01:28:44',2559),
	(18869,1100,33,42,153,'2016-08-21 01:28:44','2016-08-21 01:28:44',2559),
	(18870,1100,33,43,157,'2016-08-21 01:28:44','2016-08-21 01:28:44',2559),
	(18871,1100,33,44,163,'2016-08-21 01:28:44','2016-08-21 01:28:44',2559),
	(18892,1080,33,24,83,'2016-08-21 01:29:36','2016-08-21 01:29:36',2559),
	(18893,1080,33,26,89,'2016-08-21 01:29:36','2016-08-21 01:29:36',2559),
	(18894,1080,33,27,92,'2016-08-21 01:29:36','2016-08-21 01:29:36',2559),
	(18895,1080,33,28,95,'2016-08-21 01:29:36','2016-08-21 01:29:36',2559),
	(18896,1080,33,29,100,'2016-08-21 01:29:36','2016-08-21 01:29:36',2559),
	(18897,1080,33,30,105,'2016-08-21 01:29:36','2016-08-21 01:29:36',2559),
	(18898,1080,33,31,109,'2016-08-21 01:29:36','2016-08-21 01:29:36',2559),
	(18899,1080,33,32,113,'2016-08-21 01:29:36','2016-08-21 01:29:36',2559),
	(18900,1080,33,33,115,'2016-08-21 01:29:36','2016-08-21 01:29:36',2559),
	(18901,1080,33,34,118,'2016-08-21 01:29:36','2016-08-21 01:29:36',2559),
	(18902,1080,33,35,124,'2016-08-21 01:29:36','2016-08-21 01:29:36',2559),
	(18903,1080,33,36,128,'2016-08-21 01:29:36','2016-08-21 01:29:36',2559),
	(18904,1080,33,37,132,'2016-08-21 01:29:36','2016-08-21 01:29:36',2559),
	(18905,1080,33,38,134,'2016-08-21 01:29:36','2016-08-21 01:29:36',2559),
	(18906,1080,33,39,140,'2016-08-21 01:29:36','2016-08-21 01:29:36',2559),
	(18907,1080,33,40,144,'2016-08-21 01:29:36','2016-08-21 01:29:36',2559),
	(18908,1080,33,41,149,'2016-08-21 01:29:37','2016-08-21 01:29:37',2559),
	(18909,1080,33,42,153,'2016-08-21 01:29:37','2016-08-21 01:29:37',2559),
	(18910,1080,33,43,157,'2016-08-21 01:29:37','2016-08-21 01:29:37',2559),
	(18911,1080,33,44,340,'2016-08-21 01:29:37','2016-08-21 01:29:37',2559),
	(19512,1101,33,24,83,'2016-08-21 02:01:21','2016-08-21 02:01:21',2559),
	(19513,1101,33,26,89,'2016-08-21 02:01:21','2016-08-21 02:01:21',2559),
	(19514,1101,33,27,92,'2016-08-21 02:01:21','2016-08-21 02:01:21',2559),
	(19515,1101,33,28,97,'2016-08-21 02:01:21','2016-08-21 02:01:21',2559),
	(19516,1101,33,29,98,'2016-08-21 02:01:21','2016-08-21 02:01:21',2559),
	(19517,1101,33,30,105,'2016-08-21 02:01:21','2016-08-21 02:01:21',2559),
	(19518,1101,33,31,109,'2016-08-21 02:01:21','2016-08-21 02:01:21',2559),
	(19519,1101,33,32,113,'2016-08-21 02:01:21','2016-08-21 02:01:21',2559),
	(19520,1101,33,33,117,'2016-08-21 02:01:21','2016-08-21 02:01:21',2559),
	(19521,1101,33,34,118,'2016-08-21 02:01:21','2016-08-21 02:01:21',2559),
	(19522,1101,33,35,125,'2016-08-21 02:01:21','2016-08-21 02:01:21',2559),
	(19523,1101,33,36,129,'2016-08-21 02:01:21','2016-08-21 02:01:21',2559),
	(19524,1101,33,37,133,'2016-08-21 02:01:21','2016-08-21 02:01:21',2559),
	(19525,1101,33,38,137,'2016-08-21 02:01:21','2016-08-21 02:01:21',2559),
	(19526,1101,33,39,138,'2016-08-21 02:01:21','2016-08-21 02:01:21',2559),
	(19527,1101,33,40,145,'2016-08-21 02:01:21','2016-08-21 02:01:21',2559),
	(19528,1101,33,41,149,'2016-08-21 02:01:21','2016-08-21 02:01:21',2559),
	(19529,1101,33,42,153,'2016-08-21 02:01:21','2016-08-21 02:01:21',2559),
	(19530,1101,33,43,157,'2016-08-21 02:01:21','2016-08-21 02:01:21',2559),
	(19531,1101,33,44,340,'2016-08-21 02:01:21','2016-08-21 02:01:21',2559),
	(19566,1064,35,57,343,'2016-08-21 03:19:11','2016-08-21 03:19:11',2559),
	(19567,1064,35,58,345,'2016-08-21 03:19:11','2016-08-21 03:19:11',2559),
	(19568,1064,35,59,347,'2016-08-21 03:19:11','2016-08-21 03:19:11',2559),
	(19569,1064,35,60,352,'2016-08-21 03:19:11','2016-08-21 03:19:11',2559),
	(19570,1064,35,61,354,'2016-08-21 03:19:11','2016-08-21 03:19:11',2559),
	(19571,1064,35,62,356,'2016-08-21 03:19:11','2016-08-21 03:19:11',2559),
	(19572,1064,35,63,360,'2016-08-21 03:19:11','2016-08-21 03:19:11',2559),
	(19573,1064,35,64,364,'2016-08-21 03:19:11','2016-08-21 03:19:11',2559),
	(19574,1064,35,65,367,'2016-08-21 03:19:11','2016-08-21 03:19:11',2559),
	(19575,1064,35,66,368,'2016-08-21 03:19:11','2016-08-21 03:19:11',2559),
	(19576,1064,35,67,373,'2016-08-21 03:19:11','2016-08-21 03:19:11',2559),
	(19577,1064,35,68,374,'2016-08-21 03:19:11','2016-08-21 03:19:11',2559),
	(19578,1064,35,69,377,'2016-08-21 03:19:11','2016-08-21 03:19:11',2559),
	(19579,1064,35,70,382,'2016-08-21 03:19:11','2016-08-21 03:19:11',2559),
	(19580,1064,35,71,384,'2016-08-21 03:19:11','2016-08-21 03:19:11',2559),
	(19581,1064,35,72,388,'2016-08-21 03:19:11','2016-08-21 03:19:11',2559),
	(19582,1064,35,73,390,'2016-08-21 03:19:12','2016-08-21 03:19:12',2559),
	(19583,1064,35,74,392,'2016-08-21 03:19:12','2016-08-21 03:19:12',2559),
	(19584,1064,35,75,396,'2016-08-21 03:19:12','2016-08-21 03:19:12',2559),
	(19585,1064,35,76,399,'2016-08-21 03:19:12','2016-08-21 03:19:12',2559),
	(19586,1064,35,77,403,'2016-08-21 03:19:12','2016-08-21 03:19:12',2559),
	(19587,1064,35,78,404,'2016-08-21 03:19:12','2016-08-21 03:19:12',2559),
	(19588,1064,35,79,408,'2016-08-21 03:19:12','2016-08-21 03:19:12',2559),
	(19589,1064,35,80,410,'2016-08-21 03:19:12','2016-08-21 03:19:12',2559),
	(19590,1064,35,81,413,'2016-08-21 03:19:12','2016-08-21 03:19:12',2559),
	(19591,1064,35,82,416,'2016-08-21 03:19:12','2016-08-21 03:19:12',2559),
	(19592,1064,35,83,417,'2016-08-21 03:19:12','2016-08-21 03:19:12',2559),
	(19593,1064,35,86,421,'2016-08-21 03:19:12','2016-08-21 03:19:12',2559),
	(19594,1064,35,87,425,'2016-08-21 03:19:12','2016-08-21 03:19:12',2559),
	(19595,1064,35,88,448,'2016-08-21 03:19:12','2016-08-21 03:19:12',2559),
	(19596,1064,35,88,443,'2016-08-21 03:19:12','2016-08-21 03:19:12',2559),
	(19597,1064,35,88,438,'2016-08-21 03:19:12','2016-08-21 03:19:12',2559),
	(19598,1064,35,88,430,'2016-08-21 03:19:12','2016-08-21 03:19:12',2559),
	(19599,1064,35,89,452,'2016-08-21 03:19:12','2016-08-21 03:19:12',2559),
	(19804,1102,35,57,342,'2016-08-21 04:14:53','2016-08-21 04:14:53',2559),
	(19805,1102,35,58,345,'2016-08-21 04:14:53','2016-08-21 04:14:53',2559),
	(19806,1102,35,59,347,'2016-08-21 04:14:53','2016-08-21 04:14:53',2559),
	(19807,1102,35,60,352,'2016-08-21 04:14:53','2016-08-21 04:14:53',2559),
	(19808,1102,35,61,354,'2016-08-21 04:14:53','2016-08-21 04:14:53',2559),
	(19809,1102,35,62,356,'2016-08-21 04:14:53','2016-08-21 04:14:53',2559),
	(19810,1102,35,63,359,'2016-08-21 04:14:53','2016-08-21 04:14:53',2559),
	(19811,1102,35,64,363,'2016-08-21 04:14:53','2016-08-21 04:14:53',2559),
	(19812,1102,35,65,367,'2016-08-21 04:14:53','2016-08-21 04:14:53',2559),
	(19813,1102,35,66,369,'2016-08-21 04:14:54','2016-08-21 04:14:54',2559),
	(19814,1102,35,67,373,'2016-08-21 04:14:54','2016-08-21 04:14:54',2559),
	(19815,1102,35,68,374,'2016-08-21 04:14:54','2016-08-21 04:14:54',2559),
	(19816,1102,35,69,377,'2016-08-21 04:14:54','2016-08-21 04:14:54',2559),
	(19817,1102,35,70,381,'2016-08-21 04:14:54','2016-08-21 04:14:54',2559),
	(19818,1102,35,71,384,'2016-08-21 04:14:54','2016-08-21 04:14:54',2559),
	(19819,1102,35,72,388,'2016-08-21 04:14:54','2016-08-21 04:14:54',2559),
	(19820,1102,35,73,390,'2016-08-21 04:14:54','2016-08-21 04:14:54',2559),
	(19821,1102,35,74,392,'2016-08-21 04:14:54','2016-08-21 04:14:54',2559),
	(19822,1102,35,75,395,'2016-08-21 04:14:54','2016-08-21 04:14:54',2559),
	(19823,1102,35,76,399,'2016-08-21 04:14:54','2016-08-21 04:14:54',2559),
	(19824,1102,35,77,402,'2016-08-21 04:14:54','2016-08-21 04:14:54',2559),
	(19825,1102,35,78,404,'2016-08-21 04:14:54','2016-08-21 04:14:54',2559),
	(19826,1102,35,79,408,'2016-08-21 04:14:54','2016-08-21 04:14:54',2559),
	(19827,1102,35,80,410,'2016-08-21 04:14:54','2016-08-21 04:14:54',2559),
	(19828,1102,35,81,414,'2016-08-21 04:14:54','2016-08-21 04:14:54',2559),
	(19829,1102,35,82,416,'2016-08-21 04:14:54','2016-08-21 04:14:54',2559),
	(19830,1102,35,83,417,'2016-08-21 04:14:54','2016-08-21 04:14:54',2559),
	(19831,1102,35,86,421,'2016-08-21 04:14:54','2016-08-21 04:14:54',2559),
	(19832,1102,35,87,425,'2016-08-21 04:14:54','2016-08-21 04:14:54',2559),
	(19833,1102,35,88,448,'2016-08-21 04:14:54','2016-08-21 04:14:54',2559),
	(19834,1102,35,88,443,'2016-08-21 04:14:54','2016-08-21 04:14:54',2559),
	(19835,1102,35,88,438,'2016-08-21 04:14:54','2016-08-21 04:14:54',2559),
	(19836,1102,35,88,430,'2016-08-21 04:14:54','2016-08-21 04:14:54',2559),
	(19837,1102,35,89,452,'2016-08-21 04:14:54','2016-08-21 04:14:54',2559),
	(19872,1103,35,57,342,'2016-08-21 05:36:51','2016-08-21 05:36:51',2559),
	(19873,1103,35,58,346,'2016-08-21 05:36:51','2016-08-21 05:36:51',2559),
	(19874,1103,35,59,347,'2016-08-21 05:36:51','2016-08-21 05:36:51',2559),
	(19875,1103,35,60,351,'2016-08-21 05:36:51','2016-08-21 05:36:51',2559),
	(19876,1103,35,61,353,'2016-08-21 05:36:51','2016-08-21 05:36:51',2559),
	(19877,1103,35,62,356,'2016-08-21 05:36:51','2016-08-21 05:36:51',2559),
	(19878,1103,35,63,360,'2016-08-21 05:36:51','2016-08-21 05:36:51',2559),
	(19879,1103,35,64,362,'2016-08-21 05:36:51','2016-08-21 05:36:51',2559),
	(19880,1103,35,65,366,'2016-08-21 05:36:51','2016-08-21 05:36:51',2559),
	(19881,1103,35,66,368,'2016-08-21 05:36:51','2016-08-21 05:36:51',2559),
	(19882,1103,35,67,373,'2016-08-21 05:36:51','2016-08-21 05:36:51',2559),
	(19883,1103,35,68,374,'2016-08-21 05:36:51','2016-08-21 05:36:51',2559),
	(19884,1103,35,69,377,'2016-08-21 05:36:51','2016-08-21 05:36:51',2559),
	(19885,1103,35,70,381,'2016-08-21 05:36:51','2016-08-21 05:36:51',2559),
	(19886,1103,35,71,383,'2016-08-21 05:36:51','2016-08-21 05:36:51',2559),
	(19887,1103,35,72,386,'2016-08-21 05:36:51','2016-08-21 05:36:51',2559),
	(19888,1103,35,73,390,'2016-08-21 05:36:51','2016-08-21 05:36:51',2559),
	(19889,1103,35,74,392,'2016-08-21 05:36:51','2016-08-21 05:36:51',2559),
	(19890,1103,35,75,395,'2016-08-21 05:36:51','2016-08-21 05:36:51',2559),
	(19891,1103,35,76,400,'2016-08-21 05:36:51','2016-08-21 05:36:51',2559),
	(19892,1103,35,77,402,'2016-08-21 05:36:51','2016-08-21 05:36:51',2559),
	(19893,1103,35,78,404,'2016-08-21 05:36:51','2016-08-21 05:36:51',2559),
	(19894,1103,35,79,407,'2016-08-21 05:36:51','2016-08-21 05:36:51',2559),
	(19895,1103,35,80,410,'2016-08-21 05:36:51','2016-08-21 05:36:51',2559),
	(19896,1103,35,81,414,'2016-08-21 05:36:51','2016-08-21 05:36:51',2559),
	(19897,1103,35,82,416,'2016-08-21 05:36:51','2016-08-21 05:36:51',2559),
	(19898,1103,35,83,418,'2016-08-21 05:36:51','2016-08-21 05:36:51',2559),
	(19899,1103,35,86,421,'2016-08-21 05:36:51','2016-08-21 05:36:51',2559),
	(19900,1103,35,87,425,'2016-08-21 05:36:51','2016-08-21 05:36:51',2559),
	(19901,1103,35,88,448,'2016-08-21 05:36:51','2016-08-21 05:36:51',2559),
	(19902,1103,35,88,444,'2016-08-21 05:36:51','2016-08-21 05:36:51',2559),
	(19903,1103,35,88,438,'2016-08-21 05:36:51','2016-08-21 05:36:51',2559),
	(19904,1103,35,88,430,'2016-08-21 05:36:51','2016-08-21 05:36:51',2559),
	(19905,1103,35,89,453,'2016-08-21 05:36:52','2016-08-21 05:36:52',2559),
	(19906,1056,33,24,84,'2016-08-21 05:50:42','2016-08-21 05:50:42',2559),
	(19907,1056,33,26,89,'2016-08-21 05:50:42','2016-08-21 05:50:42',2559),
	(19908,1056,33,27,93,'2016-08-21 05:50:42','2016-08-21 05:50:42',2559),
	(19909,1056,33,28,97,'2016-08-21 05:50:42','2016-08-21 05:50:42',2559),
	(19910,1056,33,29,101,'2016-08-21 05:50:42','2016-08-21 05:50:42',2559),
	(19911,1056,33,30,105,'2016-08-21 05:50:42','2016-08-21 05:50:42',2559),
	(19912,1056,33,31,109,'2016-08-21 05:50:42','2016-08-21 05:50:42',2559),
	(19913,1056,33,32,113,'2016-08-21 05:50:42','2016-08-21 05:50:42',2559),
	(19914,1056,33,33,117,'2016-08-21 05:50:42','2016-08-21 05:50:42',2559),
	(19915,1056,33,34,121,'2016-08-21 05:50:43','2016-08-21 05:50:43',2559),
	(19916,1056,33,35,125,'2016-08-21 05:50:43','2016-08-21 05:50:43',2559),
	(19917,1056,33,36,129,'2016-08-21 05:50:43','2016-08-21 05:50:43',2559),
	(19918,1056,33,37,133,'2016-08-21 05:50:43','2016-08-21 05:50:43',2559),
	(19919,1056,33,38,137,'2016-08-21 05:50:43','2016-08-21 05:50:43',2559),
	(19920,1056,33,39,141,'2016-08-21 05:50:43','2016-08-21 05:50:43',2559),
	(19921,1056,33,40,145,'2016-08-21 05:50:43','2016-08-21 05:50:43',2559),
	(19922,1056,33,41,149,'2016-08-21 05:50:43','2016-08-21 05:50:43',2559),
	(19923,1056,33,42,153,'2016-08-21 05:50:43','2016-08-21 05:50:43',2559),
	(19924,1056,33,43,157,'2016-08-21 05:50:43','2016-08-21 05:50:43',2559),
	(19925,1056,33,44,340,'2016-08-21 05:50:43','2016-08-21 05:50:43',2559),
	(19926,1104,35,57,343,'2016-08-21 05:53:01','2016-08-21 05:53:01',2559),
	(19927,1104,35,58,345,'2016-08-21 05:53:01','2016-08-21 05:53:01',2559),
	(19928,1104,35,59,347,'2016-08-21 05:53:01','2016-08-21 05:53:01',2559),
	(19929,1104,35,60,351,'2016-08-21 05:53:01','2016-08-21 05:53:01',2559),
	(19930,1104,35,61,354,'2016-08-21 05:53:01','2016-08-21 05:53:01',2559),
	(19931,1104,35,62,356,'2016-08-21 05:53:01','2016-08-21 05:53:01',2559),
	(19932,1104,35,63,360,'2016-08-21 05:53:01','2016-08-21 05:53:01',2559),
	(19933,1104,35,64,363,'2016-08-21 05:53:01','2016-08-21 05:53:01',2559),
	(19934,1104,35,65,367,'2016-08-21 05:53:01','2016-08-21 05:53:01',2559),
	(19935,1104,35,66,368,'2016-08-21 05:53:02','2016-08-21 05:53:02',2559),
	(19936,1104,35,67,373,'2016-08-21 05:53:02','2016-08-21 05:53:02',2559),
	(19937,1104,35,68,374,'2016-08-21 05:53:02','2016-08-21 05:53:02',2559),
	(19938,1104,35,69,377,'2016-08-21 05:53:02','2016-08-21 05:53:02',2559),
	(19939,1104,35,70,381,'2016-08-21 05:53:02','2016-08-21 05:53:02',2559),
	(19940,1104,35,71,383,'2016-08-21 05:53:02','2016-08-21 05:53:02',2559),
	(19941,1104,35,72,387,'2016-08-21 05:53:02','2016-08-21 05:53:02',2559),
	(19942,1104,35,73,390,'2016-08-21 05:53:02','2016-08-21 05:53:02',2559),
	(19943,1104,35,74,392,'2016-08-21 05:53:02','2016-08-21 05:53:02',2559),
	(19944,1104,35,75,395,'2016-08-21 05:53:02','2016-08-21 05:53:02',2559),
	(19945,1104,35,76,400,'2016-08-21 05:53:02','2016-08-21 05:53:02',2559),
	(19946,1104,35,77,402,'2016-08-21 05:53:02','2016-08-21 05:53:02',2559),
	(19947,1104,35,78,404,'2016-08-21 05:53:02','2016-08-21 05:53:02',2559),
	(19948,1104,35,79,407,'2016-08-21 05:53:02','2016-08-21 05:53:02',2559),
	(19949,1104,35,80,411,'2016-08-21 05:53:02','2016-08-21 05:53:02',2559),
	(19950,1104,35,81,414,'2016-08-21 05:53:02','2016-08-21 05:53:02',2559),
	(19951,1104,35,82,416,'2016-08-21 05:53:02','2016-08-21 05:53:02',2559),
	(19952,1104,35,83,418,'2016-08-21 05:53:02','2016-08-21 05:53:02',2559),
	(19953,1104,35,86,422,'2016-08-21 05:53:02','2016-08-21 05:53:02',2559),
	(19954,1104,35,87,426,'2016-08-21 05:53:02','2016-08-21 05:53:02',2559),
	(19955,1104,35,88,448,'2016-08-21 05:53:02','2016-08-21 05:53:02',2559),
	(19956,1104,35,88,443,'2016-08-21 05:53:02','2016-08-21 05:53:02',2559),
	(19957,1104,35,88,439,'2016-08-21 05:53:02','2016-08-21 05:53:02',2559),
	(19958,1104,35,88,430,'2016-08-21 05:53:02','2016-08-21 05:53:02',2559),
	(19959,1104,35,89,452,'2016-08-21 05:53:02','2016-08-21 05:53:02',2559),
	(20040,1045,33,24,82,'2016-08-21 07:12:05','2016-08-21 07:12:05',2559),
	(20041,1045,33,26,89,'2016-08-21 07:12:05','2016-08-21 07:12:05',2559),
	(20042,1045,33,27,90,'2016-08-21 07:12:05','2016-08-21 07:12:05',2559),
	(20043,1045,33,28,94,'2016-08-21 07:12:05','2016-08-21 07:12:05',2559),
	(20044,1045,33,29,99,'2016-08-21 07:12:05','2016-08-21 07:12:05',2559),
	(20045,1045,33,30,102,'2016-08-21 07:12:05','2016-08-21 07:12:05',2559),
	(20046,1045,33,31,106,'2016-08-21 07:12:05','2016-08-21 07:12:05',2559),
	(20047,1045,33,32,110,'2016-08-21 07:12:05','2016-08-21 07:12:05',2559),
	(20048,1045,33,33,115,'2016-08-21 07:12:05','2016-08-21 07:12:05',2559),
	(20049,1045,33,34,118,'2016-08-21 07:12:05','2016-08-21 07:12:05',2559),
	(20050,1045,33,35,125,'2016-08-21 07:12:05','2016-08-21 07:12:05',2559),
	(20051,1045,33,36,129,'2016-08-21 07:12:05','2016-08-21 07:12:05',2559),
	(20052,1045,33,37,132,'2016-08-21 07:12:05','2016-08-21 07:12:05',2559),
	(20053,1045,33,38,136,'2016-08-21 07:12:05','2016-08-21 07:12:05',2559),
	(20054,1045,33,39,138,'2016-08-21 07:12:05','2016-08-21 07:12:05',2559),
	(20055,1045,33,40,142,'2016-08-21 07:12:05','2016-08-21 07:12:05',2559),
	(20056,1045,33,41,146,'2016-08-21 07:12:05','2016-08-21 07:12:05',2559),
	(20057,1045,33,42,153,'2016-08-21 07:12:05','2016-08-21 07:12:05',2559),
	(20058,1045,33,43,156,'2016-08-21 07:12:05','2016-08-21 07:12:05',2559),
	(20059,1045,33,44,340,'2016-08-21 07:12:05','2016-08-21 07:12:05',2559),
	(20060,1045,32,4,2,'2016-08-21 07:15:45','2016-08-21 07:15:45',2559),
	(20061,1045,32,5,6,'2016-08-21 07:15:45','2016-08-21 07:15:45',2559),
	(20062,1045,32,6,9,'2016-08-21 07:15:45','2016-08-21 07:15:45',2559),
	(20063,1045,32,7,14,'2016-08-21 07:15:45','2016-08-21 07:15:45',2559),
	(20064,1045,32,8,20,'2016-08-21 07:15:45','2016-08-21 07:15:45',2559),
	(20065,1045,32,9,24,'2016-08-21 07:15:45','2016-08-21 07:15:45',2559),
	(20066,1045,32,10,26,'2016-08-21 07:15:45','2016-08-21 07:15:45',2559),
	(20067,1045,32,11,30,'2016-08-21 07:15:45','2016-08-21 07:15:45',2559),
	(20068,1045,32,12,36,'2016-08-21 07:15:45','2016-08-21 07:15:45',2559),
	(20069,1045,32,13,38,'2016-08-21 07:15:45','2016-08-21 07:15:45',2559),
	(20070,1045,32,14,43,'2016-08-21 07:15:45','2016-08-21 07:15:45',2559),
	(20071,1045,32,15,48,'2016-08-21 07:15:45','2016-08-21 07:15:45',2559),
	(20072,1045,32,16,52,'2016-08-21 07:15:45','2016-08-21 07:15:45',2559),
	(20073,1045,32,17,54,'2016-08-21 07:15:45','2016-08-21 07:15:45',2559),
	(20074,1045,32,18,58,'2016-08-21 07:15:45','2016-08-21 07:15:45',2559),
	(20075,1045,32,19,64,'2016-08-21 07:15:45','2016-08-21 07:15:45',2559),
	(20076,1045,32,20,66,'2016-08-21 07:15:45','2016-08-21 07:15:45',2559),
	(20077,1045,32,21,72,'2016-08-21 07:15:45','2016-08-21 07:15:45',2559),
	(20078,1045,32,22,76,'2016-08-21 07:15:45','2016-08-21 07:15:45',2559),
	(20079,1045,32,23,78,'2016-08-21 07:15:45','2016-08-21 07:15:45',2559),
	(20160,1106,33,24,83,'2016-08-21 09:11:31','2016-08-21 09:11:31',2559),
	(20161,1106,33,26,88,'2016-08-21 09:11:31','2016-08-21 09:11:31',2559),
	(20162,1106,33,27,92,'2016-08-21 09:11:31','2016-08-21 09:11:31',2559),
	(20163,1106,33,28,95,'2016-08-21 09:11:31','2016-08-21 09:11:31',2559),
	(20164,1106,33,29,98,'2016-08-21 09:11:31','2016-08-21 09:11:31',2559),
	(20165,1106,33,30,103,'2016-08-21 09:11:31','2016-08-21 09:11:31',2559),
	(20166,1106,33,31,108,'2016-08-21 09:11:31','2016-08-21 09:11:31',2559),
	(20167,1106,33,32,111,'2016-08-21 09:11:31','2016-08-21 09:11:31',2559),
	(20168,1106,33,33,117,'2016-08-21 09:11:31','2016-08-21 09:11:31',2559),
	(20169,1106,33,34,118,'2016-08-21 09:11:31','2016-08-21 09:11:31',2559),
	(20170,1106,33,35,124,'2016-08-21 09:11:31','2016-08-21 09:11:31',2559),
	(20171,1106,33,36,129,'2016-08-21 09:11:31','2016-08-21 09:11:31',2559),
	(20172,1106,33,37,133,'2016-08-21 09:11:31','2016-08-21 09:11:31',2559),
	(20173,1106,33,38,137,'2016-08-21 09:11:31','2016-08-21 09:11:31',2559),
	(20174,1106,33,39,138,'2016-08-21 09:11:31','2016-08-21 09:11:31',2559),
	(20175,1106,33,40,143,'2016-08-21 09:11:31','2016-08-21 09:11:31',2559),
	(20176,1106,33,41,149,'2016-08-21 09:11:31','2016-08-21 09:11:31',2559),
	(20177,1106,33,42,153,'2016-08-21 09:11:31','2016-08-21 09:11:31',2559),
	(20178,1106,33,43,155,'2016-08-21 09:11:31','2016-08-21 09:11:31',2559),
	(20179,1106,33,44,340,'2016-08-21 09:11:31','2016-08-21 09:11:31',2559),
	(20180,1105,32,4,2,'2016-08-21 09:12:10','2016-08-21 09:12:10',2559),
	(20181,1105,32,5,6,'2016-08-21 09:12:10','2016-08-21 09:12:10',2559),
	(20182,1105,32,6,9,'2016-08-21 09:12:10','2016-08-21 09:12:10',2559),
	(20183,1105,32,7,14,'2016-08-21 09:12:10','2016-08-21 09:12:10',2559),
	(20184,1105,32,8,20,'2016-08-21 09:12:10','2016-08-21 09:12:10',2559),
	(20185,1105,32,9,22,'2016-08-21 09:12:10','2016-08-21 09:12:10',2559),
	(20186,1105,32,10,26,'2016-08-21 09:12:10','2016-08-21 09:12:10',2559),
	(20187,1105,32,11,30,'2016-08-21 09:12:10','2016-08-21 09:12:10',2559),
	(20188,1105,32,12,33,'2016-08-21 09:12:10','2016-08-21 09:12:10',2559),
	(20189,1105,32,13,38,'2016-08-21 09:12:10','2016-08-21 09:12:10',2559),
	(20190,1105,32,14,42,'2016-08-21 09:12:10','2016-08-21 09:12:10',2559),
	(20191,1105,32,15,46,'2016-08-21 09:12:10','2016-08-21 09:12:10',2559),
	(20192,1105,32,16,50,'2016-08-21 09:12:10','2016-08-21 09:12:10',2559),
	(20193,1105,32,17,54,'2016-08-21 09:12:10','2016-08-21 09:12:10',2559),
	(20194,1105,32,18,57,'2016-08-21 09:12:10','2016-08-21 09:12:10',2559),
	(20195,1105,32,19,62,'2016-08-21 09:12:10','2016-08-21 09:12:10',2559),
	(20196,1105,32,20,66,'2016-08-21 09:12:10','2016-08-21 09:12:10',2559),
	(20197,1105,32,21,70,'2016-08-21 09:12:10','2016-08-21 09:12:10',2559),
	(20198,1105,32,22,76,'2016-08-21 09:12:10','2016-08-21 09:12:10',2559),
	(20199,1105,32,23,80,'2016-08-21 09:12:10','2016-08-21 09:12:10',2559),
	(20220,1106,32,4,3,'2016-08-21 09:13:51','2016-08-21 09:13:51',2559),
	(20221,1106,32,5,8,'2016-08-21 09:13:51','2016-08-21 09:13:51',2559),
	(20222,1106,32,6,10,'2016-08-21 09:13:51','2016-08-21 09:13:51',2559),
	(20223,1106,32,7,15,'2016-08-21 09:13:51','2016-08-21 09:13:51',2559),
	(20224,1106,32,8,18,'2016-08-21 09:13:52','2016-08-21 09:13:52',2559),
	(20225,1106,32,9,24,'2016-08-21 09:13:52','2016-08-21 09:13:52',2559),
	(20226,1106,32,10,26,'2016-08-21 09:13:52','2016-08-21 09:13:52',2559),
	(20227,1106,32,11,29,'2016-08-21 09:13:52','2016-08-21 09:13:52',2559),
	(20228,1106,32,12,36,'2016-08-21 09:13:52','2016-08-21 09:13:52',2559),
	(20229,1106,32,13,39,'2016-08-21 09:13:52','2016-08-21 09:13:52',2559),
	(20230,1106,32,14,42,'2016-08-21 09:13:52','2016-08-21 09:13:52',2559),
	(20231,1106,32,15,48,'2016-08-21 09:13:52','2016-08-21 09:13:52',2559),
	(20232,1106,32,16,50,'2016-08-21 09:13:52','2016-08-21 09:13:52',2559),
	(20233,1106,32,17,55,'2016-08-21 09:13:52','2016-08-21 09:13:52',2559),
	(20234,1106,32,18,57,'2016-08-21 09:13:52','2016-08-21 09:13:52',2559),
	(20235,1106,32,19,64,'2016-08-21 09:13:52','2016-08-21 09:13:52',2559),
	(20236,1106,32,20,68,'2016-08-21 09:13:52','2016-08-21 09:13:52',2559),
	(20237,1106,32,21,71,'2016-08-21 09:13:52','2016-08-21 09:13:52',2559),
	(20238,1106,32,22,76,'2016-08-21 09:13:52','2016-08-21 09:13:52',2559),
	(20239,1106,32,23,79,'2016-08-21 09:13:52','2016-08-21 09:13:52',2559),
	(20260,1050,33,24,83,'2016-08-21 09:14:30','2016-08-21 09:14:30',2559),
	(20261,1050,33,26,89,'2016-08-21 09:14:30','2016-08-21 09:14:30',2559),
	(20262,1050,33,27,92,'2016-08-21 09:14:30','2016-08-21 09:14:30',2559),
	(20263,1050,33,28,96,'2016-08-21 09:14:30','2016-08-21 09:14:30',2559),
	(20264,1050,33,29,98,'2016-08-21 09:14:30','2016-08-21 09:14:30',2559),
	(20265,1050,33,30,105,'2016-08-21 09:14:30','2016-08-21 09:14:30',2559),
	(20266,1050,33,31,109,'2016-08-21 09:14:30','2016-08-21 09:14:30',2559),
	(20267,1050,33,32,113,'2016-08-21 09:14:30','2016-08-21 09:14:30',2559),
	(20268,1050,33,33,117,'2016-08-21 09:14:30','2016-08-21 09:14:30',2559),
	(20269,1050,33,34,118,'2016-08-21 09:14:30','2016-08-21 09:14:30',2559),
	(20270,1050,33,35,124,'2016-08-21 09:14:30','2016-08-21 09:14:30',2559),
	(20271,1050,33,36,128,'2016-08-21 09:14:30','2016-08-21 09:14:30',2559),
	(20272,1050,33,37,133,'2016-08-21 09:14:30','2016-08-21 09:14:30',2559),
	(20273,1050,33,38,137,'2016-08-21 09:14:30','2016-08-21 09:14:30',2559),
	(20274,1050,33,39,138,'2016-08-21 09:14:30','2016-08-21 09:14:30',2559),
	(20275,1050,33,40,145,'2016-08-21 09:14:30','2016-08-21 09:14:30',2559),
	(20276,1050,33,41,149,'2016-08-21 09:14:30','2016-08-21 09:14:30',2559),
	(20277,1050,33,42,153,'2016-08-21 09:14:30','2016-08-21 09:14:30',2559),
	(20278,1050,33,43,156,'2016-08-21 09:14:30','2016-08-21 09:14:30',2559),
	(20279,1050,33,44,340,'2016-08-21 09:14:30','2016-08-21 09:14:30',2559),
	(20280,1104,33,24,83,'2016-08-21 09:53:49','2016-08-21 09:53:49',2559),
	(20281,1104,33,26,89,'2016-08-21 09:53:49','2016-08-21 09:53:49',2559),
	(20282,1104,33,27,92,'2016-08-21 09:53:49','2016-08-21 09:53:49',2559),
	(20283,1104,33,28,96,'2016-08-21 09:53:49','2016-08-21 09:53:49',2559),
	(20284,1104,33,29,99,'2016-08-21 09:53:49','2016-08-21 09:53:49',2559),
	(20285,1104,33,30,104,'2016-08-21 09:53:49','2016-08-21 09:53:49',2559),
	(20286,1104,33,31,109,'2016-08-21 09:53:49','2016-08-21 09:53:49',2559),
	(20287,1104,33,32,113,'2016-08-21 09:53:49','2016-08-21 09:53:49',2559),
	(20288,1104,33,33,117,'2016-08-21 09:53:49','2016-08-21 09:53:49',2559),
	(20289,1104,33,34,119,'2016-08-21 09:53:49','2016-08-21 09:53:49',2559),
	(20290,1104,33,35,124,'2016-08-21 09:53:49','2016-08-21 09:53:49',2559),
	(20291,1104,33,36,128,'2016-08-21 09:53:49','2016-08-21 09:53:49',2559),
	(20292,1104,33,37,133,'2016-08-21 09:53:49','2016-08-21 09:53:49',2559),
	(20293,1104,33,38,136,'2016-08-21 09:53:49','2016-08-21 09:53:49',2559),
	(20294,1104,33,39,139,'2016-08-21 09:53:49','2016-08-21 09:53:49',2559),
	(20295,1104,33,40,144,'2016-08-21 09:53:49','2016-08-21 09:53:49',2559),
	(20296,1104,33,41,149,'2016-08-21 09:53:49','2016-08-21 09:53:49',2559),
	(20297,1104,33,42,153,'2016-08-21 09:53:49','2016-08-21 09:53:49',2559),
	(20298,1104,33,43,157,'2016-08-21 09:53:49','2016-08-21 09:53:49',2559),
	(20299,1104,33,44,340,'2016-08-21 09:53:49','2016-08-21 09:53:49',2559),
	(20300,1104,32,4,3,'2016-08-21 09:59:52','2016-08-21 09:59:52',2559),
	(20301,1104,32,5,7,'2016-08-21 09:59:52','2016-08-21 09:59:52',2559),
	(20302,1104,32,6,9,'2016-08-21 09:59:52','2016-08-21 09:59:52',2559),
	(20303,1104,32,7,14,'2016-08-21 09:59:52','2016-08-21 09:59:52',2559),
	(20304,1104,32,8,17,'2016-08-21 09:59:53','2016-08-21 09:59:53',2559),
	(20305,1104,32,9,21,'2016-08-21 09:59:53','2016-08-21 09:59:53',2559),
	(20306,1104,32,10,25,'2016-08-21 09:59:53','2016-08-21 09:59:53',2559),
	(20307,1104,32,11,29,'2016-08-21 09:59:53','2016-08-21 09:59:53',2559),
	(20308,1104,32,12,33,'2016-08-21 09:59:53','2016-08-21 09:59:53',2559),
	(20309,1104,32,13,37,'2016-08-21 09:59:53','2016-08-21 09:59:53',2559),
	(20310,1104,32,14,42,'2016-08-21 09:59:53','2016-08-21 09:59:53',2559),
	(20311,1104,32,15,47,'2016-08-21 09:59:53','2016-08-21 09:59:53',2559),
	(20312,1104,32,16,50,'2016-08-21 09:59:53','2016-08-21 09:59:53',2559),
	(20313,1104,32,17,55,'2016-08-21 09:59:53','2016-08-21 09:59:53',2559),
	(20314,1104,32,18,57,'2016-08-21 09:59:53','2016-08-21 09:59:53',2559),
	(20315,1104,32,19,64,'2016-08-21 09:59:53','2016-08-21 09:59:53',2559),
	(20316,1104,32,20,67,'2016-08-21 09:59:53','2016-08-21 09:59:53',2559),
	(20317,1104,32,21,72,'2016-08-21 09:59:53','2016-08-21 09:59:53',2559),
	(20318,1104,32,22,74,'2016-08-21 09:59:53','2016-08-21 09:59:53',2559),
	(20319,1104,32,23,77,'2016-08-21 09:59:53','2016-08-21 09:59:53',2559),
	(20320,1102,32,4,2,'2016-08-21 10:55:24','2016-08-21 10:55:24',2559),
	(20321,1102,32,5,6,'2016-08-21 10:55:24','2016-08-21 10:55:24',2559),
	(20322,1102,32,6,9,'2016-08-21 10:55:24','2016-08-21 10:55:24',2559),
	(20323,1102,32,7,14,'2016-08-21 10:55:24','2016-08-21 10:55:24',2559),
	(20324,1102,32,8,17,'2016-08-21 10:55:24','2016-08-21 10:55:24',2559),
	(20325,1102,32,9,22,'2016-08-21 10:55:24','2016-08-21 10:55:24',2559),
	(20326,1102,32,10,26,'2016-08-21 10:55:24','2016-08-21 10:55:24',2559),
	(20327,1102,32,11,29,'2016-08-21 10:55:24','2016-08-21 10:55:24',2559),
	(20328,1102,32,12,33,'2016-08-21 10:55:24','2016-08-21 10:55:24',2559),
	(20329,1102,32,13,37,'2016-08-21 10:55:24','2016-08-21 10:55:24',2559),
	(20330,1102,32,14,42,'2016-08-21 10:55:24','2016-08-21 10:55:24',2559),
	(20331,1102,32,15,45,'2016-08-21 10:55:24','2016-08-21 10:55:24',2559),
	(20332,1102,32,16,50,'2016-08-21 10:55:24','2016-08-21 10:55:24',2559),
	(20333,1102,32,17,54,'2016-08-21 10:55:24','2016-08-21 10:55:24',2559),
	(20334,1102,32,18,57,'2016-08-21 10:55:24','2016-08-21 10:55:24',2559),
	(20335,1102,32,19,62,'2016-08-21 10:55:24','2016-08-21 10:55:24',2559),
	(20336,1102,32,20,65,'2016-08-21 10:55:24','2016-08-21 10:55:24',2559),
	(20337,1102,32,21,70,'2016-08-21 10:55:24','2016-08-21 10:55:24',2559),
	(20338,1102,32,22,74,'2016-08-21 10:55:24','2016-08-21 10:55:24',2559),
	(20339,1102,32,23,78,'2016-08-21 10:55:24','2016-08-21 10:55:24',2559),
	(20340,1102,33,24,83,'2016-08-21 10:58:29','2016-08-21 10:58:29',2559),
	(20341,1102,33,26,89,'2016-08-21 10:58:29','2016-08-21 10:58:29',2559),
	(20342,1102,33,27,92,'2016-08-21 10:58:29','2016-08-21 10:58:29',2559),
	(20343,1102,33,28,95,'2016-08-21 10:58:29','2016-08-21 10:58:29',2559),
	(20344,1102,33,29,98,'2016-08-21 10:58:29','2016-08-21 10:58:29',2559),
	(20345,1102,33,30,105,'2016-08-21 10:58:29','2016-08-21 10:58:29',2559),
	(20346,1102,33,31,108,'2016-08-21 10:58:29','2016-08-21 10:58:29',2559),
	(20347,1102,33,32,112,'2016-08-21 10:58:29','2016-08-21 10:58:29',2559),
	(20348,1102,33,33,117,'2016-08-21 10:58:30','2016-08-21 10:58:30',2559),
	(20349,1102,33,34,118,'2016-08-21 10:58:30','2016-08-21 10:58:30',2559),
	(20350,1102,33,35,124,'2016-08-21 10:58:30','2016-08-21 10:58:30',2559),
	(20351,1102,33,36,129,'2016-08-21 10:58:30','2016-08-21 10:58:30',2559),
	(20352,1102,33,37,133,'2016-08-21 10:58:30','2016-08-21 10:58:30',2559),
	(20353,1102,33,38,136,'2016-08-21 10:58:30','2016-08-21 10:58:30',2559),
	(20354,1102,33,39,139,'2016-08-21 10:58:30','2016-08-21 10:58:30',2559),
	(20355,1102,33,40,144,'2016-08-21 10:58:30','2016-08-21 10:58:30',2559),
	(20356,1102,33,41,149,'2016-08-21 10:58:30','2016-08-21 10:58:30',2559),
	(20357,1102,33,42,153,'2016-08-21 10:58:30','2016-08-21 10:58:30',2559),
	(20358,1102,33,43,156,'2016-08-21 10:58:30','2016-08-21 10:58:30',2559),
	(20359,1102,33,44,340,'2016-08-21 10:58:30','2016-08-21 10:58:30',2559),
	(20360,1107,32,4,1,'2016-08-21 12:20:33','2016-08-21 12:20:33',2559),
	(20361,1107,32,5,6,'2016-08-21 12:20:33','2016-08-21 12:20:33',2559),
	(20362,1107,32,6,9,'2016-08-21 12:20:33','2016-08-21 12:20:33',2559),
	(20363,1107,32,7,14,'2016-08-21 12:20:33','2016-08-21 12:20:33',2559),
	(20364,1107,32,8,18,'2016-08-21 12:20:33','2016-08-21 12:20:33',2559),
	(20365,1107,32,9,23,'2016-08-21 12:20:33','2016-08-21 12:20:33',2559),
	(20366,1107,32,10,26,'2016-08-21 12:20:33','2016-08-21 12:20:33',2559),
	(20367,1107,32,11,29,'2016-08-21 12:20:33','2016-08-21 12:20:33',2559),
	(20368,1107,32,12,33,'2016-08-21 12:20:33','2016-08-21 12:20:33',2559),
	(20369,1107,32,13,37,'2016-08-21 12:20:33','2016-08-21 12:20:33',2559),
	(20370,1107,32,14,42,'2016-08-21 12:20:33','2016-08-21 12:20:33',2559),
	(20371,1107,32,15,45,'2016-08-21 12:20:34','2016-08-21 12:20:34',2559),
	(20372,1107,32,16,50,'2016-08-21 12:20:34','2016-08-21 12:20:34',2559),
	(20373,1107,32,17,54,'2016-08-21 12:20:34','2016-08-21 12:20:34',2559),
	(20374,1107,32,18,57,'2016-08-21 12:20:34','2016-08-21 12:20:34',2559),
	(20375,1107,32,19,62,'2016-08-21 12:20:34','2016-08-21 12:20:34',2559),
	(20376,1107,32,20,65,'2016-08-21 12:20:34','2016-08-21 12:20:34',2559),
	(20377,1107,32,21,70,'2016-08-21 12:20:34','2016-08-21 12:20:34',2559),
	(20378,1107,32,22,74,'2016-08-21 12:20:34','2016-08-21 12:20:34',2559),
	(20379,1107,32,23,77,'2016-08-21 12:20:34','2016-08-21 12:20:34',2559),
	(20440,1108,32,4,2,'2016-08-21 12:30:46','2016-08-21 12:30:46',2559),
	(20441,1108,32,5,6,'2016-08-21 12:30:46','2016-08-21 12:30:46',2559),
	(20442,1108,32,6,9,'2016-08-21 12:30:46','2016-08-21 12:30:46',2559),
	(20443,1108,32,7,14,'2016-08-21 12:30:46','2016-08-21 12:30:46',2559),
	(20444,1108,32,8,17,'2016-08-21 12:30:46','2016-08-21 12:30:46',2559),
	(20445,1108,32,9,21,'2016-08-21 12:30:46','2016-08-21 12:30:46',2559),
	(20446,1108,32,10,25,'2016-08-21 12:30:46','2016-08-21 12:30:46',2559),
	(20447,1108,32,11,29,'2016-08-21 12:30:46','2016-08-21 12:30:46',2559),
	(20448,1108,32,12,33,'2016-08-21 12:30:46','2016-08-21 12:30:46',2559),
	(20449,1108,32,13,38,'2016-08-21 12:30:46','2016-08-21 12:30:46',2559),
	(20450,1108,32,14,42,'2016-08-21 12:30:46','2016-08-21 12:30:46',2559),
	(20451,1108,32,15,45,'2016-08-21 12:30:46','2016-08-21 12:30:46',2559),
	(20452,1108,32,16,50,'2016-08-21 12:30:46','2016-08-21 12:30:46',2559),
	(20453,1108,32,17,53,'2016-08-21 12:30:46','2016-08-21 12:30:46',2559),
	(20454,1108,32,18,57,'2016-08-21 12:30:46','2016-08-21 12:30:46',2559),
	(20455,1108,32,19,62,'2016-08-21 12:30:47','2016-08-21 12:30:47',2559),
	(20456,1108,32,20,65,'2016-08-21 12:30:47','2016-08-21 12:30:47',2559),
	(20457,1108,32,21,70,'2016-08-21 12:30:47','2016-08-21 12:30:47',2559),
	(20458,1108,32,22,74,'2016-08-21 12:30:47','2016-08-21 12:30:47',2559),
	(20459,1108,32,23,77,'2016-08-21 12:30:47','2016-08-21 12:30:47',2559),
	(20460,1108,33,24,84,'2016-08-21 12:34:58','2016-08-21 12:34:58',2559),
	(20461,1108,33,26,89,'2016-08-21 12:34:58','2016-08-21 12:34:58',2559),
	(20462,1108,33,27,92,'2016-08-21 12:34:58','2016-08-21 12:34:58',2559),
	(20463,1108,33,28,96,'2016-08-21 12:34:58','2016-08-21 12:34:58',2559),
	(20464,1108,33,29,98,'2016-08-21 12:34:58','2016-08-21 12:34:58',2559),
	(20465,1108,33,30,104,'2016-08-21 12:34:58','2016-08-21 12:34:58',2559),
	(20466,1108,33,31,109,'2016-08-21 12:34:58','2016-08-21 12:34:58',2559),
	(20467,1108,33,32,112,'2016-08-21 12:34:58','2016-08-21 12:34:58',2559),
	(20468,1108,33,33,117,'2016-08-21 12:34:58','2016-08-21 12:34:58',2559),
	(20469,1108,33,34,118,'2016-08-21 12:34:58','2016-08-21 12:34:58',2559),
	(20470,1108,33,35,124,'2016-08-21 12:34:58','2016-08-21 12:34:58',2559),
	(20471,1108,33,36,128,'2016-08-21 12:34:58','2016-08-21 12:34:58',2559),
	(20472,1108,33,37,133,'2016-08-21 12:34:58','2016-08-21 12:34:58',2559),
	(20473,1108,33,38,136,'2016-08-21 12:34:58','2016-08-21 12:34:58',2559),
	(20474,1108,33,39,139,'2016-08-21 12:34:58','2016-08-21 12:34:58',2559),
	(20475,1108,33,40,144,'2016-08-21 12:34:58','2016-08-21 12:34:58',2559),
	(20476,1108,33,41,149,'2016-08-21 12:34:58','2016-08-21 12:34:58',2559),
	(20477,1108,33,42,153,'2016-08-21 12:34:58','2016-08-21 12:34:58',2559),
	(20478,1108,33,43,157,'2016-08-21 12:34:58','2016-08-21 12:34:58',2559),
	(20479,1108,33,44,340,'2016-08-21 12:34:58','2016-08-21 12:34:58',2559),
	(20480,1109,32,4,2,'2016-08-21 12:35:45','2016-08-21 12:35:45',2559),
	(20481,1109,32,5,7,'2016-08-21 12:35:45','2016-08-21 12:35:45',2559),
	(20482,1109,32,6,9,'2016-08-21 12:35:45','2016-08-21 12:35:45',2559),
	(20483,1109,32,7,14,'2016-08-21 12:35:45','2016-08-21 12:35:45',2559),
	(20484,1109,32,8,17,'2016-08-21 12:35:45','2016-08-21 12:35:45',2559),
	(20485,1109,32,9,23,'2016-08-21 12:35:45','2016-08-21 12:35:45',2559),
	(20486,1109,32,10,26,'2016-08-21 12:35:45','2016-08-21 12:35:45',2559),
	(20487,1109,32,11,31,'2016-08-21 12:35:45','2016-08-21 12:35:45',2559),
	(20488,1109,32,12,34,'2016-08-21 12:35:45','2016-08-21 12:35:45',2559),
	(20489,1109,32,13,38,'2016-08-21 12:35:45','2016-08-21 12:35:45',2559),
	(20490,1109,32,14,42,'2016-08-21 12:35:45','2016-08-21 12:35:45',2559),
	(20491,1109,32,15,45,'2016-08-21 12:35:45','2016-08-21 12:35:45',2559),
	(20492,1109,32,16,51,'2016-08-21 12:35:45','2016-08-21 12:35:45',2559),
	(20493,1109,32,17,53,'2016-08-21 12:35:45','2016-08-21 12:35:45',2559),
	(20494,1109,32,18,58,'2016-08-21 12:35:45','2016-08-21 12:35:45',2559),
	(20495,1109,32,19,64,'2016-08-21 12:35:45','2016-08-21 12:35:45',2559),
	(20496,1109,32,20,65,'2016-08-21 12:35:45','2016-08-21 12:35:45',2559),
	(20497,1109,32,21,72,'2016-08-21 12:35:45','2016-08-21 12:35:45',2559),
	(20498,1109,32,22,74,'2016-08-21 12:35:46','2016-08-21 12:35:46',2559),
	(20499,1109,32,23,77,'2016-08-21 12:35:46','2016-08-21 12:35:46',2559),
	(20500,1109,35,57,343,'2016-08-21 12:46:39','2016-08-21 12:46:39',2559),
	(20501,1109,35,58,344,'2016-08-21 12:46:39','2016-08-21 12:46:39',2559),
	(20502,1109,35,59,348,'2016-08-21 12:46:39','2016-08-21 12:46:39',2559),
	(20503,1109,35,60,352,'2016-08-21 12:46:39','2016-08-21 12:46:39',2559),
	(20504,1109,35,61,354,'2016-08-21 12:46:39','2016-08-21 12:46:39',2559),
	(20505,1109,35,62,356,'2016-08-21 12:46:39','2016-08-21 12:46:39',2559),
	(20506,1109,35,63,360,'2016-08-21 12:46:39','2016-08-21 12:46:39',2559),
	(20507,1109,35,64,363,'2016-08-21 12:46:39','2016-08-21 12:46:39',2559),
	(20508,1109,35,65,367,'2016-08-21 12:46:39','2016-08-21 12:46:39',2559),
	(20509,1109,35,66,368,'2016-08-21 12:46:39','2016-08-21 12:46:39',2559),
	(20510,1109,35,67,373,'2016-08-21 12:46:39','2016-08-21 12:46:39',2559),
	(20511,1109,35,68,374,'2016-08-21 12:46:39','2016-08-21 12:46:39',2559),
	(20512,1109,35,69,377,'2016-08-21 12:46:39','2016-08-21 12:46:39',2559),
	(20513,1109,35,70,382,'2016-08-21 12:46:39','2016-08-21 12:46:39',2559),
	(20514,1109,35,71,384,'2016-08-21 12:46:39','2016-08-21 12:46:39',2559),
	(20515,1109,35,72,386,'2016-08-21 12:46:39','2016-08-21 12:46:39',2559),
	(20516,1109,35,73,391,'2016-08-21 12:46:39','2016-08-21 12:46:39',2559),
	(20517,1109,35,74,392,'2016-08-21 12:46:39','2016-08-21 12:46:39',2559),
	(20518,1109,35,75,395,'2016-08-21 12:46:39','2016-08-21 12:46:39',2559),
	(20519,1109,35,76,400,'2016-08-21 12:46:39','2016-08-21 12:46:39',2559),
	(20520,1109,35,77,403,'2016-08-21 12:46:39','2016-08-21 12:46:39',2559),
	(20521,1109,35,78,404,'2016-08-21 12:46:39','2016-08-21 12:46:39',2559),
	(20522,1109,35,79,408,'2016-08-21 12:46:39','2016-08-21 12:46:39',2559),
	(20523,1109,35,80,410,'2016-08-21 12:46:39','2016-08-21 12:46:39',2559),
	(20524,1109,35,81,415,'2016-08-21 12:46:39','2016-08-21 12:46:39',2559),
	(20525,1109,35,82,416,'2016-08-21 12:46:39','2016-08-21 12:46:39',2559),
	(20526,1109,35,83,417,'2016-08-21 12:46:39','2016-08-21 12:46:39',2559),
	(20527,1109,35,86,424,'2016-08-21 12:46:39','2016-08-21 12:46:39',2559),
	(20528,1109,35,87,425,'2016-08-21 12:46:39','2016-08-21 12:46:39',2559),
	(20529,1109,35,88,448,'2016-08-21 12:46:39','2016-08-21 12:46:39',2559),
	(20530,1109,35,88,443,'2016-08-21 12:46:40','2016-08-21 12:46:40',2559),
	(20531,1109,35,88,438,'2016-08-21 12:46:40','2016-08-21 12:46:40',2559),
	(20532,1109,35,88,431,'2016-08-21 12:46:40','2016-08-21 12:46:40',2559),
	(20533,1109,35,89,452,'2016-08-21 12:46:40','2016-08-21 12:46:40',2559),
	(20954,1064,33,24,83,'2016-08-21 12:51:25','2016-08-21 12:51:25',2559),
	(20955,1064,33,26,89,'2016-08-21 12:51:25','2016-08-21 12:51:25',2559),
	(20956,1064,33,27,92,'2016-08-21 12:51:25','2016-08-21 12:51:25',2559),
	(20957,1064,33,28,96,'2016-08-21 12:51:25','2016-08-21 12:51:25',2559),
	(20958,1064,33,29,98,'2016-08-21 12:51:25','2016-08-21 12:51:25',2559),
	(20959,1064,33,30,105,'2016-08-21 12:51:25','2016-08-21 12:51:25',2559),
	(20960,1064,33,31,108,'2016-08-21 12:51:25','2016-08-21 12:51:25',2559),
	(20961,1064,33,32,113,'2016-08-21 12:51:25','2016-08-21 12:51:25',2559),
	(20962,1064,33,33,117,'2016-08-21 12:51:25','2016-08-21 12:51:25',2559),
	(20963,1064,33,34,118,'2016-08-21 12:51:25','2016-08-21 12:51:25',2559),
	(20964,1064,33,35,125,'2016-08-21 12:51:25','2016-08-21 12:51:25',2559),
	(20965,1064,33,36,128,'2016-08-21 12:51:25','2016-08-21 12:51:25',2559),
	(20966,1064,33,37,133,'2016-08-21 12:51:25','2016-08-21 12:51:25',2559),
	(20967,1064,33,38,137,'2016-08-21 12:51:25','2016-08-21 12:51:25',2559),
	(20968,1064,33,39,138,'2016-08-21 12:51:25','2016-08-21 12:51:25',2559),
	(20969,1064,33,40,145,'2016-08-21 12:51:25','2016-08-21 12:51:25',2559),
	(20970,1064,33,41,149,'2016-08-21 12:51:25','2016-08-21 12:51:25',2559),
	(20971,1064,33,42,153,'2016-08-21 12:51:25','2016-08-21 12:51:25',2559),
	(20972,1064,33,43,156,'2016-08-21 12:51:25','2016-08-21 12:51:25',2559),
	(20973,1064,33,44,340,'2016-08-21 12:51:26','2016-08-21 12:51:26',2559),
	(20994,1041,33,24,83,'2016-08-21 12:51:31','2016-08-21 12:51:31',2559),
	(20995,1041,33,26,89,'2016-08-21 12:51:31','2016-08-21 12:51:31',2559),
	(20996,1041,33,27,92,'2016-08-21 12:51:31','2016-08-21 12:51:31',2559),
	(20997,1041,33,28,96,'2016-08-21 12:51:31','2016-08-21 12:51:31',2559),
	(20998,1041,33,29,98,'2016-08-21 12:51:31','2016-08-21 12:51:31',2559),
	(20999,1041,33,30,104,'2016-08-21 12:51:31','2016-08-21 12:51:31',2559),
	(21000,1041,33,31,108,'2016-08-21 12:51:31','2016-08-21 12:51:31',2559),
	(21001,1041,33,32,112,'2016-08-21 12:51:31','2016-08-21 12:51:31',2559),
	(21002,1041,33,33,117,'2016-08-21 12:51:31','2016-08-21 12:51:31',2559),
	(21003,1041,33,34,118,'2016-08-21 12:51:31','2016-08-21 12:51:31',2559),
	(21004,1041,33,35,124,'2016-08-21 12:51:31','2016-08-21 12:51:31',2559),
	(21005,1041,33,36,128,'2016-08-21 12:51:31','2016-08-21 12:51:31',2559),
	(21006,1041,33,37,133,'2016-08-21 12:51:31','2016-08-21 12:51:31',2559),
	(21007,1041,33,38,136,'2016-08-21 12:51:31','2016-08-21 12:51:31',2559),
	(21008,1041,33,39,138,'2016-08-21 12:51:31','2016-08-21 12:51:31',2559),
	(21009,1041,33,40,144,'2016-08-21 12:51:31','2016-08-21 12:51:31',2559),
	(21010,1041,33,41,148,'2016-08-21 12:51:31','2016-08-21 12:51:31',2559),
	(21011,1041,33,42,153,'2016-08-21 12:51:31','2016-08-21 12:51:31',2559),
	(21012,1041,33,43,156,'2016-08-21 12:51:31','2016-08-21 12:51:31',2559),
	(21013,1041,33,44,340,'2016-08-21 12:51:31','2016-08-21 12:51:31',2559),
	(21034,1064,32,4,2,'2016-08-21 12:53:29','2016-08-21 12:53:29',2559),
	(21035,1064,32,5,5,'2016-08-21 12:53:30','2016-08-21 12:53:30',2559),
	(21036,1064,32,6,10,'2016-08-21 12:53:30','2016-08-21 12:53:30',2559),
	(21037,1064,32,7,13,'2016-08-21 12:53:30','2016-08-21 12:53:30',2559),
	(21038,1064,32,8,17,'2016-08-21 12:53:30','2016-08-21 12:53:30',2559),
	(21039,1064,32,9,22,'2016-08-21 12:53:30','2016-08-21 12:53:30',2559),
	(21040,1064,32,10,25,'2016-08-21 12:53:30','2016-08-21 12:53:30',2559),
	(21041,1064,32,11,29,'2016-08-21 12:53:30','2016-08-21 12:53:30',2559),
	(21042,1064,32,12,33,'2016-08-21 12:53:30','2016-08-21 12:53:30',2559),
	(21043,1064,32,13,37,'2016-08-21 12:53:30','2016-08-21 12:53:30',2559),
	(21044,1064,32,14,42,'2016-08-21 12:53:30','2016-08-21 12:53:30',2559),
	(21045,1064,32,15,45,'2016-08-21 12:53:30','2016-08-21 12:53:30',2559),
	(21046,1064,32,16,49,'2016-08-21 12:53:30','2016-08-21 12:53:30',2559),
	(21047,1064,32,17,53,'2016-08-21 12:53:30','2016-08-21 12:53:30',2559),
	(21048,1064,32,18,57,'2016-08-21 12:53:30','2016-08-21 12:53:30',2559),
	(21049,1064,32,19,61,'2016-08-21 12:53:30','2016-08-21 12:53:30',2559),
	(21050,1064,32,20,65,'2016-08-21 12:53:30','2016-08-21 12:53:30',2559),
	(21051,1064,32,21,70,'2016-08-21 12:53:30','2016-08-21 12:53:30',2559),
	(21052,1064,32,22,74,'2016-08-21 12:53:30','2016-08-21 12:53:30',2559),
	(21053,1064,32,23,77,'2016-08-21 12:53:30','2016-08-21 12:53:30',2559),
	(21054,1041,32,4,2,'2016-08-21 12:54:06','2016-08-21 12:54:06',2559),
	(21055,1041,32,5,6,'2016-08-21 12:54:06','2016-08-21 12:54:06',2559),
	(21056,1041,32,6,9,'2016-08-21 12:54:06','2016-08-21 12:54:06',2559),
	(21057,1041,32,7,14,'2016-08-21 12:54:06','2016-08-21 12:54:06',2559),
	(21058,1041,32,8,17,'2016-08-21 12:54:06','2016-08-21 12:54:06',2559),
	(21059,1041,32,9,21,'2016-08-21 12:54:06','2016-08-21 12:54:06',2559),
	(21060,1041,32,10,26,'2016-08-21 12:54:06','2016-08-21 12:54:06',2559),
	(21061,1041,32,11,29,'2016-08-21 12:54:06','2016-08-21 12:54:06',2559),
	(21062,1041,32,12,33,'2016-08-21 12:54:06','2016-08-21 12:54:06',2559),
	(21063,1041,32,13,38,'2016-08-21 12:54:06','2016-08-21 12:54:06',2559),
	(21064,1041,32,14,42,'2016-08-21 12:54:06','2016-08-21 12:54:06',2559),
	(21065,1041,32,15,46,'2016-08-21 12:54:06','2016-08-21 12:54:06',2559),
	(21066,1041,32,16,50,'2016-08-21 12:54:06','2016-08-21 12:54:06',2559),
	(21067,1041,32,17,55,'2016-08-21 12:54:06','2016-08-21 12:54:06',2559),
	(21068,1041,32,18,58,'2016-08-21 12:54:06','2016-08-21 12:54:06',2559),
	(21069,1041,32,19,61,'2016-08-21 12:54:06','2016-08-21 12:54:06',2559),
	(21070,1041,32,20,65,'2016-08-21 12:54:06','2016-08-21 12:54:06',2559),
	(21071,1041,32,21,70,'2016-08-21 12:54:07','2016-08-21 12:54:07',2559),
	(21072,1041,32,22,74,'2016-08-21 12:54:07','2016-08-21 12:54:07',2559),
	(21073,1041,32,23,78,'2016-08-21 12:54:07','2016-08-21 12:54:07',2559),
	(21074,1110,35,57,343,'2016-08-21 12:58:24','2016-08-21 12:58:24',2559),
	(21075,1110,35,58,344,'2016-08-21 12:58:24','2016-08-21 12:58:24',2559),
	(21076,1110,35,59,347,'2016-08-21 12:58:24','2016-08-21 12:58:24',2559),
	(21077,1110,35,60,351,'2016-08-21 12:58:24','2016-08-21 12:58:24',2559),
	(21078,1110,35,61,353,'2016-08-21 12:58:24','2016-08-21 12:58:24',2559),
	(21079,1110,35,62,356,'2016-08-21 12:58:24','2016-08-21 12:58:24',2559),
	(21080,1110,35,63,360,'2016-08-21 12:58:24','2016-08-21 12:58:24',2559),
	(21081,1110,35,64,362,'2016-08-21 12:58:24','2016-08-21 12:58:24',2559),
	(21082,1110,35,65,366,'2016-08-21 12:58:24','2016-08-21 12:58:24',2559),
	(21083,1110,35,66,368,'2016-08-21 12:58:24','2016-08-21 12:58:24',2559),
	(21084,1110,35,67,373,'2016-08-21 12:58:24','2016-08-21 12:58:24',2559),
	(21085,1110,35,68,374,'2016-08-21 12:58:24','2016-08-21 12:58:24',2559),
	(21086,1110,35,69,377,'2016-08-21 12:58:24','2016-08-21 12:58:24',2559),
	(21087,1110,35,70,381,'2016-08-21 12:58:24','2016-08-21 12:58:24',2559),
	(21088,1110,35,71,383,'2016-08-21 12:58:24','2016-08-21 12:58:24',2559),
	(21089,1110,35,72,387,'2016-08-21 12:58:24','2016-08-21 12:58:24',2559),
	(21090,1110,35,73,390,'2016-08-21 12:58:24','2016-08-21 12:58:24',2559),
	(21091,1110,35,74,392,'2016-08-21 12:58:24','2016-08-21 12:58:24',2559),
	(21092,1110,35,75,396,'2016-08-21 12:58:24','2016-08-21 12:58:24',2559),
	(21093,1110,35,76,399,'2016-08-21 12:58:24','2016-08-21 12:58:24',2559),
	(21094,1110,35,77,402,'2016-08-21 12:58:24','2016-08-21 12:58:24',2559),
	(21095,1110,35,78,404,'2016-08-21 12:58:24','2016-08-21 12:58:24',2559),
	(21096,1110,35,79,408,'2016-08-21 12:58:25','2016-08-21 12:58:25',2559),
	(21097,1110,35,80,410,'2016-08-21 12:58:25','2016-08-21 12:58:25',2559),
	(21098,1110,35,81,415,'2016-08-21 12:58:25','2016-08-21 12:58:25',2559),
	(21099,1110,35,82,416,'2016-08-21 12:58:25','2016-08-21 12:58:25',2559),
	(21100,1110,35,83,418,'2016-08-21 12:58:25','2016-08-21 12:58:25',2559),
	(21101,1110,35,86,424,'2016-08-21 12:58:25','2016-08-21 12:58:25',2559),
	(21102,1110,35,87,426,'2016-08-21 12:58:25','2016-08-21 12:58:25',2559),
	(21103,1110,35,88,450,'2016-08-21 12:58:25','2016-08-21 12:58:25',2559),
	(21104,1110,35,88,445,'2016-08-21 12:58:25','2016-08-21 12:58:25',2559),
	(21105,1110,35,88,441,'2016-08-21 12:58:25','2016-08-21 12:58:25',2559),
	(21106,1110,35,88,432,'2016-08-21 12:58:25','2016-08-21 12:58:25',2559),
	(21107,1110,35,89,453,'2016-08-21 12:58:25','2016-08-21 12:58:25',2559),
	(21108,1110,32,4,2,'2016-08-21 13:00:52','2016-08-21 13:00:52',2559),
	(21109,1110,32,5,6,'2016-08-21 13:00:52','2016-08-21 13:00:52',2559),
	(21110,1110,32,6,9,'2016-08-21 13:00:52','2016-08-21 13:00:52',2559),
	(21111,1110,32,7,14,'2016-08-21 13:00:52','2016-08-21 13:00:52',2559),
	(21112,1110,32,8,17,'2016-08-21 13:00:52','2016-08-21 13:00:52',2559),
	(21113,1110,32,9,21,'2016-08-21 13:00:52','2016-08-21 13:00:52',2559),
	(21114,1110,32,10,27,'2016-08-21 13:00:52','2016-08-21 13:00:52',2559),
	(21115,1110,32,11,29,'2016-08-21 13:00:52','2016-08-21 13:00:52',2559),
	(21116,1110,32,12,33,'2016-08-21 13:00:52','2016-08-21 13:00:52',2559),
	(21117,1110,32,13,39,'2016-08-21 13:00:52','2016-08-21 13:00:52',2559),
	(21118,1110,32,14,41,'2016-08-21 13:00:52','2016-08-21 13:00:52',2559),
	(21119,1110,32,15,47,'2016-08-21 13:00:52','2016-08-21 13:00:52',2559),
	(21120,1110,32,16,51,'2016-08-21 13:00:52','2016-08-21 13:00:52',2559),
	(21121,1110,32,17,54,'2016-08-21 13:00:52','2016-08-21 13:00:52',2559),
	(21122,1110,32,18,57,'2016-08-21 13:00:52','2016-08-21 13:00:52',2559),
	(21123,1110,32,19,63,'2016-08-21 13:00:52','2016-08-21 13:00:52',2559),
	(21124,1110,32,20,65,'2016-08-21 13:00:52','2016-08-21 13:00:52',2559),
	(21125,1110,32,21,70,'2016-08-21 13:00:52','2016-08-21 13:00:52',2559),
	(21126,1110,32,22,73,'2016-08-21 13:00:52','2016-08-21 13:00:52',2559),
	(21127,1110,32,23,77,'2016-08-21 13:00:52','2016-08-21 13:00:52',2559),
	(21203,1111,35,64,362,'2016-08-21 14:37:33','2016-08-21 14:37:33',2559),
	(21204,1111,35,57,343,'2016-08-21 14:37:33','2016-08-21 14:37:33',2559),
	(21205,1111,35,65,367,'2016-08-21 14:37:33','2016-08-21 14:37:33',2559),
	(21206,1111,35,58,345,'2016-08-21 14:37:33','2016-08-21 14:37:33',2559),
	(21207,1111,35,66,368,'2016-08-21 14:37:33','2016-08-21 14:37:33',2559),
	(21208,1111,35,59,349,'2016-08-21 14:37:33','2016-08-21 14:37:33',2559),
	(21209,1111,35,67,373,'2016-08-21 14:37:33','2016-08-21 14:37:33',2559),
	(21210,1111,35,60,351,'2016-08-21 14:37:33','2016-08-21 14:37:33',2559),
	(21211,1111,35,68,374,'2016-08-21 14:37:33','2016-08-21 14:37:33',2559),
	(21212,1111,35,61,354,'2016-08-21 14:37:33','2016-08-21 14:37:33',2559),
	(21213,1111,35,69,377,'2016-08-21 14:37:33','2016-08-21 14:37:33',2559),
	(21214,1111,35,62,356,'2016-08-21 14:37:33','2016-08-21 14:37:33',2559),
	(21215,1111,35,70,381,'2016-08-21 14:37:33','2016-08-21 14:37:33',2559),
	(21216,1111,35,63,360,'2016-08-21 14:37:33','2016-08-21 14:37:33',2559),
	(21217,1111,35,71,383,'2016-08-21 14:37:33','2016-08-21 14:37:33',2559),
	(21218,1111,35,64,362,'2016-08-21 14:37:33','2016-08-21 14:37:33',2559),
	(21219,1111,35,72,386,'2016-08-21 14:37:33','2016-08-21 14:37:33',2559),
	(21220,1111,35,65,367,'2016-08-21 14:37:33','2016-08-21 14:37:33',2559),
	(21221,1111,35,73,391,'2016-08-21 14:37:33','2016-08-21 14:37:33',2559),
	(21222,1111,35,66,368,'2016-08-21 14:37:33','2016-08-21 14:37:33',2559),
	(21223,1111,35,74,392,'2016-08-21 14:37:33','2016-08-21 14:37:33',2559),
	(21224,1111,35,67,373,'2016-08-21 14:37:33','2016-08-21 14:37:33',2559),
	(21225,1111,35,75,395,'2016-08-21 14:37:33','2016-08-21 14:37:33',2559),
	(21226,1111,35,68,374,'2016-08-21 14:37:33','2016-08-21 14:37:33',2559),
	(21227,1111,35,76,399,'2016-08-21 14:37:33','2016-08-21 14:37:33',2559),
	(21228,1111,35,69,377,'2016-08-21 14:37:33','2016-08-21 14:37:33',2559),
	(21229,1111,35,77,402,'2016-08-21 14:37:33','2016-08-21 14:37:33',2559),
	(21230,1111,35,70,381,'2016-08-21 14:37:34','2016-08-21 14:37:34',2559),
	(21231,1111,35,78,404,'2016-08-21 14:37:34','2016-08-21 14:37:34',2559),
	(21232,1111,35,71,383,'2016-08-21 14:37:34','2016-08-21 14:37:34',2559),
	(21233,1111,35,79,407,'2016-08-21 14:37:34','2016-08-21 14:37:34',2559),
	(21234,1111,35,72,386,'2016-08-21 14:37:34','2016-08-21 14:37:34',2559),
	(21235,1111,35,80,411,'2016-08-21 14:37:34','2016-08-21 14:37:34',2559),
	(21236,1111,35,73,391,'2016-08-21 14:37:34','2016-08-21 14:37:34',2559),
	(21237,1111,35,81,414,'2016-08-21 14:37:34','2016-08-21 14:37:34',2559),
	(21238,1111,35,74,392,'2016-08-21 14:37:34','2016-08-21 14:37:34',2559),
	(21239,1111,35,82,416,'2016-08-21 14:37:34','2016-08-21 14:37:34',2559),
	(21240,1111,35,75,395,'2016-08-21 14:37:34','2016-08-21 14:37:34',2559),
	(21241,1111,35,83,418,'2016-08-21 14:37:34','2016-08-21 14:37:34',2559),
	(21242,1111,35,76,399,'2016-08-21 14:37:34','2016-08-21 14:37:34',2559),
	(21243,1111,35,86,421,'2016-08-21 14:37:34','2016-08-21 14:37:34',2559),
	(21244,1111,35,77,402,'2016-08-21 14:37:34','2016-08-21 14:37:34',2559),
	(21245,1111,35,87,426,'2016-08-21 14:37:34','2016-08-21 14:37:34',2559),
	(21246,1111,35,78,404,'2016-08-21 14:37:34','2016-08-21 14:37:34',2559),
	(21247,1111,35,88,448,'2016-08-21 14:37:34','2016-08-21 14:37:34',2559),
	(21248,1111,35,79,407,'2016-08-21 14:37:34','2016-08-21 14:37:34',2559),
	(21249,1111,35,88,443,'2016-08-21 14:37:34','2016-08-21 14:37:34',2559),
	(21250,1111,35,80,411,'2016-08-21 14:37:34','2016-08-21 14:37:34',2559),
	(21251,1111,35,88,439,'2016-08-21 14:37:34','2016-08-21 14:37:34',2559),
	(21252,1111,35,81,414,'2016-08-21 14:37:34','2016-08-21 14:37:34',2559),
	(21253,1111,35,88,430,'2016-08-21 14:37:34','2016-08-21 14:37:34',2559),
	(21254,1111,35,82,416,'2016-08-21 14:37:34','2016-08-21 14:37:34',2559),
	(21255,1111,35,89,452,'2016-08-21 14:37:34','2016-08-21 14:37:34',2559),
	(21256,1111,35,83,418,'2016-08-21 14:37:34','2016-08-21 14:37:34',2559),
	(21257,1111,35,86,421,'2016-08-21 14:37:34','2016-08-21 14:37:34',2559),
	(21258,1111,35,87,426,'2016-08-21 14:37:34','2016-08-21 14:37:34',2559),
	(21259,1111,35,88,448,'2016-08-21 14:37:34','2016-08-21 14:37:34',2559),
	(21260,1111,35,88,443,'2016-08-21 14:37:34','2016-08-21 14:37:34',2559),
	(21261,1111,35,88,439,'2016-08-21 14:37:34','2016-08-21 14:37:34',2559),
	(21262,1111,35,88,430,'2016-08-21 14:37:34','2016-08-21 14:37:34',2559),
	(21263,1111,35,89,452,'2016-08-21 14:37:34','2016-08-21 14:37:34',2559),
	(21304,1112,33,24,82,'2016-08-22 05:18:34','2016-08-22 05:18:34',2559),
	(21305,1112,33,26,89,'2016-08-22 05:18:34','2016-08-22 05:18:34',2559),
	(21306,1112,33,27,91,'2016-08-22 05:18:34','2016-08-22 05:18:34',2559),
	(21307,1112,33,28,96,'2016-08-22 05:18:34','2016-08-22 05:18:34',2559),
	(21308,1112,33,29,100,'2016-08-22 05:18:34','2016-08-22 05:18:34',2559),
	(21309,1112,33,30,104,'2016-08-22 05:18:34','2016-08-22 05:18:34',2559),
	(21310,1112,33,31,109,'2016-08-22 05:18:34','2016-08-22 05:18:34',2559),
	(21311,1112,33,32,110,'2016-08-22 05:18:34','2016-08-22 05:18:34',2559),
	(21312,1112,33,33,117,'2016-08-22 05:18:34','2016-08-22 05:18:34',2559),
	(21313,1112,33,34,119,'2016-08-22 05:18:34','2016-08-22 05:18:34',2559),
	(21314,1112,33,35,124,'2016-08-22 05:18:34','2016-08-22 05:18:34',2559),
	(21315,1112,33,36,128,'2016-08-22 05:18:34','2016-08-22 05:18:34',2559),
	(21316,1112,33,37,130,'2016-08-22 05:18:34','2016-08-22 05:18:34',2559),
	(21317,1112,33,38,136,'2016-08-22 05:18:34','2016-08-22 05:18:34',2559),
	(21318,1112,33,39,138,'2016-08-22 05:18:34','2016-08-22 05:18:34',2559),
	(21319,1112,33,40,144,'2016-08-22 05:18:34','2016-08-22 05:18:34',2559),
	(21320,1112,33,41,149,'2016-08-22 05:18:34','2016-08-22 05:18:34',2559),
	(21321,1112,33,42,153,'2016-08-22 05:18:34','2016-08-22 05:18:34',2559),
	(21322,1112,33,43,157,'2016-08-22 05:18:34','2016-08-22 05:18:34',2559),
	(21323,1112,33,44,340,'2016-08-22 05:18:34','2016-08-22 05:18:34',2559),
	(21324,1113,32,4,2,'2016-08-22 13:09:47','2016-08-22 13:09:47',2559),
	(21325,1113,32,5,6,'2016-08-22 13:09:47','2016-08-22 13:09:47',2559),
	(21326,1113,32,6,9,'2016-08-22 13:09:47','2016-08-22 13:09:47',2559),
	(21327,1113,32,7,14,'2016-08-22 13:09:47','2016-08-22 13:09:47',2559),
	(21328,1113,32,8,17,'2016-08-22 13:09:47','2016-08-22 13:09:47',2559),
	(21329,1113,32,9,22,'2016-08-22 13:09:47','2016-08-22 13:09:47',2559),
	(21330,1113,32,10,26,'2016-08-22 13:09:47','2016-08-22 13:09:47',2559),
	(21331,1113,32,11,29,'2016-08-22 13:09:47','2016-08-22 13:09:47',2559),
	(21332,1113,32,12,33,'2016-08-22 13:09:47','2016-08-22 13:09:47',2559),
	(21333,1113,32,13,38,'2016-08-22 13:09:47','2016-08-22 13:09:47',2559),
	(21334,1113,32,14,42,'2016-08-22 13:09:47','2016-08-22 13:09:47',2559),
	(21335,1113,32,15,46,'2016-08-22 13:09:47','2016-08-22 13:09:47',2559),
	(21336,1113,32,16,50,'2016-08-22 13:09:47','2016-08-22 13:09:47',2559),
	(21337,1113,32,17,54,'2016-08-22 13:09:47','2016-08-22 13:09:47',2559),
	(21338,1113,32,18,57,'2016-08-22 13:09:47','2016-08-22 13:09:47',2559),
	(21339,1113,32,19,62,'2016-08-22 13:09:47','2016-08-22 13:09:47',2559),
	(21340,1113,32,20,66,'2016-08-22 13:09:47','2016-08-22 13:09:47',2559),
	(21341,1113,32,21,70,'2016-08-22 13:09:47','2016-08-22 13:09:47',2559),
	(21342,1113,32,22,74,'2016-08-22 13:09:47','2016-08-22 13:09:47',2559),
	(21343,1113,32,23,78,'2016-08-22 13:09:47','2016-08-22 13:09:47',2559),
	(21378,1113,35,57,343,'2016-08-22 13:22:58','2016-08-22 13:22:58',2559),
	(21379,1113,35,58,345,'2016-08-22 13:22:58','2016-08-22 13:22:58',2559),
	(21380,1113,35,59,347,'2016-08-22 13:22:58','2016-08-22 13:22:58',2559),
	(21381,1113,35,60,352,'2016-08-22 13:22:58','2016-08-22 13:22:58',2559),
	(21382,1113,35,61,354,'2016-08-22 13:22:58','2016-08-22 13:22:58',2559),
	(21383,1113,35,62,356,'2016-08-22 13:22:58','2016-08-22 13:22:58',2559),
	(21384,1113,35,63,360,'2016-08-22 13:22:58','2016-08-22 13:22:58',2559),
	(21385,1113,35,64,363,'2016-08-22 13:22:59','2016-08-22 13:22:59',2559),
	(21386,1113,35,65,367,'2016-08-22 13:22:59','2016-08-22 13:22:59',2559),
	(21387,1113,35,66,368,'2016-08-22 13:22:59','2016-08-22 13:22:59',2559),
	(21388,1113,35,67,373,'2016-08-22 13:22:59','2016-08-22 13:22:59',2559),
	(21389,1113,35,68,375,'2016-08-22 13:22:59','2016-08-22 13:22:59',2559),
	(21390,1113,35,69,378,'2016-08-22 13:22:59','2016-08-22 13:22:59',2559),
	(21391,1113,35,70,382,'2016-08-22 13:22:59','2016-08-22 13:22:59',2559),
	(21392,1113,35,71,384,'2016-08-22 13:22:59','2016-08-22 13:22:59',2559),
	(21393,1113,35,72,387,'2016-08-22 13:22:59','2016-08-22 13:22:59',2559),
	(21394,1113,35,73,391,'2016-08-22 13:22:59','2016-08-22 13:22:59',2559),
	(21395,1113,35,74,393,'2016-08-22 13:22:59','2016-08-22 13:22:59',2559),
	(21396,1113,35,75,396,'2016-08-22 13:22:59','2016-08-22 13:22:59',2559),
	(21397,1113,35,76,399,'2016-08-22 13:22:59','2016-08-22 13:22:59',2559),
	(21398,1113,35,77,402,'2016-08-22 13:22:59','2016-08-22 13:22:59',2559),
	(21399,1113,35,78,404,'2016-08-22 13:22:59','2016-08-22 13:22:59',2559),
	(21400,1113,35,79,407,'2016-08-22 13:22:59','2016-08-22 13:22:59',2559),
	(21401,1113,35,80,412,'2016-08-22 13:22:59','2016-08-22 13:22:59',2559),
	(21402,1113,35,81,414,'2016-08-22 13:22:59','2016-08-22 13:22:59',2559),
	(21403,1113,35,82,416,'2016-08-22 13:22:59','2016-08-22 13:22:59',2559),
	(21404,1113,35,83,418,'2016-08-22 13:22:59','2016-08-22 13:22:59',2559),
	(21405,1113,35,86,424,'2016-08-22 13:22:59','2016-08-22 13:22:59',2559),
	(21406,1113,35,87,428,'2016-08-22 13:22:59','2016-08-22 13:22:59',2559),
	(21407,1113,35,88,449,'2016-08-22 13:22:59','2016-08-22 13:22:59',2559),
	(21408,1113,35,88,444,'2016-08-22 13:22:59','2016-08-22 13:22:59',2559),
	(21409,1113,35,88,439,'2016-08-22 13:22:59','2016-08-22 13:22:59',2559),
	(21410,1113,35,88,432,'2016-08-22 13:22:59','2016-08-22 13:22:59',2559),
	(21411,1113,35,89,454,'2016-08-22 13:22:59','2016-08-22 13:22:59',2559),
	(21544,1040,35,57,343,'2016-08-28 10:07:32','2016-08-28 10:07:32',2559),
	(21545,1040,35,58,344,'2016-08-28 10:07:32','2016-08-28 10:07:32',2559),
	(21546,1040,35,59,347,'2016-08-28 10:07:32','2016-08-28 10:07:32',2559),
	(21547,1040,35,60,352,'2016-08-28 10:07:32','2016-08-28 10:07:32',2559),
	(21548,1040,35,61,353,'2016-08-28 10:07:32','2016-08-28 10:07:32',2559),
	(21549,1040,35,62,357,'2016-08-28 10:07:32','2016-08-28 10:07:32',2559),
	(21550,1040,35,63,360,'2016-08-28 10:07:32','2016-08-28 10:07:32',2559),
	(21551,1040,35,64,363,'2016-08-28 10:07:32','2016-08-28 10:07:32',2559),
	(21552,1040,35,65,366,'2016-08-28 10:07:32','2016-08-28 10:07:32',2559),
	(21553,1040,35,66,368,'2016-08-28 10:07:32','2016-08-28 10:07:32',2559),
	(21554,1040,35,67,373,'2016-08-28 10:07:32','2016-08-28 10:07:32',2559),
	(21555,1040,35,68,374,'2016-08-28 10:07:32','2016-08-28 10:07:32',2559),
	(21556,1040,35,69,377,'2016-08-28 10:07:32','2016-08-28 10:07:32',2559),
	(21557,1040,35,70,381,'2016-08-28 10:07:32','2016-08-28 10:07:32',2559),
	(21558,1040,35,71,383,'2016-08-28 10:07:32','2016-08-28 10:07:32',2559),
	(21559,1040,35,72,387,'2016-08-28 10:07:32','2016-08-28 10:07:32',2559),
	(21560,1040,35,73,389,'2016-08-28 10:07:32','2016-08-28 10:07:32',2559),
	(21561,1040,35,74,392,'2016-08-28 10:07:32','2016-08-28 10:07:32',2559),
	(21562,1040,35,75,395,'2016-08-28 10:07:32','2016-08-28 10:07:32',2559),
	(21563,1040,35,76,400,'2016-08-28 10:07:32','2016-08-28 10:07:32',2559),
	(21564,1040,35,77,403,'2016-08-28 10:07:32','2016-08-28 10:07:32',2559),
	(21565,1040,35,78,404,'2016-08-28 10:07:32','2016-08-28 10:07:32',2559),
	(21566,1040,35,79,408,'2016-08-28 10:07:32','2016-08-28 10:07:32',2559),
	(21567,1040,35,80,411,'2016-08-28 10:07:32','2016-08-28 10:07:32',2559),
	(21568,1040,35,81,415,'2016-08-28 10:07:32','2016-08-28 10:07:32',2559),
	(21569,1040,35,82,416,'2016-08-28 10:07:32','2016-08-28 10:07:32',2559),
	(21570,1040,35,83,417,'2016-08-28 10:07:32','2016-08-28 10:07:32',2559),
	(21571,1040,35,87,425,'2016-08-28 10:07:33','2016-08-28 10:07:33',2559),
	(21572,1040,35,88,448,'2016-08-28 10:07:33','2016-08-28 10:07:33',2559),
	(21573,1040,35,88,443,'2016-08-28 10:07:33','2016-08-28 10:07:33',2559),
	(21574,1040,35,88,438,'2016-08-28 10:07:33','2016-08-28 10:07:33',2559),
	(21575,1040,35,88,430,'2016-08-28 10:07:33','2016-08-28 10:07:33',2559),
	(21576,1040,35,89,452,'2016-08-28 10:07:33','2016-08-28 10:07:33',2559),
	(21597,1114,32,4,2,'2016-08-31 15:41:07','2016-08-31 15:41:07',2559),
	(21598,1114,32,5,6,'2016-08-31 15:41:07','2016-08-31 15:41:07',2559),
	(21599,1114,32,6,9,'2016-08-31 15:41:07','2016-08-31 15:41:07',2559),
	(21600,1114,32,7,13,'2016-08-31 15:41:07','2016-08-31 15:41:07',2559),
	(21601,1114,32,8,17,'2016-08-31 15:41:07','2016-08-31 15:41:07',2559),
	(21602,1114,32,9,22,'2016-08-31 15:41:07','2016-08-31 15:41:07',2559),
	(21603,1114,32,10,25,'2016-08-31 15:41:07','2016-08-31 15:41:07',2559),
	(21604,1114,32,11,29,'2016-08-31 15:41:07','2016-08-31 15:41:07',2559),
	(21605,1114,32,12,33,'2016-08-31 15:41:07','2016-08-31 15:41:07',2559),
	(21606,1114,32,13,37,'2016-08-31 15:41:07','2016-08-31 15:41:07',2559),
	(21607,1114,32,14,42,'2016-08-31 15:41:07','2016-08-31 15:41:07',2559),
	(21608,1114,32,15,46,'2016-08-31 15:41:07','2016-08-31 15:41:07',2559),
	(21609,1114,32,16,50,'2016-08-31 15:41:07','2016-08-31 15:41:07',2559),
	(21610,1114,32,17,53,'2016-08-31 15:41:07','2016-08-31 15:41:07',2559),
	(21611,1114,32,18,58,'2016-08-31 15:41:07','2016-08-31 15:41:07',2559),
	(21612,1114,32,19,62,'2016-08-31 15:41:07','2016-08-31 15:41:07',2559),
	(21613,1114,32,20,67,'2016-08-31 15:41:07','2016-08-31 15:41:07',2559),
	(21614,1114,32,21,71,'2016-08-31 15:41:07','2016-08-31 15:41:07',2559),
	(21615,1114,32,22,74,'2016-08-31 15:41:07','2016-08-31 15:41:07',2559),
	(21616,1114,32,23,78,'2016-08-31 15:41:08','2016-08-31 15:41:08',2559),
	(21617,1114,33,24,84,'2016-08-31 15:44:05','2016-08-31 15:44:05',2559),
	(21618,1114,33,26,89,'2016-08-31 15:44:05','2016-08-31 15:44:05',2559),
	(21619,1114,33,27,93,'2016-08-31 15:44:05','2016-08-31 15:44:05',2559),
	(21620,1114,33,28,97,'2016-08-31 15:44:05','2016-08-31 15:44:05',2559),
	(21621,1114,33,29,98,'2016-08-31 15:44:05','2016-08-31 15:44:05',2559),
	(21622,1114,33,30,104,'2016-08-31 15:44:05','2016-08-31 15:44:05',2559),
	(21623,1114,33,31,108,'2016-08-31 15:44:05','2016-08-31 15:44:05',2559),
	(21624,1114,33,32,112,'2016-08-31 15:44:05','2016-08-31 15:44:05',2559),
	(21625,1114,33,33,117,'2016-08-31 15:44:05','2016-08-31 15:44:05',2559),
	(21626,1114,33,34,118,'2016-08-31 15:44:05','2016-08-31 15:44:05',2559),
	(21627,1114,33,35,124,'2016-08-31 15:44:05','2016-08-31 15:44:05',2559),
	(21628,1114,33,36,128,'2016-08-31 15:44:05','2016-08-31 15:44:05',2559),
	(21629,1114,33,37,133,'2016-08-31 15:44:05','2016-08-31 15:44:05',2559),
	(21630,1114,33,38,137,'2016-08-31 15:44:05','2016-08-31 15:44:05',2559),
	(21631,1114,33,39,138,'2016-08-31 15:44:05','2016-08-31 15:44:05',2559),
	(21632,1114,33,40,145,'2016-08-31 15:44:05','2016-08-31 15:44:05',2559),
	(21633,1114,33,41,149,'2016-08-31 15:44:05','2016-08-31 15:44:05',2559),
	(21634,1114,33,42,153,'2016-08-31 15:44:05','2016-08-31 15:44:05',2559),
	(21635,1114,33,43,157,'2016-08-31 15:44:05','2016-08-31 15:44:05',2559),
	(21636,1114,33,44,340,'2016-08-31 15:44:05','2016-08-31 15:44:05',2559),
	(21670,1115,35,57,342,'2016-09-08 14:13:54','2016-09-08 14:13:54',2559),
	(21671,1115,35,58,344,'2016-09-08 14:13:54','2016-09-08 14:13:54',2559),
	(21672,1115,35,59,347,'2016-09-08 14:13:54','2016-09-08 14:13:54',2559),
	(21673,1115,35,60,352,'2016-09-08 14:13:54','2016-09-08 14:13:54',2559),
	(21674,1115,35,61,353,'2016-09-08 14:13:54','2016-09-08 14:13:54',2559),
	(21675,1115,35,62,356,'2016-09-08 14:13:54','2016-09-08 14:13:54',2559),
	(21676,1115,35,63,359,'2016-09-08 14:13:54','2016-09-08 14:13:54',2559),
	(21677,1115,35,64,363,'2016-09-08 14:13:54','2016-09-08 14:13:54',2559),
	(21678,1115,35,65,365,'2016-09-08 14:13:54','2016-09-08 14:13:54',2559),
	(21679,1115,35,66,368,'2016-09-08 14:13:54','2016-09-08 14:13:54',2559),
	(21680,1115,35,67,373,'2016-09-08 14:13:54','2016-09-08 14:13:54',2559),
	(21681,1115,35,68,374,'2016-09-08 14:13:54','2016-09-08 14:13:54',2559),
	(21682,1115,35,69,377,'2016-09-08 14:13:54','2016-09-08 14:13:54',2559),
	(21683,1115,35,70,381,'2016-09-08 14:13:54','2016-09-08 14:13:54',2559),
	(21684,1115,35,71,383,'2016-09-08 14:13:55','2016-09-08 14:13:55',2559),
	(21685,1115,35,72,386,'2016-09-08 14:13:55','2016-09-08 14:13:55',2559),
	(21686,1115,35,73,390,'2016-09-08 14:13:55','2016-09-08 14:13:55',2559),
	(21687,1115,35,74,392,'2016-09-08 14:13:55','2016-09-08 14:13:55',2559),
	(21688,1115,35,75,395,'2016-09-08 14:13:55','2016-09-08 14:13:55',2559),
	(21689,1115,35,76,400,'2016-09-08 14:13:55','2016-09-08 14:13:55',2559),
	(21690,1115,35,77,403,'2016-09-08 14:13:55','2016-09-08 14:13:55',2559),
	(21691,1115,35,78,404,'2016-09-08 14:13:55','2016-09-08 14:13:55',2559),
	(21692,1115,35,79,408,'2016-09-08 14:13:55','2016-09-08 14:13:55',2559),
	(21693,1115,35,80,410,'2016-09-08 14:13:55','2016-09-08 14:13:55',2559),
	(21694,1115,35,81,414,'2016-09-08 14:13:55','2016-09-08 14:13:55',2559),
	(21695,1115,35,82,416,'2016-09-08 14:13:55','2016-09-08 14:13:55',2559),
	(21696,1115,35,83,417,'2016-09-08 14:13:55','2016-09-08 14:13:55',2559),
	(21697,1115,35,87,425,'2016-09-08 14:13:55','2016-09-08 14:13:55',2559),
	(21698,1115,35,88,448,'2016-09-08 14:13:55','2016-09-08 14:13:55',2559),
	(21699,1115,35,88,443,'2016-09-08 14:13:55','2016-09-08 14:13:55',2559),
	(21700,1115,35,88,438,'2016-09-08 14:13:55','2016-09-08 14:13:55',2559),
	(21701,1115,35,88,430,'2016-09-08 14:13:55','2016-09-08 14:13:55',2559),
	(21702,1115,35,89,452,'2016-09-08 14:13:55','2016-09-08 14:13:55',2559);

/*!40000 ALTER TABLE `participant_answers` ENABLE KEYS */;
UNLOCK TABLES;


# Dump of table participants
# ------------------------------------------------------------

DROP TABLE IF EXISTS `participants`;

CREATE TABLE `participants` (
  `id` int(10) unsigned NOT NULL AUTO_INCREMENT,
  `identifier` varchar(32) COLLATE utf8_unicode_ci NOT NULL,
  `firstname` varchar(64) COLLATE utf8_unicode_ci NOT NULL,
  `lastname` varchar(64) COLLATE utf8_unicode_ci NOT NULL,
  `class` varchar(3) COLLATE utf8_unicode_ci NOT NULL,
  `room` varchar(3) COLLATE utf8_unicode_ci NOT NULL,
  `number` int(10) unsigned DEFAULT NULL,
  `created_at` timestamp NULL DEFAULT NULL,
  `updated_at` timestamp NOT NULL DEFAULT CURRENT_TIMESTAMP,
  PRIMARY KEY (`id`)
) ENGINE=InnoDB DEFAULT CHARSET=utf8 COLLATE=utf8_unicode_ci;

LOCK TABLES `participants` WRITE;
/*!40000 ALTER TABLE `participants` DISABLE KEYS */;

INSERT INTO `participants` (`id`, `identifier`, `firstname`, `lastname`, `class`, `room`, `number`, `created_at`, `updated_at`)
VALUES
	(4,'00001','Bacon','Mares','5','12',NULL,'2016-03-13 07:32:33','2016-03-13 07:32:33'),
	(5,'00002','Jarrell','Bacon','5','3',NULL,'2016-03-13 07:32:33','2016-03-13 07:32:33'),
	(6,'00003','Sager','Ison','4','1',NULL,'2016-03-13 07:32:33','2016-03-13 07:32:33'),
	(7,'00004','Maier','Wallace','6','4',NULL,'2016-03-13 07:32:33','2016-03-13 07:32:33'),
	(8,'00005','Winfrey','Miles','3','6',NULL,'2016-03-13 07:32:33','2016-03-13 07:32:33'),
	(9,'00006','Jansen','Mccarty','2','6',NULL,'2016-03-13 07:32:33','2016-03-13 07:32:33'),
	(10,'00007','Mast','Winfield','2','6',NULL,'2016-03-13 07:32:33','2016-03-13 07:32:33'),
	(11,'00008','Meyer','Salerno','6','12',NULL,'2016-03-13 07:32:33','2016-03-13 07:32:33'),
	(12,'00009','Mccaffrey','Mares','6','9',NULL,'2016-03-13 07:32:33','2016-03-13 07:32:33'),
	(13,'00010','Martins','Martinez','6','10',NULL,'2016-03-13 07:32:33','2016-03-13 07:32:33'),
	(14,'00011','Abraham','Maldonado','6','7',NULL,'2016-03-13 07:32:33','2016-03-13 07:32:33'),
	(15,'00012','Johnston','Mcclellan','5','5',NULL,'2016-03-13 07:32:33','2016-03-13 07:32:33'),
	(16,'00013','Matthews','Knowlton','6','8',NULL,'2016-03-13 07:32:33','2016-03-13 07:32:33'),
	(17,'00014','Callaway','Adair','1','10',NULL,'2016-03-13 07:32:33','2016-03-13 07:32:33'),
	(18,'00015','Macdonald','Israel','2','5',NULL,'2016-03-13 07:32:33','2016-03-13 07:32:33'),
	(19,'00016','Mahaffey','Cade','2','4',NULL,'2016-03-13 07:32:33','2016-03-13 07:32:33'),
	(20,'00017','Mata','Talley','1','5',NULL,'2016-03-13 07:32:33','2016-03-13 07:32:33'),
	(21,'00018','Meyers','Jaynes','2','11',NULL,'2016-03-13 07:32:33','2016-03-13 07:32:33'),
	(22,'00019','Maddox','Cagle','3','6',NULL,'2016-03-13 07:32:33','2016-03-13 07:32:33'),
	(23,'00020','Miles','Rohr','6','8',NULL,'2016-03-13 07:32:33','2016-03-13 07:32:33'),
	(24,'00021','Mallory','Mattingly','2','8',NULL,'2016-03-13 07:32:33','2016-03-13 07:32:33'),
	(25,'00022','Mayers','Wade','3','3',NULL,'2016-03-13 07:32:33','2016-03-13 07:32:33'),
	(26,'00023','Mattos','Martindale','4','4',NULL,'2016-03-13 07:32:33','2016-03-13 07:32:33'),
	(27,'00024','Maurer','Metz','4','6',NULL,'2016-03-13 07:32:33','2016-03-13 07:32:33'),
	(28,'00025','Calabrese','Marino','5','12',NULL,'2016-03-13 07:32:33','2016-03-13 07:32:33'),
	(29,'00026','Mancini','Jordon','6','1',NULL,'2016-03-13 07:32:33','2016-03-13 07:32:33'),
	(30,'00027','Bacon','Ingram','4','12',NULL,'2016-03-13 07:32:33','2016-03-13 07:32:33'),
	(31,'00028','Mann','Wallace','4','2',NULL,'2016-03-13 07:32:33','2016-03-13 07:32:33'),
	(32,'00029','Daley','Mercier','5','11',NULL,'2016-03-13 07:32:33','2016-03-13 07:32:33'),
	(33,'00030','Talbott','Rodriguez','1','12',NULL,'2016-03-13 07:32:33','2016-03-13 07:32:33'),
	(34,'00031','Jacobsen','Mata','2','8',NULL,'2016-03-13 07:32:33','2016-03-13 07:32:33'),
	(35,'00032','Malloy','Mcadams','1','8',NULL,'2016-03-13 07:32:33','2016-03-13 07:32:33'),
	(36,'00033','Waite','Messer','4','12',NULL,'2016-03-13 07:32:33','2016-03-13 07:32:33'),
	(37,'00034','Menendez','Machado','1','11',NULL,'2016-03-13 07:32:33','2016-03-13 07:32:33'),
	(38,'00035','Mccarter','Maloney','6','5',NULL,'2016-03-13 07:32:33','2016-03-13 07:32:33'),
	(39,'00036','Jordan','Williford','4','2',NULL,'2016-03-13 07:32:33','2016-03-13 07:32:33'),
	(40,'00037','Roe','Ireland','6','6',NULL,'2016-03-13 07:32:33','2016-03-13 07:32:33'),
	(41,'00038','Manley','Cabrera','3','6',NULL,'2016-03-13 07:32:33','2016-03-13 07:32:33'),
	(42,'00039','Mayo','Mares','1','4',NULL,'2016-03-13 07:32:33','2016-03-13 07:32:33'),
	(43,'00040','Wagoner','Tamayo','6','10',NULL,'2016-03-13 07:32:33','2016-03-13 07:32:33'),
	(44,'00041','Cain','Manzo','5','12',NULL,'2016-03-13 07:32:33','2016-03-13 07:32:33'),
	(45,'00042','Cade','May','5','11',NULL,'2016-03-13 07:32:33','2016-03-13 07:32:33'),
	(46,'00043','Koenig','Martel','2','4',NULL,'2016-03-13 07:32:33','2016-03-13 07:32:33'),
	(47,'00044','Baggett','Mcbride','3','4',NULL,'2016-03-13 07:32:33','2016-03-13 07:32:33'),
	(48,'00045','Callender','Irwin','5','9',NULL,'2016-03-13 07:32:33','2016-03-13 07:32:33'),
	(49,'00046','Williford','Talbott','2','3',NULL,'2016-03-13 07:32:33','2016-03-13 07:32:33'),
	(50,'00047','Mccloskey','Ingram','4','3',NULL,'2016-03-13 07:32:33','2016-03-13 07:32:33'),
	(51,'00048','Maier','Macias','6','8',NULL,'2016-03-13 07:32:33','2016-03-13 07:32:33'),
	(52,'00049','Cady','Mata','4','2',NULL,'2016-03-13 07:32:33','2016-03-13 07:32:33'),
	(53,'00050','Winchester','Iverson','1','9',NULL,'2016-03-13 07:32:33','2016-03-13 07:32:33'),
	(54,'00051','Abell','Knowlton','1','1',NULL,'2016-03-13 07:32:33','2016-03-13 07:32:33'),
	(55,'00052','Cady','Wallen','3','3',NULL,'2016-03-13 07:32:33','2016-03-13 07:32:33'),
	(56,'00053','Maxwell','Taber','6','2',NULL,'2016-03-13 07:32:33','2016-03-13 07:32:33'),
	(57,'00054','Williford','Bach','3','3',NULL,'2016-03-13 07:32:33','2016-03-13 07:32:33'),
	(58,'00055','Ivy','Merchant','3','11',NULL,'2016-03-13 07:32:33','2016-03-13 07:32:33'),
	(59,'00056','Ireland','Wills','4','5',NULL,'2016-03-13 07:32:33','2016-03-13 07:32:33'),
	(60,'00057','Daigle','Cady','4','7',NULL,'2016-03-13 07:32:33','2016-03-13 07:32:33'),
	(61,'00058','Wimberly','Marble','2','6',NULL,'2016-03-13 07:32:33','2016-03-13 07:32:33'),
	(62,'00059','Middleton','Irvin','4','12',NULL,'2016-03-13 07:32:33','2016-03-13 07:32:33'),
	(63,'00060','Maupin','Jacoby','1','6',NULL,'2016-03-13 07:32:33','2016-03-13 07:32:33'),
	(64,'00061','Daily','Ackerman','4','7',NULL,'2016-03-13 07:32:33','2016-03-13 07:32:33'),
	(65,'00062','Cabrera','Jordan','5','6',NULL,'2016-03-13 07:32:33','2016-03-13 07:32:33'),
	(66,'00063','Mccauley','Tan','3','2',NULL,'2016-03-13 07:32:33','2016-03-13 07:32:33'),
	(67,'00064','Marshall','Meyers','4','10',NULL,'2016-03-13 07:32:33','2016-03-13 07:32:33'),
	(68,'00065','Johnston','Callender','2','5',NULL,'2016-03-13 07:32:33','2016-03-13 07:32:33'),
	(69,'00066','Matlock','Marin','6','8',NULL,'2016-03-13 07:32:33','2016-03-13 07:32:33'),
	(70,'00067','Jarvis','Iverson','4','9',NULL,'2016-03-13 07:32:33','2016-03-13 07:32:33'),
	(71,'00068','Roman','Mattox','1','5',NULL,'2016-03-13 07:32:33','2016-03-13 07:32:33'),
	(72,'00069','Mayes','Mccall','6','10',NULL,'2016-03-13 07:32:33','2016-03-13 07:32:33'),
	(73,'00070','Mayhew','Mathis','2','7',NULL,'2016-03-13 07:32:33','2016-03-13 07:32:33'),
	(74,'00071','Jameson','Marin','5','7',NULL,'2016-03-13 07:32:33','2016-03-13 07:32:33'),
	(75,'00072','Mackey','Rodriguez','3','6',NULL,'2016-03-13 07:32:33','2016-03-13 07:32:33'),
	(76,'00073','Ives','Martell','6','1',NULL,'2016-03-13 07:32:33','2016-03-13 07:32:33'),
	(77,'00074','Roland','Mast','4','3',NULL,'2016-03-13 07:32:33','2016-03-13 07:32:33'),
	(78,'00075','Babcock','Tanner','6','4',NULL,'2016-03-13 07:32:33','2016-03-13 07:32:33'),
	(79,'00076','Johnston','Back','5','9',NULL,'2016-03-13 07:32:33','2016-03-13 07:32:33'),
	(80,'00077','Merchant','Marquis','4','8',NULL,'2016-03-13 07:32:33','2016-03-13 07:32:33'),
	(81,'00078','Isaac','Mccauley','2','4',NULL,'2016-03-13 07:32:33','2016-03-13 07:32:33'),
	(82,'00079','Willson','Michael','6','12',NULL,'2016-03-13 07:32:33','2016-03-13 07:32:33'),
	(83,'00080','Damron','Salgado','3','6',NULL,'2016-03-13 07:32:33','2016-03-13 07:32:33'),
	(84,'00081','Mendoza','Talbott','4','2',NULL,'2016-03-13 07:32:33','2016-03-13 07:32:33'),
	(85,'00082','Milburn','Tam','2','12',NULL,'2016-03-13 07:32:33','2016-03-13 07:32:33'),
	(86,'00083','Wingate','Talbot','2','5',NULL,'2016-03-13 07:32:33','2016-03-13 07:32:33'),
	(87,'00084','Rojas','Jones','1','2',NULL,'2016-03-13 07:32:33','2016-03-13 07:32:33'),
	(88,'00085','Marcotte','Martino','5','12',NULL,'2016-03-13 07:32:33','2016-03-13 07:32:33'),
	(89,'00086','Macdonald','Michaels','2','11',NULL,'2016-03-13 07:32:33','2016-03-13 07:32:33'),
	(90,'00087','Mcafee','Bader','5','11',NULL,'2016-03-13 07:32:33','2016-03-13 07:32:33'),
	(91,'00088','Tarver','Salmon','3','1',NULL,'2016-03-13 07:32:33','2016-03-13 07:32:33'),
	(92,'00089','Walling','Jolly','2','4',NULL,'2016-03-13 07:32:33','2016-03-13 07:32:33'),
	(93,'00090','Salisbury','Mackenzie','2','8',NULL,'2016-03-13 07:32:33','2016-03-13 07:32:33'),
	(94,'00091','Matlock','Maclean','1','12',NULL,'2016-03-13 07:32:33','2016-03-13 07:32:33'),
	(95,'00092','Ma','Salazar','1','1',NULL,'2016-03-13 07:32:33','2016-03-13 07:32:33'),
	(96,'00093','Mcclou','Mccain','1','4',NULL,'2016-03-13 07:32:33','2016-03-13 07:32:33'),
	(97,'00094','Mason','Tapp','2','6',NULL,'2016-03-13 07:32:33','2016-03-13 07:32:33'),
	(98,'00095','Knowles','Adair','3','7',NULL,'2016-03-13 07:32:33','2016-03-13 07:32:33'),
	(99,'00096','Tanaka','Mayo','4','8',NULL,'2016-03-13 07:32:33','2016-03-13 07:32:33'),
	(100,'00097','Mattson','Mcallister','6','11',NULL,'2016-03-13 07:32:33','2016-03-13 07:32:33'),
	(101,'00098','Roland','Salisbury','4','12',NULL,'2016-03-13 07:32:33','2016-03-13 07:32:33'),
	(102,'00099','Mast','Manuel','6','2',NULL,'2016-03-13 07:32:33','2016-03-13 07:32:33'),
	(103,'00100','Mayfield','Abrams','2','8',NULL,'2016-03-13 07:32:33','2016-03-13 07:32:33'),
	(104,'00101','Mccarty','Rodrigue','6','6',NULL,'2016-03-13 07:32:33','2016-03-13 07:32:33'),
	(105,'00102','Macias','Callaway','6','10',NULL,'2016-03-13 07:32:33','2016-03-13 07:32:33'),
	(106,'00103','Damron','Knowles','2','5',NULL,'2016-03-13 07:32:33','2016-03-13 07:32:33'),
	(107,'00104','Bader','Jackson','6','10',NULL,'2016-03-13 07:32:33','2016-03-13 07:32:33'),
	(108,'00105','Massie','Janssen','5','12',NULL,'2016-03-13 07:32:33','2016-03-13 07:32:33'),
	(109,'00106','Dale','Rodrigue','6','10',NULL,'2016-03-13 07:32:33','2016-03-13 07:32:33'),
	(110,'00107','Merchant','Messenger','6','8',NULL,'2016-03-13 07:32:33','2016-03-13 07:32:33'),
	(111,'00108','Meyers','Salisbury','2','9',NULL,'2016-03-13 07:32:33','2016-03-13 07:32:33'),
	(112,'00109','Wilt','Cain','2','12',NULL,'2016-03-13 07:32:33','2016-03-13 07:32:33'),
	(113,'00110','Salmon','Callender','5','4',NULL,'2016-03-13 07:32:33','2016-03-13 07:32:33'),
	(114,'00111','Wall','Aaron','5','6',NULL,'2016-03-13 07:32:33','2016-03-13 07:32:33'),
	(115,'00112','Jacob','Masterson','2','8',NULL,'2016-03-13 07:32:33','2016-03-13 07:32:33'),
	(116,'00113','Markley','Jarrett','4','9',NULL,'2016-03-13 07:32:33','2016-03-13 07:32:33'),
	(117,'00114','Salter','Winstead','4','1',NULL,'2016-03-13 07:32:33','2016-03-13 07:32:33'),
	(118,'00115','Irby','Maddox','4','3',NULL,'2016-03-13 07:32:33','2016-03-13 07:32:33'),
	(119,'00116','Mata','Mccloskey','6','2',NULL,'2016-03-13 07:32:33','2016-03-13 07:32:33'),
	(120,'00117','Jacobsen','Baer','1','2',NULL,'2016-03-13 07:32:33','2016-03-13 07:32:33'),
	(121,'00118','Salazar','Mauro','3','7',NULL,'2016-03-13 07:32:33','2016-03-13 07:32:33'),
	(122,'00119','Mauro','Dalton','1','8',NULL,'2016-03-13 07:32:33','2016-03-13 07:32:33'),
	(123,'00120','Mcclain','Rojas','2','6',NULL,'2016-03-13 07:32:33','2016-03-13 07:32:33'),
	(124,'00121','Talbert','Mcbride','2','5',NULL,'2016-03-13 07:32:33','2016-03-13 07:32:33'),
	(125,'00122','Roderick','Maurer','3','7',NULL,'2016-03-13 07:32:33','2016-03-13 07:32:33'),
	(126,'00123','Roderick','Cagle','5','12',NULL,'2016-03-13 07:32:33','2016-03-13 07:32:33'),
	(127,'00124','Jacobs','Martens','1','10',NULL,'2016-03-13 07:32:33','2016-03-13 07:32:33'),
	(128,'00125','Matthew','Callaway','6','11',NULL,'2016-03-13 07:32:33','2016-03-13 07:32:33'),
	(129,'00126','Mercier','Ivory','3','8',NULL,'2016-03-13 07:32:33','2016-03-13 07:32:33'),
	(130,'00127','Mackenzie','Maas','2','4',NULL,'2016-03-13 07:32:33','2016-03-13 07:32:33'),
	(131,'00128','Maurer','Mabry','5','12',NULL,'2016-03-13 07:32:33','2016-03-13 07:32:33'),
	(132,'00129','Rodriquez','Jansen','3','7',NULL,'2016-03-13 07:32:33','2016-03-13 07:32:33'),
	(133,'00130','Marvin','Mccallister','1','12',NULL,'2016-03-13 07:32:33','2016-03-13 07:32:33'),
	(134,'00131','Metzler','Menendez','6','10',NULL,'2016-03-13 07:32:33','2016-03-13 07:32:33'),
	(135,'00132','Mackey','Jacobson','4','3',NULL,'2016-03-13 07:32:33','2016-03-13 07:32:33'),
	(136,'00133','Acevedo','Maier','1','11',NULL,'2016-03-13 07:32:33','2016-03-13 07:32:33'),
	(137,'00134','Jacks','Main','3','5',NULL,'2016-03-13 07:32:33','2016-03-13 07:32:33'),
	(138,'00135','Abney','Mast','5','9',NULL,'2016-03-13 07:32:33','2016-03-13 07:32:33'),
	(139,'00136','Saenz','Wingate','5','5',NULL,'2016-03-13 07:32:33','2016-03-13 07:32:33'),
	(140,'00137','Wahl','Baca','6','1',NULL,'2016-03-13 07:32:33','2016-03-13 07:32:33'),
	(141,'00138','Mercado','Joyce','6','9',NULL,'2016-03-13 07:32:33','2016-03-13 07:32:33'),
	(142,'00139','Mcclelland','Mcclintock','3','4',NULL,'2016-03-13 07:32:33','2016-03-13 07:32:33'),
	(143,'00140','Maxey','Dabney','4','10',NULL,'2016-03-13 07:32:33','2016-03-13 07:32:33'),
	(144,'00141','Martel','Marion','4','7',NULL,'2016-03-13 07:32:33','2016-03-13 07:32:33'),
	(145,'00142','Sager','Cady','6','3',NULL,'2016-03-13 07:32:33','2016-03-13 07:32:33'),
	(146,'00143','Maynard','Martel','6','12',NULL,'2016-03-13 07:32:33','2016-03-13 07:32:33'),
	(147,'00144','Call','Marino','3','6',NULL,'2016-03-13 07:32:33','2016-03-13 07:32:33'),
	(148,'00145','Martinez','Rodrigues','4','7',NULL,'2016-03-13 07:32:33','2016-03-13 07:32:33'),
	(149,'00146','Tapp','Madison','2','1',NULL,'2016-03-13 07:32:33','2016-03-13 07:32:33'),
	(150,'00147','Irvine','Matthew','3','1',NULL,'2016-03-13 07:32:33','2016-03-13 07:32:33'),
	(151,'00148','Mcclintock','Milburn','6','6',NULL,'2016-03-13 07:32:33','2016-03-13 07:32:33'),
	(152,'00149','Madsen','Maas','1','9',NULL,'2016-03-13 07:32:33','2016-03-13 07:32:33'),
	(153,'00150','Maki','Joy','6','4',NULL,'2016-03-13 07:32:33','2016-03-13 07:32:33'),
	(154,'00151','Marquez','Mcallister','2','9',NULL,'2016-03-13 07:32:33','2016-03-13 07:32:33'),
	(155,'00152','Waldrop','Mancini','2','1',NULL,'2016-03-13 07:32:33','2016-03-13 07:32:33'),
	(156,'00153','Mcclellan','Mayfield','4','1',NULL,'2016-03-13 07:32:33','2016-03-13 07:32:33'),
	(157,'00154','Roland','Mcarthur','1','8',NULL,'2016-03-13 07:32:33','2016-03-13 07:32:33'),
	(158,'00155','Mackey','Mack','5','4',NULL,'2016-03-13 07:32:33','2016-03-13 07:32:33'),
	(159,'00156','Waite','Maestas','5','11',NULL,'2016-03-13 07:32:33','2016-03-13 07:32:33'),
	(160,'00157','Judd','Mccloskey','4','7',NULL,'2016-03-13 07:32:33','2016-03-13 07:32:33'),
	(161,'00158','Mccauley','Wilson','6','6',NULL,'2016-03-13 07:32:33','2016-03-13 07:32:33'),
	(162,'00159','Taggart','Calabrese','2','8',NULL,'2016-03-13 07:32:33','2016-03-13 07:32:33'),
	(163,'00160','Martens','Waller','4','6',NULL,'2016-03-13 07:32:33','2016-03-13 07:32:33'),
	(164,'00161','Salas','Tam','4','6',NULL,'2016-03-13 07:32:33','2016-03-13 07:32:33'),
	(165,'00162','Julian','Marroquin','1','6',NULL,'2016-03-13 07:32:33','2016-03-13 07:32:33'),
	(166,'00163','Damico','Matteson','5','7',NULL,'2016-03-13 07:32:33','2016-03-13 07:32:33'),
	(167,'00164','Tapp','Marcum','3','3',NULL,'2016-03-13 07:32:33','2016-03-13 07:32:33'),
	(168,'00165','Winchester','Jude','5','4',NULL,'2016-03-13 07:32:33','2016-03-13 07:32:33'),
	(169,'00166','Willson','Markham','5','8',NULL,'2016-03-13 07:32:33','2016-03-13 07:32:33'),
	(170,'00167','Matson','Michael','2','5',NULL,'2016-03-13 07:32:33','2016-03-13 07:32:33'),
	(171,'00168','Knoll','Milam','6','6',NULL,'2016-03-13 07:32:33','2016-03-13 07:32:33'),
	(172,'00169','Dailey','Wadsworth','6','2',NULL,'2016-03-13 07:32:33','2016-03-13 07:32:33'),
	(173,'00170','Abrams','Jacoby','4','2',NULL,'2016-03-13 07:32:33','2016-03-13 07:32:33'),
	(174,'00171','Marlowe','Williford','4','11',NULL,'2016-03-13 07:32:33','2016-03-13 07:32:33'),
	(175,'00172','Acker','Cagle','1','6',NULL,'2016-03-13 07:32:33','2016-03-13 07:32:33'),
	(176,'00173','Cabrera','Messina','5','7',NULL,'2016-03-13 07:32:33','2016-03-13 07:32:33'),
	(177,'00174','Mackay','Walls','1','3',NULL,'2016-03-13 07:32:33','2016-03-13 07:32:33'),
	(178,'00175','Knowlton','Waddell','4','8',NULL,'2016-03-13 07:32:33','2016-03-13 07:32:33'),
	(179,'00176','Rohr','Walling','1','5',NULL,'2016-03-13 07:32:33','2016-03-13 07:32:33'),
	(180,'00177','Mcbride','Jaeger','3','10',NULL,'2016-03-13 07:32:33','2016-03-13 07:32:33'),
	(181,'00178','Merchant','Calkins','6','6',NULL,'2016-03-13 07:32:33','2016-03-13 07:32:33'),
	(182,'00179','Madrigal','Marin','3','7',NULL,'2016-03-13 07:32:33','2016-03-13 07:32:33'),
	(183,'00180','Matheson','Winfield','6','10',NULL,'2016-03-13 07:32:33','2016-03-13 07:32:33'),
	(184,'00181','Koch','Matos','2','10',NULL,'2016-03-13 07:32:33','2016-03-13 07:32:33'),
	(185,'00182','Dale','Waller','6','6',NULL,'2016-03-13 07:32:33','2016-03-13 07:32:33'),
	(186,'00183','Mcallister','Malloy','1','1',NULL,'2016-03-13 07:32:33','2016-03-13 07:32:33'),
	(187,'00184','Jordon','Babin','3','10',NULL,'2016-03-13 07:32:33','2016-03-13 07:32:33'),
	(188,'00185','Jones','Jacobs','4','10',NULL,'2016-03-13 07:32:33','2016-03-13 07:32:33'),
	(189,'00186','Abernathy','Macon','2','7',NULL,'2016-03-13 07:32:33','2016-03-13 07:32:33'),
	(190,'00187','Dailey','Marlow','1','10',NULL,'2016-03-13 07:32:33','2016-03-13 07:32:33'),
	(191,'00188','Cabral','Bader','4','5',NULL,'2016-03-13 07:32:33','2016-03-13 07:32:33'),
	(192,'00189','Mays','Merriman','2','11',NULL,'2016-03-13 07:32:33','2016-03-13 07:32:33'),
	(193,'00190','Roe','Salcedo','2','1',NULL,'2016-03-13 07:32:33','2016-03-13 07:32:33'),
	(194,'00191','Mattson','Koehler','1','9',NULL,'2016-03-13 07:32:33','2016-03-13 07:32:33'),
	(195,'00192','Ison','Mackenzie','3','4',NULL,'2016-03-13 07:32:33','2016-03-13 07:32:33'),
	(196,'00193','Wallen','Abel','1','5',NULL,'2016-03-13 07:32:33','2016-03-13 07:32:33'),
	(197,'00194','Madison','Williford','6','8',NULL,'2016-03-13 07:32:33','2016-03-13 07:32:33'),
	(198,'00195','Baca','Judd','3','2',NULL,'2016-03-13 07:32:33','2016-03-13 07:32:33'),
	(199,'00196','Bachman','Abreu','3','10',NULL,'2016-03-13 07:32:33','2016-03-13 07:32:33'),
	(200,'00197','Metzger','Martz','5','2',NULL,'2016-03-13 07:32:33','2016-03-13 07:32:33'),
	(201,'00198','Mercado','Abell','1','7',NULL,'2016-03-13 07:32:33','2016-03-13 07:32:33'),
	(202,'00199','Ingram','Tarver','2','9',NULL,'2016-03-13 07:32:33','2016-03-13 07:32:33'),
	(203,'00200','Mattson','Mattos','6','2',NULL,'2016-03-13 07:32:33','2016-03-13 07:32:33'),
	(204,'00201','Mauldin','Dale','4','3',NULL,'2016-03-13 07:32:33','2016-03-13 07:32:33'),
	(205,'00202','Maher','Mace','6','7',NULL,'2016-03-13 07:32:33','2016-03-13 07:32:33'),
	(206,'00203','Mabe','Knutson','5','7',NULL,'2016-03-13 07:32:33','2016-03-13 07:32:33'),
	(207,'00204','Ireland','Salley','3','3',NULL,'2016-03-13 07:32:33','2016-03-13 07:32:33'),
	(208,'00205','Mesa','Babb','2','9',NULL,'2016-03-13 07:32:33','2016-03-13 07:32:33'),
	(209,'00206','Bach','Mackie','2','5',NULL,'2016-03-13 07:32:33','2016-03-13 07:32:33'),
	(210,'00207','Mauldin','Mahoney','1','6',NULL,'2016-03-13 07:32:33','2016-03-13 07:32:33'),
	(211,'00208','Rojas','Acosta','4','12',NULL,'2016-03-13 07:32:33','2016-03-13 07:32:33'),
	(212,'00209','Daniels','Dancy','2','9',NULL,'2016-03-13 07:32:33','2016-03-13 07:32:33'),
	(213,'00210','Marino','Callaway','2','2',NULL,'2016-03-13 07:32:33','2016-03-13 07:32:33'),
	(214,'00211','Wallis','Johnston','4','9',NULL,'2016-03-13 07:32:33','2016-03-13 07:32:33'),
	(215,'00212','Daniels','Jasper','6','1',NULL,'2016-03-13 07:32:33','2016-03-13 07:32:33'),
	(216,'00213','Joyner','Rogers','5','1',NULL,'2016-03-13 07:32:33','2016-03-13 07:32:33'),
	(217,'00214','Mayes','Jorgenson','3','6',NULL,'2016-03-13 07:32:33','2016-03-13 07:32:33'),
	(218,'00215','Madsen','Winchester','6','10',NULL,'2016-03-13 07:32:33','2016-03-13 07:32:33'),
	(219,'00216','Winter','Main','5','8',NULL,'2016-03-13 07:32:33','2016-03-13 07:32:33'),
	(220,'00217','Mast','Abraham','2','4',NULL,'2016-03-13 07:32:33','2016-03-13 07:32:33'),
	(221,'00218','Dale','Mallory','3','7',NULL,'2016-03-13 07:32:33','2016-03-13 07:32:33'),
	(222,'00219','Maes','Abbott','2','8',NULL,'2016-03-13 07:32:33','2016-03-13 07:32:33'),
	(223,'00220','Jay','Salter','5','12',NULL,'2016-03-13 07:32:33','2016-03-13 07:32:33'),
	(224,'00221','Winkler','Wagner','6','3',NULL,'2016-03-13 07:32:33','2016-03-13 07:32:33'),
	(225,'00222','Ison','Wade','5','11',NULL,'2016-03-13 07:32:33','2016-03-13 07:32:33'),
	(226,'00223','Mccarty','Marsh','4','4',NULL,'2016-03-13 07:32:33','2016-03-13 07:32:33'),
	(227,'00224','Salley','Willson','6','11',NULL,'2016-03-13 07:32:33','2016-03-13 07:32:33'),
	(228,'00225','Windham','Sallee','2','7',NULL,'2016-03-13 07:32:33','2016-03-13 07:32:33'),
	(229,'00226','Mayberry','Maloney','1','4',NULL,'2016-03-13 07:32:33','2016-03-13 07:32:33'),
	(230,'00227','Mancini','Ison','6','7',NULL,'2016-03-13 07:32:33','2016-03-13 07:32:33'),
	(231,'00228','Major','Marchand','3','1',NULL,'2016-03-13 07:32:33','2016-03-13 07:32:33'),
	(232,'00229','Joy','Wilson','2','5',NULL,'2016-03-13 07:32:33','2016-03-13 07:32:33'),
	(233,'00230','Mccarthy','Jacks','2','8',NULL,'2016-03-13 07:32:33','2016-03-13 07:32:33'),
	(234,'00231','Maki','Merrill','6','9',NULL,'2016-03-13 07:32:33','2016-03-13 07:32:33'),
	(235,'00232','Roman','Mcallister','4','9',NULL,'2016-03-13 07:32:33','2016-03-13 07:32:33'),
	(236,'00233','Jolly','Mccain','2','9',NULL,'2016-03-13 07:32:33','2016-03-13 07:32:33'),
	(237,'00234','Iverson','Waddell','6','12',NULL,'2016-03-13 07:32:33','2016-03-13 07:32:33'),
	(238,'00235','Mattingly','Jacob','3','4',NULL,'2016-03-13 07:32:33','2016-03-13 07:32:33'),
	(239,'00236','Madrigal','Jackson','2','6',NULL,'2016-03-13 07:32:33','2016-03-13 07:32:33'),
	(240,'00237','Irwin','Macdonald','5','2',NULL,'2016-03-13 07:32:33','2016-03-13 07:32:33'),
	(241,'00238','Wahl','Adam','5','12',NULL,'2016-03-13 07:32:33','2016-03-13 07:32:33'),
	(242,'00239','Michaels','Marquis','5','2',NULL,'2016-03-13 07:32:33','2016-03-13 07:32:33'),
	(243,'00240','Williford','Knoll','6','5',NULL,'2016-03-13 07:32:33','2016-03-13 07:32:33'),
	(244,'00241','Cady','Sage','1','6',NULL,'2016-03-13 07:32:33','2016-03-13 07:32:33'),
	(245,'00242','Mahaffey','BagleyCaballero','3','4',NULL,'2016-03-13 07:32:33','2016-03-13 07:32:33'),
	(246,'00243','Jose','Mccauley','4','6',NULL,'2016-03-13 07:32:34','2016-03-13 07:32:34'),
	(247,'00244','Matthews','Mccaffrey','6','1',NULL,'2016-03-13 07:32:34','2016-03-13 07:32:34'),
	(248,'00245','Rohr','Mcclellan','2','8',NULL,'2016-03-13 07:32:34','2016-03-13 07:32:34'),
	(249,'00246','Merriman','Jay','4','9',NULL,'2016-03-13 07:32:34','2016-03-13 07:32:34'),
	(250,'00247','Manson','Rodrigues','6','1',NULL,'2016-03-13 07:32:34','2016-03-13 07:32:34'),
	(251,'00248','Maier','Mccabe','3','8',NULL,'2016-03-13 07:32:34','2016-03-13 07:32:34'),
	(252,'00249','Jarvis','Maas','1','6',NULL,'2016-03-13 07:32:34','2016-03-13 07:32:34'),
	(253,'00250','Mahon','Willis','5','7',NULL,'2016-03-13 07:32:34','2016-03-13 07:32:34'),
	(254,'00251','Tanner','Tatum','1','12',NULL,'2016-03-13 07:32:34','2016-03-13 07:32:34'),
	(255,'00252','Acosta','Judge','1','4',NULL,'2016-03-13 07:32:34','2016-03-13 07:32:34'),
	(256,'00253','Mcclanahan','Taggart','6','9',NULL,'2016-03-13 07:32:34','2016-03-13 07:32:34'),
	(257,'00254','Saenz','Madsen','3','9',NULL,'2016-03-13 07:32:34','2016-03-13 07:32:34'),
	(258,'00255','Mays','Ingle','5','4',NULL,'2016-03-13 07:32:34','2016-03-13 07:32:34'),
	(259,'00256','Callahan','Damico','6','1',NULL,'2016-03-13 07:32:34','2016-03-13 07:32:34'),
	(260,'00257','March','Joyce','4','2',NULL,'2016-03-13 07:32:34','2016-03-13 07:32:34'),
	(261,'00258','Waller','Roderick','4','8',NULL,'2016-03-13 07:32:34','2016-03-13 07:32:34'),
	(262,'00259','Mackay','Martinez','4','7',NULL,'2016-03-13 07:32:34','2016-03-13 07:32:34'),
	(263,'00260','Martin','Maples','5','6',NULL,'2016-03-13 07:32:34','2016-03-13 07:32:34'),
	(264,'00261','Mccarthy','Mayberry','1','12',NULL,'2016-03-13 07:32:34','2016-03-13 07:32:34'),
	(265,'00262','Rojas','Malley','5','1',NULL,'2016-03-13 07:32:34','2016-03-13 07:32:34'),
	(266,'00263','Metzler','Winstead','3','12',NULL,'2016-03-13 07:32:34','2016-03-13 07:32:34'),
	(267,'00264','Manzo','Roland','1','3',NULL,'2016-03-13 07:32:34','2016-03-13 07:32:34'),
	(268,'00265','Rodriguez','Maier','3','8',NULL,'2016-03-13 07:32:34','2016-03-13 07:32:34'),
	(269,'00266','Mccaffrey','Juarez','2','4',NULL,'2016-03-13 07:32:34','2016-03-13 07:32:34'),
	(270,'00267','Martel','Michael','5','4',NULL,'2016-03-13 07:32:34','2016-03-13 07:32:34'),
	(271,'00268','Machado','Marcotte','5','4',NULL,'2016-03-13 07:32:34','2016-03-13 07:32:34'),
	(272,'00269','Israel','Jamison','2','8',NULL,'2016-03-13 07:32:34','2016-03-13 07:32:34'),
	(273,'00270','Mackay','Johnston','4','5',NULL,'2016-03-13 07:32:34','2016-03-13 07:32:34'),
	(274,'00271','Willis','Judd','3','1',NULL,'2016-03-13 07:32:34','2016-03-13 07:32:34'),
	(275,'00272','Roe','Iverson','2','7',NULL,'2016-03-13 07:32:34','2016-03-13 07:32:34'),
	(276,'00273','Miles','Maier','2','9',NULL,'2016-03-13 07:32:34','2016-03-13 07:32:34'),
	(277,'00274','Mahan','Ma','6','3',NULL,'2016-03-13 07:32:34','2016-03-13 07:32:34'),
	(278,'00275','Ison','Mayhew','3','10',NULL,'2016-03-13 07:32:34','2016-03-13 07:32:34'),
	(279,'00276','Ivory','Roman','1','9',NULL,'2016-03-13 07:32:34','2016-03-13 07:32:34'),
	(280,'00277','Taggart','Ivory','3','9',NULL,'2016-03-13 07:32:34','2016-03-13 07:32:34'),
	(281,'00278','Irby','Juarez','1','9',NULL,'2016-03-13 07:32:34','2016-03-13 07:32:34'),
	(282,'00279','Joseph','Walker','5','3',NULL,'2016-03-13 07:32:34','2016-03-13 07:32:34'),
	(283,'00280','Mayes','Jolley','5','8',NULL,'2016-03-13 07:32:34','2016-03-13 07:32:34'),
	(284,'00281','Madden','James','3','1',NULL,'2016-03-13 07:32:34','2016-03-13 07:32:34'),
	(285,'00282','Waldrop','Koehler','2','9',NULL,'2016-03-13 07:32:34','2016-03-13 07:32:34'),
	(286,'00283','BagleyCaballero','Matson','4','6',NULL,'2016-03-13 07:32:34','2016-03-13 07:32:34'),
	(287,'00284','Juarez','Matheson','1','3',NULL,'2016-03-13 07:32:34','2016-03-13 07:32:34'),
	(288,'00285','Badger','Mackenzie','6','5',NULL,'2016-03-13 07:32:34','2016-03-13 07:32:34'),
	(289,'00286','Mace','Johnson','1','6',NULL,'2016-03-13 07:32:34','2016-03-13 07:32:34'),
	(290,'00287','Isom','Meyer','5','2',NULL,'2016-03-13 07:32:34','2016-03-13 07:32:34'),
	(291,'00288','Mercer','Winkler','5','5',NULL,'2016-03-13 07:32:34','2016-03-13 07:32:34'),
	(292,'00289','Wagoner','Callaway','3','10',NULL,'2016-03-13 07:32:34','2016-03-13 07:32:34'),
	(293,'00290','Walls','March','4','6',NULL,'2016-03-13 07:32:34','2016-03-13 07:32:34'),
	(294,'00291','Koenig','Calkins','6','4',NULL,'2016-03-13 07:32:34','2016-03-13 07:32:34'),
	(295,'00292','Mccallister','BagleyCaballero','3','11',NULL,'2016-03-13 07:32:34','2016-03-13 07:32:34'),
	(296,'00293','Mallory','Waldrop','2','1',NULL,'2016-03-13 07:32:34','2016-03-13 07:32:34'),
	(297,'00294','Isom','Iverson','4','9',NULL,'2016-03-13 07:32:34','2016-03-13 07:32:34'),
	(298,'00295','Tapp','Tabor','5','1',NULL,'2016-03-13 07:32:34','2016-03-13 07:32:34'),
	(299,'00296','Martens','Malone','3','1',NULL,'2016-03-13 07:32:34','2016-03-13 07:32:34'),
	(300,'00297','Martz','Mccarter','5','1',NULL,'2016-03-13 07:32:34','2016-03-13 07:32:34'),
	(301,'00298','Wallace','Irizarry','4','9',NULL,'2016-03-13 07:32:34','2016-03-13 07:32:34'),
	(302,'00299','Willson','Mace','1','3',NULL,'2016-03-13 07:32:34','2016-03-13 07:32:34'),
	(303,'00300','Majors','Madsen','1','2',NULL,'2016-03-13 07:32:34','2016-03-13 07:32:34'),
	(304,'00301','Jacobs','Koehler','1','4',NULL,'2016-03-13 07:32:34','2016-03-13 07:32:34'),
	(305,'00302','Martino','Marroquin','6','11',NULL,'2016-03-13 07:32:34','2016-03-13 07:32:34'),
	(306,'00303','Meredith','Mays','6','7',NULL,'2016-03-13 07:32:34','2016-03-13 07:32:34'),
	(307,'00304','Irvin','Walker','4','1',NULL,'2016-03-13 07:32:34','2016-03-13 07:32:34'),
	(308,'00305','Sam','Isaacson','1','8',NULL,'2016-03-13 07:32:34','2016-03-13 07:32:34'),
	(309,'00306','Mason','Marsh','2','2',NULL,'2016-03-13 07:32:34','2016-03-13 07:32:34'),
	(310,'00307','Dalton','Irish','2','9',NULL,'2016-03-13 07:32:34','2016-03-13 07:32:34'),
	(311,'00308','Merchant','Wall','5','10',NULL,'2016-03-13 07:32:34','2016-03-13 07:32:34'),
	(312,'00309','Matney','James','1','5',NULL,'2016-03-13 07:32:34','2016-03-13 07:32:34'),
	(313,'00310','Mancuso','Jorgenson','2','6',NULL,'2016-03-13 07:32:34','2016-03-13 07:32:34'),
	(314,'00311','Maxey','Rodgers','6','1',NULL,'2016-03-13 07:32:34','2016-03-13 07:32:34'),
	(315,'00312','Marroquin','Winslow','1','11',NULL,'2016-03-13 07:32:34','2016-03-13 07:32:34'),
	(316,'00313','Mccarthy','Saenz','3','6',NULL,'2016-03-13 07:32:34','2016-03-13 07:32:34'),
	(317,'00314','Mccartney','Mayers','4','12',NULL,'2016-03-13 07:32:34','2016-03-13 07:32:34'),
	(318,'00315','Cagle','Jacob','4','12',NULL,'2016-03-13 07:32:34','2016-03-13 07:32:34'),
	(319,'00316','Koch','Wakefield','5','1',NULL,'2016-03-13 07:32:34','2016-03-13 07:32:34'),
	(320,'00317','Ibarra','Matheny','3','11',NULL,'2016-03-13 07:32:34','2016-03-13 07:32:34'),
	(321,'00318','Martz','Martens','2','5',NULL,'2016-03-13 07:32:34','2016-03-13 07:32:34'),
	(322,'00319','Jacks','Tan','3','7',NULL,'2016-03-13 07:32:34','2016-03-13 07:32:34'),
	(323,'00320','Massie','Malley','3','6',NULL,'2016-03-13 07:32:34','2016-03-13 07:32:34'),
	(324,'00321','Matthew','Mccloskey','6','7',NULL,'2016-03-13 07:32:34','2016-03-13 07:32:34'),
	(325,'00322','Manning','Maki','3','8',NULL,'2016-03-13 07:32:34','2016-03-13 07:32:34'),
	(326,'00323','Winslow','Baer','4','10',NULL,'2016-03-13 07:32:34','2016-03-13 07:32:34'),
	(327,'00324','Wing','Roland','5','10',NULL,'2016-03-13 07:32:34','2016-03-13 07:32:34'),
	(328,'00325','Jolley','Sage','4','8',NULL,'2016-03-13 07:32:34','2016-03-13 07:32:34'),
	(329,'00326','Mcclanahan','Jasper','1','9',NULL,'2016-03-13 07:32:34','2016-03-13 07:32:34'),
	(330,'00327','Salcido','Maguire','2','11',NULL,'2016-03-13 07:32:34','2016-03-13 07:32:34'),
	(331,'00328','Cain','Martens','3','10',NULL,'2016-03-13 07:32:34','2016-03-13 07:32:34'),
	(332,'00329','Mack','Knutson','2','1',NULL,'2016-03-13 07:32:34','2016-03-13 07:32:34'),
	(333,'00330','Merritt','Mcarthur','5','4',NULL,'2016-03-13 07:32:34','2016-03-13 07:32:34'),
	(334,'00331','Mercado','Irby','1','4',NULL,'2016-03-13 07:32:34','2016-03-13 07:32:34'),
	(335,'00332','Manuel','Merritt','1','7',NULL,'2016-03-13 07:32:34','2016-03-13 07:32:34'),
	(336,'00333','Abrams','Mata','2','10',NULL,'2016-03-13 07:32:34','2016-03-13 07:32:34'),
	(337,'00334','Marquis','Tanaka','4','10',NULL,'2016-03-13 07:32:34','2016-03-13 07:32:34'),
	(338,'00335','Mayes','Mcclelland','4','11',NULL,'2016-03-13 07:32:34','2016-03-13 07:32:34'),
	(339,'00336','Mace','Aaron','4','12',NULL,'2016-03-13 07:32:34','2016-03-13 07:32:34'),
	(340,'00337','Knutson','Jolly','1','2',NULL,'2016-03-13 07:32:34','2016-03-13 07:32:34'),
	(341,'00338','Maxey','Mcadams','3','7',NULL,'2016-03-13 07:32:34','2016-03-13 07:32:34'),
	(342,'00339','Calderon','Malcolm','6','9',NULL,'2016-03-13 07:32:34','2016-03-13 07:32:34'),
	(343,'00340','Walling','Jacobs','2','6',NULL,'2016-03-13 07:32:34','2016-03-13 07:32:34'),
	(344,'00341','March','Willis','2','3',NULL,'2016-03-13 07:32:34','2016-03-13 07:32:34'),
	(345,'00342','Marsh','Mccauley','1','5',NULL,'2016-03-13 07:32:34','2016-03-13 07:32:34'),
	(346,'00343','Marlowe','Matson','2','2',NULL,'2016-03-13 07:32:34','2016-03-13 07:32:34'),
	(347,'00344','Matson','Meza','1','1',NULL,'2016-03-13 07:32:34','2016-03-13 07:32:34'),
	(348,'00345','Meredith','Daigle','2','8',NULL,'2016-03-13 07:32:34','2016-03-13 07:32:34'),
	(349,'00346','Michael','Martel','2','12',NULL,'2016-03-13 07:32:34','2016-03-13 07:32:34'),
	(350,'00347','Taft','Adam','4','8',NULL,'2016-03-13 07:32:34','2016-03-13 07:32:34'),
	(351,'00348','Jasper','Middleton','1','7',NULL,'2016-03-13 07:32:34','2016-03-13 07:32:34'),
	(352,'00349','Koenig','Knox','5','12',NULL,'2016-03-13 07:32:34','2016-03-13 07:32:34'),
	(353,'00350','Dabney','Mercer','3','9',NULL,'2016-03-13 07:32:34','2016-03-13 07:32:34'),
	(354,'00351','Malcolm','March','6','4',NULL,'2016-03-13 07:32:34','2016-03-13 07:32:34'),
	(355,'00352','Macias','Janssen','2','4',NULL,'2016-03-13 07:32:34','2016-03-13 07:32:34'),
	(356,'00353','Back','Winslow','6','12',NULL,'2016-03-13 07:32:34','2016-03-13 07:32:34'),
	(357,'00354','Dahl','Caldwell','6','4',NULL,'2016-03-13 07:32:34','2016-03-13 07:32:34'),
	(358,'00355','Dalton','Malone','6','1',NULL,'2016-03-13 07:32:34','2016-03-13 07:32:34'),
	(359,'00356','Winn','Jordan','4','10',NULL,'2016-03-13 07:32:34','2016-03-13 07:32:34'),
	(360,'00357','Rojas','Willingham','5','5',NULL,'2016-03-13 07:32:34','2016-03-13 07:32:34'),
	(361,'00358','Rodriquez','Calabrese','1','10',NULL,'2016-03-13 07:32:34','2016-03-13 07:32:34'),
	(362,'00359','Mata','Jorgenson','1','3',NULL,'2016-03-13 07:32:34','2016-03-13 07:32:34'),
	(363,'00360','Jacobs','Israel','4','12',NULL,'2016-03-13 07:32:34','2016-03-13 07:32:34'),
	(364,'00361','Mccauley','Wilmoth','6','12',NULL,'2016-03-13 07:32:34','2016-03-13 07:32:34'),
	(365,'00362','Maestas','Mccartney','2','8',NULL,'2016-03-13 07:32:34','2016-03-13 07:32:34'),
	(366,'00363','Wade','Salcido','5','10',NULL,'2016-03-13 07:32:34','2016-03-13 07:32:34'),
	(367,'00364','Dancy','Ison','4','5',NULL,'2016-03-13 07:32:34','2016-03-13 07:32:34'),
	(368,'00365','Mcadams','Ireland','5','1',NULL,'2016-03-13 07:32:34','2016-03-13 07:32:34'),
	(369,'00366','Williford','Miles','6','2',NULL,'2016-03-13 07:32:34','2016-03-13 07:32:34'),
	(370,'00367','Metzler','Jacob','2','10',NULL,'2016-03-13 07:32:34','2016-03-13 07:32:34'),
	(371,'00368','Rohr','Mccaffrey','5','1',NULL,'2016-03-13 07:32:34','2016-03-13 07:32:34'),
	(372,'00369','Talbott','Marshall','1','9',NULL,'2016-03-13 07:32:34','2016-03-13 07:32:34'),
	(373,'00370','Winkler','Tatum','3','10',NULL,'2016-03-13 07:32:34','2016-03-13 07:32:34'),
	(374,'00371','Walls','Dahl','4','7',NULL,'2016-03-13 07:32:34','2016-03-13 07:32:34'),
	(375,'00372','Winston','Rodrigue','6','3',NULL,'2016-03-13 07:32:34','2016-03-13 07:32:34'),
	(376,'00373','Mangum','Maurer','2','12',NULL,'2016-03-13 07:32:34','2016-03-13 07:32:34'),
	(377,'00374','Marquez','Calhoun','1','7',NULL,'2016-03-13 07:32:34','2016-03-13 07:32:34'),
	(378,'00375','Abel','Wadsworth','2','4',NULL,'2016-03-13 07:32:34','2016-03-13 07:32:34'),
	(379,'00376','Sager','Bachman','3','5',NULL,'2016-03-13 07:32:34','2016-03-13 07:32:34'),
	(380,'00377','Mathias','Isbell','1','2',NULL,'2016-03-13 07:32:34','2016-03-13 07:32:34'),
	(381,'00378','Manuel','Maclean','6','1',NULL,'2016-03-13 07:32:34','2016-03-13 07:32:34'),
	(382,'00379','Marcus','Marlowe','4','1',NULL,'2016-03-13 07:32:34','2016-03-13 07:32:34'),
	(383,'00380','Michael','Madrid','2','6',NULL,'2016-03-13 07:32:34','2016-03-13 07:32:34'),
	(384,'00381','Rodrigue','Maloney','3','11',NULL,'2016-03-13 07:32:34','2016-03-13 07:32:34'),
	(385,'00382','Martindale','Maier','3','8',NULL,'2016-03-13 07:32:34','2016-03-13 07:32:34'),
	(386,'00383','Jacobson','Matheson','6','1',NULL,'2016-03-13 07:32:34','2016-03-13 07:32:34'),
	(387,'00384','May','Klinger','3','6',NULL,'2016-03-13 07:32:34','2016-03-13 07:32:34'),
	(388,'00385','Marlow','Maloney','4','3',NULL,'2016-03-13 07:32:34','2016-03-13 07:32:34'),
	(389,'00386','Baggett','Manley','2','9',NULL,'2016-03-13 07:32:34','2016-03-13 07:32:34'),
	(390,'00387','Talbert','Mcbride','5','2',NULL,'2016-03-13 07:32:34','2016-03-13 07:32:34'),
	(391,'00388','Knowlton','Badger','4','7',NULL,'2016-03-13 07:32:34','2016-03-13 07:32:34'),
	(392,'00389','Markham','Julian','3','4',NULL,'2016-03-13 07:32:34','2016-03-13 07:32:34'),
	(393,'00390','Mahoney','Mcclintock','6','6',NULL,'2016-03-13 07:32:34','2016-03-13 07:32:34'),
	(394,'00391','Maestas','Michaud','4','4',NULL,'2016-03-13 07:32:34','2016-03-13 07:32:34'),
	(395,'00392','Salcedo','Joyce','5','10',NULL,'2016-03-13 07:32:34','2016-03-13 07:32:34'),
	(396,'00393','Maki','Koehler','1','8',NULL,'2016-03-13 07:32:34','2016-03-13 07:32:34'),
	(397,'00394','Michaels','Rodrigue','2','2',NULL,'2016-03-13 07:32:34','2016-03-13 07:32:34'),
	(398,'00395','Acuna','Baca','2','4',NULL,'2016-03-13 07:32:34','2016-03-13 07:32:34'),
	(399,'00396','Callahan','Maxwell','6','9',NULL,'2016-03-13 07:32:34','2016-03-13 07:32:34'),
	(400,'00397','Maxey','Knudsen','1','4',NULL,'2016-03-13 07:32:34','2016-03-13 07:32:34'),
	(401,'00398','Dalton','Jolly','5','8',NULL,'2016-03-13 07:32:34','2016-03-13 07:32:34'),
	(402,'00399','Merrill','Roland','6','1',NULL,'2016-03-13 07:32:34','2016-03-13 07:32:34'),
	(403,'00400','Rodriguez','Markham','5','10',NULL,'2016-03-13 07:32:34','2016-03-13 07:32:34'),
	(404,'00401','Janes','Mercier','3','10',NULL,'2016-03-13 07:32:34','2016-03-13 07:32:34'),
	(405,'00402','Caldwell','Matteson','6','2',NULL,'2016-03-13 07:32:34','2016-03-13 07:32:34'),
	(406,'00403','Mayfield','Callender','3','11',NULL,'2016-03-13 07:32:34','2016-03-13 07:32:34'),
	(407,'00404','Merrick','Irby','4','8',NULL,'2016-03-13 07:32:34','2016-03-13 07:32:34'),
	(408,'00405','Markham','Maples','6','10',NULL,'2016-03-13 07:32:34','2016-03-13 07:32:34'),
	(409,'00406','Mallory','Marcus','3','5',NULL,'2016-03-13 07:32:34','2016-03-13 07:32:34'),
	(410,'00407','Meyers','Koenig','3','2',NULL,'2016-03-13 07:32:34','2016-03-13 07:32:34'),
	(411,'00408','Jansen','Rodriguez','6','11',NULL,'2016-03-13 07:32:34','2016-03-13 07:32:34'),
	(412,'00409','Calkins','Israel','5','3',NULL,'2016-03-13 07:32:34','2016-03-13 07:32:34'),
	(413,'00410','BagleyCaballero','March','2','10',NULL,'2016-03-13 07:32:34','2016-03-13 07:32:34'),
	(414,'00411','Matos','Mays','5','7',NULL,'2016-03-13 07:32:34','2016-03-13 07:32:34'),
	(415,'00412','Calderon','Roldan','1','9',NULL,'2016-03-13 07:32:34','2016-03-13 07:32:34'),
	(416,'00413','Messina','Acevedo','3','6',NULL,'2016-03-13 07:32:34','2016-03-13 07:32:34'),
	(417,'00414','Marlow','Messer','6','7',NULL,'2016-03-13 07:32:34','2016-03-13 07:32:34'),
	(418,'00415','Salerno','Roldan','4','2',NULL,'2016-03-13 07:32:34','2016-03-13 07:32:34'),
	(419,'00416','Magana','Manley','6','8',NULL,'2016-03-13 07:32:34','2016-03-13 07:32:34'),
	(420,'00417','Janes','Martino','5','1',NULL,'2016-03-13 07:32:34','2016-03-13 07:32:34'),
	(421,'00418','Roland','Dallas','5','12',NULL,'2016-03-13 07:32:34','2016-03-13 07:32:34'),
	(422,'00419','Middleton','Madrid','4','12',NULL,'2016-03-13 07:32:34','2016-03-13 07:32:34'),
	(423,'00420','Mcbee','Mast','5','8',NULL,'2016-03-13 07:32:34','2016-03-13 07:32:34'),
	(424,'00421','Matlock','Sager','1','5',NULL,'2016-03-13 07:32:34','2016-03-13 07:32:34'),
	(425,'00422','Ackerman','Jacob','6','3',NULL,'2016-03-13 07:32:34','2016-03-13 07:32:34'),
	(426,'00423','Sales','Mackenzie','2','9',NULL,'2016-03-13 07:32:34','2016-03-13 07:32:34'),
	(427,'00424','BagleyCaballero','Knowles','2','1',NULL,'2016-03-13 07:32:34','2016-03-13 07:32:34'),
	(428,'00425','Joiner','Daly','1','3',NULL,'2016-03-13 07:32:34','2016-03-13 07:32:34'),
	(429,'00426','Rodriquez','Mcclou','2','2',NULL,'2016-03-13 07:32:34','2016-03-13 07:32:34'),
	(430,'00427','Isaacs','Maurer','1','2',NULL,'2016-03-13 07:32:34','2016-03-13 07:32:34'),
	(431,'00428','Willis','Mccloskey','5','2',NULL,'2016-03-13 07:32:34','2016-03-13 07:32:34'),
	(432,'00429','Judd','Merchant','3','1',NULL,'2016-03-13 07:32:34','2016-03-13 07:32:34'),
	(433,'00430','Mayer','Koehler','2','12',NULL,'2016-03-13 07:32:34','2016-03-13 07:32:34'),
	(434,'00431','Mccann','Mahon','4','11',NULL,'2016-03-13 07:32:34','2016-03-13 07:32:34'),
	(435,'00432','Mcclou','Jay','6','10',NULL,'2016-03-13 07:32:34','2016-03-13 07:32:34'),
	(436,'00433','Cagle','Metz','1','5',NULL,'2016-03-13 07:32:34','2016-03-13 07:32:34'),
	(437,'00434','Mathias','Tam','3','1',NULL,'2016-03-13 07:32:34','2016-03-13 07:32:34'),
	(438,'00435','Johnston','Marino','2','5',NULL,'2016-03-13 07:32:34','2016-03-13 07:32:34'),
	(439,'00436','Winfrey','Janssen','4','6',NULL,'2016-03-13 07:32:34','2016-03-13 07:32:34'),
	(440,'00437','Mcbee','Jolly','3','7',NULL,'2016-03-13 07:32:34','2016-03-13 07:32:34'),
	(441,'00438','Roller','Mason','3','1',NULL,'2016-03-13 07:32:34','2016-03-13 07:32:34'),
	(442,'00439','Talbot','Calabrese','6','1',NULL,'2016-03-13 07:32:34','2016-03-13 07:32:34'),
	(443,'00440','Babcock','Mccarty','6','2',NULL,'2016-03-13 07:32:34','2016-03-13 07:32:34'),
	(444,'00441','Mason','Merrill','3','5',NULL,'2016-03-13 07:32:34','2016-03-13 07:32:34'),
	(445,'00442','Cabral','Jarrett','3','1',NULL,'2016-03-13 07:32:34','2016-03-13 07:32:34'),
	(446,'00443','Mallory','Manson','3','1',NULL,'2016-03-13 07:32:34','2016-03-13 07:32:34'),
	(447,'00444','Maguire','Jacob','3','4',NULL,'2016-03-13 07:32:34','2016-03-13 07:32:34'),
	(448,'00445','Metzger','Milam','6','2',NULL,'2016-03-13 07:32:34','2016-03-13 07:32:34'),
	(449,'00446','Mancuso','Knox','2','10',NULL,'2016-03-13 07:32:34','2016-03-13 07:32:34'),
	(450,'00447','Wakefield','Saenz','5','6',NULL,'2016-03-13 07:32:34','2016-03-13 07:32:34'),
	(451,'00448','Jolly','Martino','4','8',NULL,'2016-03-13 07:32:34','2016-03-13 07:32:34'),
	(452,'00449','Maes','Abel','1','8',NULL,'2016-03-13 07:32:34','2016-03-13 07:32:34'),
	(453,'00450','Jay','Winfield','4','7',NULL,'2016-03-13 07:32:34','2016-03-13 07:32:34'),
	(454,'00451','Adair','Acosta','4','7',NULL,'2016-03-13 07:32:34','2016-03-13 07:32:34'),
	(455,'00452','Jaramillo','Johnston','6','10',NULL,'2016-03-13 07:32:34','2016-03-13 07:32:34'),
	(456,'00453','Merrill','Matlock','6','6',NULL,'2016-03-13 07:32:34','2016-03-13 07:32:34'),
	(457,'00454','Abbott','Saldana','2','5',NULL,'2016-03-13 07:32:34','2016-03-13 07:32:34'),
	(458,'00455','Irvin','Babcock','5','4',NULL,'2016-03-13 07:32:34','2016-03-13 07:32:34'),
	(459,'00456','Matlock','Ivory','6','3',NULL,'2016-03-13 07:32:34','2016-03-13 07:32:34'),
	(460,'00457','Wade','Jolley','5','4',NULL,'2016-03-13 07:32:34','2016-03-13 07:32:34'),
	(461,'00458','Waller','Wimberly','5','6',NULL,'2016-03-13 07:32:34','2016-03-13 07:32:34'),
	(462,'00459','Winter','Isbell','6','5',NULL,'2016-03-13 07:32:34','2016-03-13 07:32:34'),
	(463,'00460','Knutson','Messer','2','2',NULL,'2016-03-13 07:32:34','2016-03-13 07:32:34'),
	(464,'00461','Mancini','Salcido','4','7',NULL,'2016-03-13 07:32:34','2016-03-13 07:32:34'),
	(465,'00462','Isaacson','Mccain','6','9',NULL,'2016-03-13 07:32:34','2016-03-13 07:32:34'),
	(466,'00463','Mccloskey','Mcarthur','6','7',NULL,'2016-03-13 07:32:34','2016-03-13 07:32:34'),
	(467,'00464','Dang','Jacobson','5','7',NULL,'2016-03-13 07:32:34','2016-03-13 07:32:34'),
	(468,'00465','Meyer','Maness','6','4',NULL,'2016-03-13 07:32:34','2016-03-13 07:32:34'),
	(469,'00466','Abernathy','Martins','5','6',NULL,'2016-03-13 07:32:34','2016-03-13 07:32:34'),
	(470,'00467','Abraham','Matthew','6','4',NULL,'2016-03-13 07:32:34','2016-03-13 07:32:34'),
	(471,'00468','Mann','Caldwell','3','2',NULL,'2016-03-13 07:32:34','2016-03-13 07:32:34'),
	(472,'00469','Rojas','Bacon','5','8',NULL,'2016-03-13 07:32:34','2016-03-13 07:32:34'),
	(473,'00470','Merchant','Massey','2','9',NULL,'2016-03-13 07:32:34','2016-03-13 07:32:34'),
	(474,'00471','Winn','Rohr','2','8',NULL,'2016-03-13 07:32:34','2016-03-13 07:32:34'),
	(475,'00472','Salgado','Jolly','1','1',NULL,'2016-03-13 07:32:34','2016-03-13 07:32:34'),
	(476,'00473','Mahon','Jarvis','3','7',NULL,'2016-03-13 07:32:34','2016-03-13 07:32:34'),
	(477,'00474','Mares','Badger','1','8',NULL,'2016-03-13 07:32:34','2016-03-13 07:32:34'),
	(478,'00475','Mcalister','Jack','6','5',NULL,'2016-03-13 07:32:34','2016-03-13 07:32:34'),
	(479,'00476','Jude','Willoughby','4','4',NULL,'2016-03-13 07:32:34','2016-03-13 07:32:34'),
	(480,'00477','Macdonald','Tan','6','4',NULL,'2016-03-13 07:32:34','2016-03-13 07:32:34'),
	(481,'00478','Jack','Saenz','6','5',NULL,'2016-03-13 07:32:34','2016-03-13 07:32:34'),
	(482,'00479','Willoughby','Taber','6','8',NULL,'2016-03-13 07:32:34','2016-03-13 07:32:34'),
	(483,'00480','Salas','Cabral','4','9',NULL,'2016-03-13 07:32:34','2016-03-13 07:32:34'),
	(484,'00481','Abrams','Judge','2','8',NULL,'2016-03-13 07:32:34','2016-03-13 07:32:34'),
	(485,'00482','Bacon','Roldan','2','10',NULL,'2016-03-13 07:32:34','2016-03-13 07:32:34'),
	(486,'00483','Salcido','Taft','2','3',NULL,'2016-03-13 07:32:34','2016-03-13 07:32:34'),
	(487,'00484','Markley','Masters','3','2',NULL,'2016-03-13 07:32:34','2016-03-13 07:32:34'),
	(488,'00485','Jacob','Knox','3','10',NULL,'2016-03-13 07:32:34','2016-03-13 07:32:34'),
	(489,'00486','Winn','Williford','2','11',NULL,'2016-03-13 07:32:34','2016-03-13 07:32:34'),
	(490,'00487','Mares','Damon','3','10',NULL,'2016-03-13 07:32:34','2016-03-13 07:32:34'),
	(491,'00488','Taft','Dancy','3','3',NULL,'2016-03-13 07:32:34','2016-03-13 07:32:34'),
	(492,'00489','Damon','Mattos','6','3',NULL,'2016-03-13 07:32:34','2016-03-13 07:32:34'),
	(493,'00490','Judge','Dahl','1','3',NULL,'2016-03-13 07:32:34','2016-03-13 07:32:34'),
	(494,'00491','Ingram','Tabor','3','12',NULL,'2016-03-13 07:32:34','2016-03-13 07:32:34'),
	(495,'00492','Michaud','Maynard','1','10',NULL,'2016-03-13 07:32:34','2016-03-13 07:32:34'),
	(496,'00493','Badger','Ma','4','7',NULL,'2016-03-13 07:32:34','2016-03-13 07:32:34'),
	(497,'00494','Meza','Mccabe','3','6',NULL,'2016-03-13 07:32:34','2016-03-13 07:32:34'),
	(498,'00495','Jacoby','Metz','2','2',NULL,'2016-03-13 07:32:34','2016-03-13 07:32:34'),
	(499,'00496','Abell','Mayberry','3','2',NULL,'2016-03-13 07:32:34','2016-03-13 07:32:34'),
	(500,'00497','Mabry','Tabor','2','6',NULL,'2016-03-13 07:32:34','2016-03-13 07:32:34'),
	(501,'00498','Koenig','Isom','4','8',NULL,'2016-03-13 07:32:34','2016-03-13 07:32:34'),
	(502,'00499','Malcolm','Jordon','4','6',NULL,'2016-03-13 07:32:34','2016-03-13 07:32:34'),
	(503,'00500','Mauldin','Marion','2','10',NULL,'2016-03-13 07:32:34','2016-03-13 07:32:34'),
	(504,'00501','Calabrese','Merrick','2','12',NULL,'2016-03-13 07:32:34','2016-03-13 07:32:34'),
	(505,'00502','Marlowe','Matheson','3','7',NULL,'2016-03-13 07:32:34','2016-03-13 07:32:34'),
	(506,'00503','Malone','Maurer','5','7',NULL,'2016-03-13 07:32:34','2016-03-13 07:32:34'),
	(507,'00504','Macias','Abreu','5','12',NULL,'2016-03-13 07:32:34','2016-03-13 07:32:34'),
	(508,'00505','Tam','Bachman','3','7',NULL,'2016-03-13 07:32:34','2016-03-13 07:32:34'),
	(509,'00506','Wallace','Baggett','1','12',NULL,'2016-03-13 07:32:34','2016-03-13 07:32:34'),
	(510,'00507','Babb','Maupin','3','10',NULL,'2016-03-13 07:32:34','2016-03-13 07:32:34'),
	(511,'00508','Israel','Marlow','4','6',NULL,'2016-03-13 07:32:34','2016-03-13 07:32:34'),
	(512,'00509','Mace','Messina','3','2',NULL,'2016-03-13 07:32:34','2016-03-13 07:32:34'),
	(513,'00510','Mallory','Meyers','4','2',NULL,'2016-03-13 07:32:34','2016-03-13 07:32:34'),
	(514,'00511','Marin','Irving','5','2',NULL,'2016-03-13 07:32:34','2016-03-13 07:32:34'),
	(515,'00512','Iverson','Williford','1','7',NULL,'2016-03-13 07:32:34','2016-03-13 07:32:34'),
	(516,'00513','Winston','Mack','1','11',NULL,'2016-03-13 07:32:34','2016-03-13 07:32:34'),
	(517,'00514','Maki','Roller','5','8',NULL,'2016-03-13 07:32:34','2016-03-13 07:32:34'),
	(518,'00515','Abell','Talbert','3','5',NULL,'2016-03-13 07:32:34','2016-03-13 07:32:34'),
	(519,'00516','Mercer','Jacques','5','4',NULL,'2016-03-13 07:32:34','2016-03-13 07:32:34'),
	(520,'00517','Mccabe','Talley','3','5',NULL,'2016-03-13 07:32:34','2016-03-13 07:32:34'),
	(521,'00518','Calkins','Calkins','3','9',NULL,'2016-03-13 07:32:34','2016-03-13 07:32:34'),
	(522,'00519','Wimberly','Salcedo','5','10',NULL,'2016-03-13 07:32:34','2016-03-13 07:32:34'),
	(523,'00520','Manning','Metz','3','1',NULL,'2016-03-13 07:32:34','2016-03-13 07:32:34'),
	(524,'00521','Israel','Mace','6','11',NULL,'2016-03-13 07:32:34','2016-03-13 07:32:34'),
	(525,'00522','Mayer','Mattox','3','10',NULL,'2016-03-13 07:32:34','2016-03-13 07:32:34'),
	(526,'00523','Janssen','Merriman','1','10',NULL,'2016-03-13 07:32:34','2016-03-13 07:32:34'),
	(527,'00524','Mcallister','James','1','7',NULL,'2016-03-13 07:32:34','2016-03-13 07:32:34'),
	(528,'00525','Dangelo','Maher','6','3',NULL,'2016-03-13 07:32:34','2016-03-13 07:32:34'),
	(529,'00526','Marlow','Waggoner','6','1',NULL,'2016-03-13 07:32:34','2016-03-13 07:32:34'),
	(530,'00527','Major','Maynard','6','2',NULL,'2016-03-13 07:32:34','2016-03-13 07:32:34'),
	(531,'00528','Marlowe','Tang','2','12',NULL,'2016-03-13 07:32:34','2016-03-13 07:32:34'),
	(532,'00529','Matos','Calabrese','6','6',NULL,'2016-03-13 07:32:34','2016-03-13 07:32:34'),
	(533,'00530','Mcclanahan','Waldron','2','10',NULL,'2016-03-13 07:32:34','2016-03-13 07:32:34'),
	(534,'00531','Rodgers','Irwin','4','1',NULL,'2016-03-13 07:32:34','2016-03-13 07:32:34'),
	(535,'00532','Rohr','Marlow','4','5',NULL,'2016-03-13 07:32:34','2016-03-13 07:32:34'),
	(536,'00533','Salas','Mackay','4','10',NULL,'2016-03-13 07:32:34','2016-03-13 07:32:34'),
	(537,'00534','Messer','Marble','6','5',NULL,'2016-03-13 07:32:34','2016-03-13 07:32:34'),
	(538,'00535','Ivey','Mattison','4','12',NULL,'2016-03-13 07:32:34','2016-03-13 07:32:34'),
	(539,'00536','Jay','Matthew','6','8',NULL,'2016-03-13 07:32:34','2016-03-13 07:32:34'),
	(540,'00537','Mccartney','Meyer','1','8',NULL,'2016-03-13 07:32:34','2016-03-13 07:32:34'),
	(541,'00538','Roldan','Irwin','3','7',NULL,'2016-03-13 07:32:34','2016-03-13 07:32:34'),
	(542,'00539','Mason','Jackson','4','12',NULL,'2016-03-13 07:32:34','2016-03-13 07:32:34'),
	(543,'00540','Mahoney','Daily','3','9',NULL,'2016-03-13 07:32:34','2016-03-13 07:32:34'),
	(544,'00541','Marcotte','Judge','4','6',NULL,'2016-03-13 07:32:34','2016-03-13 07:32:34'),
	(545,'00542','Manzo','Ivory','6','12',NULL,'2016-03-13 07:32:34','2016-03-13 07:32:34'),
	(546,'00543','Cain','Willis','6','1',NULL,'2016-03-13 07:32:34','2016-03-13 07:32:34'),
	(547,'00544','Damron','Janes','5','12',NULL,'2016-03-13 07:32:34','2016-03-13 07:32:34'),
	(548,'00545','Mccaskill','Mcclellan','4','1',NULL,'2016-03-13 07:32:34','2016-03-13 07:32:34'),
	(549,'00546','Sage','Jaramillo','4','11',NULL,'2016-03-13 07:32:34','2016-03-13 07:32:34'),
	(550,'00547','Meredith','Damon','5','5',NULL,'2016-03-13 07:32:34','2016-03-13 07:32:34'),
	(551,'00548','Rodrigues','Dalton','1','11',NULL,'2016-03-13 07:32:34','2016-03-13 07:32:34'),
	(552,'00549','Dallas','Manzo','2','9',NULL,'2016-03-13 07:32:34','2016-03-13 07:32:34'),
	(553,'00550','Johnston','Talbot','5','1',NULL,'2016-03-13 07:32:34','2016-03-13 07:32:34'),
	(554,'00551','Marlow','Markley','1','10',NULL,'2016-03-13 07:32:34','2016-03-13 07:32:34'),
	(555,'00552','Malley','Mcbee','5','5',NULL,'2016-03-13 07:32:34','2016-03-13 07:32:34'),
	(556,'00553','Marble','Rollins','3','10',NULL,'2016-03-13 07:32:34','2016-03-13 07:32:34'),
	(557,'00554','Talbott','Baca','4','1',NULL,'2016-03-13 07:32:34','2016-03-13 07:32:34'),
	(558,'00555','Sales','Wadsworth','3','6',NULL,'2016-03-13 07:32:34','2016-03-13 07:32:34'),
	(559,'00556','Macon','Main','2','8',NULL,'2016-03-13 07:32:34','2016-03-13 07:32:34'),
	(560,'00557','Damron','Mark','3','2',NULL,'2016-03-13 07:32:34','2016-03-13 07:32:34'),
	(561,'00558','Mendoza','Acevedo','1','6',NULL,'2016-03-13 07:32:34','2016-03-13 07:32:34'),
	(562,'00559','Marsh','Talley','2','3',NULL,'2016-03-13 07:32:34','2016-03-13 07:32:34'),
	(563,'00560','Julian','Jarvis','4','8',NULL,'2016-03-13 07:32:34','2016-03-13 07:32:34'),
	(564,'00561','Tamayo','Acevedo','3','6',NULL,'2016-03-13 07:32:34','2016-03-13 07:32:34'),
	(565,'00562','Baggett','Jay','4','3',NULL,'2016-03-13 07:32:34','2016-03-13 07:32:34'),
	(566,'00563','Ireland','Jay','5','10',NULL,'2016-03-13 07:32:34','2016-03-13 07:32:34'),
	(567,'00564','Mackie','Jolly','3','8',NULL,'2016-03-13 07:32:34','2016-03-13 07:32:34'),
	(568,'00565','Manns','Mccarter','5','6',NULL,'2016-03-13 07:32:34','2016-03-13 07:32:34'),
	(569,'00566','Mcclendon','Messenger','6','6',NULL,'2016-03-13 07:32:34','2016-03-13 07:32:34'),
	(570,'00567','Cady','Dailey','5','1',NULL,'2016-03-13 07:32:34','2016-03-13 07:32:34'),
	(571,'00568','Baer','Rodrigue','5','4',NULL,'2016-03-13 07:32:34','2016-03-13 07:32:34'),
	(572,'00569','Roller','Acuna','5','5',NULL,'2016-03-13 07:32:34','2016-03-13 07:32:34'),
	(573,'00570','Joy','Tam','4','4',NULL,'2016-03-13 07:32:34','2016-03-13 07:32:34'),
	(574,'00571','Salcido','Rodriquez','1','8',NULL,'2016-03-13 07:32:34','2016-03-13 07:32:34'),
	(575,'00572','Tam','Manzo','2','10',NULL,'2016-03-13 07:32:34','2016-03-13 07:32:34'),
	(576,'00573','Walker','Acevedo','2','3',NULL,'2016-03-13 07:32:34','2016-03-13 07:32:34'),
	(577,'00574','Meza','Callaway','5','12',NULL,'2016-03-13 07:32:34','2016-03-13 07:32:34'),
	(578,'00575','Tamayo','Ivy','1','4',NULL,'2016-03-13 07:32:34','2016-03-13 07:32:34'),
	(579,'00576','Marin','Matthew','4','11',NULL,'2016-03-13 07:32:34','2016-03-13 07:32:34'),
	(580,'00577','Mayberry','Knapp','2','9',NULL,'2016-03-13 07:32:34','2016-03-13 07:32:34'),
	(581,'00578','Madden','Mccartney','1','9',NULL,'2016-03-13 07:32:34','2016-03-13 07:32:34'),
	(582,'00579','Baer','Sales','3','4',NULL,'2016-03-13 07:32:34','2016-03-13 07:32:34'),
	(583,'00580','Mcafee','Marquez','1','2',NULL,'2016-03-13 07:32:34','2016-03-13 07:32:34'),
	(584,'00581','Martens','Koehler','3','7',NULL,'2016-03-13 07:32:34','2016-03-13 07:32:34'),
	(585,'00582','Williford','Cabrera','4','8',NULL,'2016-03-13 07:32:34','2016-03-13 07:32:34'),
	(586,'00583','Winfield','Main','6','1',NULL,'2016-03-13 07:32:34','2016-03-13 07:32:34'),
	(587,'00584','Rogers','Mack','6','1',NULL,'2016-03-13 07:32:34','2016-03-13 07:32:34'),
	(588,'00585','Mcafee','Salcedo','5','4',NULL,'2016-03-13 07:32:34','2016-03-13 07:32:34'),
	(589,'00586','Jorgenson','Mcbee','6','1',NULL,'2016-03-13 07:32:34','2016-03-13 07:32:34'),
	(590,'00587','Johnston','Knott','2','9',NULL,'2016-03-13 07:32:34','2016-03-13 07:32:34'),
	(591,'00588','Jameson','Wallen','6','8',NULL,'2016-03-13 07:32:34','2016-03-13 07:32:34'),
	(592,'00589','Matteson','Kline','1','2',NULL,'2016-03-13 07:32:34','2016-03-13 07:32:34'),
	(593,'00590','Israel','Markley','5','10',NULL,'2016-03-13 07:32:34','2016-03-13 07:32:34'),
	(594,'00591','Salcido','Masters','6','6',NULL,'2016-03-13 07:32:34','2016-03-13 07:32:34'),
	(595,'00592','Salcido','Mccann','3','12',NULL,'2016-03-13 07:32:34','2016-03-13 07:32:34'),
	(596,'00593','Jordan','Salinas','2','12',NULL,'2016-03-13 07:32:34','2016-03-13 07:32:34'),
	(597,'00594','Jolly','Salcedo','6','12',NULL,'2016-03-13 07:32:34','2016-03-13 07:32:34'),
	(598,'00595','Winstead','Knudsen','4','5',NULL,'2016-03-13 07:32:34','2016-03-13 07:32:34'),
	(599,'00596','Matlock','Main','6','6',NULL,'2016-03-13 07:32:34','2016-03-13 07:32:34'),
	(600,'00597','Mcclelland','Calkins','4','3',NULL,'2016-03-13 07:32:34','2016-03-13 07:32:34'),
	(601,'00598','Mattos','Ibarra','6','11',NULL,'2016-03-13 07:32:34','2016-03-13 07:32:34'),
	(602,'00599','Julian','Mcclintock','2','3',NULL,'2016-03-13 07:32:34','2016-03-13 07:32:34'),
	(603,'00600','Markley','Mcalister','1','8',NULL,'2016-03-13 07:32:34','2016-03-13 07:32:34'),
	(604,'00601','Johnson','Irvin','4','12',NULL,'2016-03-13 07:32:34','2016-03-13 07:32:34'),
	(605,'00602','Macon','Maestas','6','12',NULL,'2016-03-13 07:32:34','2016-03-13 07:32:34'),
	(606,'00603','Mcclelland','Mackenzie','3','7',NULL,'2016-03-13 07:32:34','2016-03-13 07:32:34'),
	(607,'00604','Adam','Irby','6','11',NULL,'2016-03-13 07:32:34','2016-03-13 07:32:34'),
	(608,'00605','Willis','Mackenzie','1','2',NULL,'2016-03-13 07:32:34','2016-03-13 07:32:34'),
	(609,'00606','Mccartney','Abel','1','10',NULL,'2016-03-13 07:32:34','2016-03-13 07:32:34'),
	(610,'00607','Mendoza','Wade','6','6',NULL,'2016-03-13 07:32:34','2016-03-13 07:32:34'),
	(611,'00608','Dangelo','Calderon','1','2',NULL,'2016-03-13 07:32:34','2016-03-13 07:32:34'),
	(612,'00609','Wills','Manzo','1','12',NULL,'2016-03-13 07:32:34','2016-03-13 07:32:34'),
	(613,'00610','Dailey','Messer','6','12',NULL,'2016-03-13 07:32:34','2016-03-13 07:32:34'),
	(614,'00611','Ison','Tarver','3','5',NULL,'2016-03-13 07:32:34','2016-03-13 07:32:34'),
	(615,'00612','Malloy','Walling','2','12',NULL,'2016-03-13 07:32:34','2016-03-13 07:32:34'),
	(616,'00613','Miles','Kline','1','9',NULL,'2016-03-13 07:32:34','2016-03-13 07:32:34'),
	(617,'00614','Knight','Salcido','4','2',NULL,'2016-03-13 07:32:34','2016-03-13 07:32:34'),
	(618,'00615','Main','Mack','4','9',NULL,'2016-03-13 07:32:34','2016-03-13 07:32:34'),
	(619,'00616','Manley','Marlowe','5','1',NULL,'2016-03-13 07:32:34','2016-03-13 07:32:34'),
	(620,'00617','Tanaka','Mccarty','6','5',NULL,'2016-03-13 07:32:34','2016-03-13 07:32:34'),
	(621,'00618','Martz','Mcclanahan','2','1',NULL,'2016-03-13 07:32:34','2016-03-13 07:32:34'),
	(622,'00619','Bader','Maxwell','3','8',NULL,'2016-03-13 07:32:34','2016-03-13 07:32:34'),
	(623,'00620','Danielson','Martin','4','1',NULL,'2016-03-13 07:32:34','2016-03-13 07:32:34'),
	(624,'00621','Janssen','Mattox','5','3',NULL,'2016-03-13 07:32:34','2016-03-13 07:32:34'),
	(625,'00622','Milburn','Rojas','3','6',NULL,'2016-03-13 07:32:34','2016-03-13 07:32:34'),
	(626,'00623','Mayers','Jacques','1','4',NULL,'2016-03-13 07:32:34','2016-03-13 07:32:34'),
	(627,'00624','Malcolm','Jacobson','3','10',NULL,'2016-03-13 07:32:34','2016-03-13 07:32:34'),
	(628,'00625','Mattos','Rohr','1','5',NULL,'2016-03-13 07:32:34','2016-03-13 07:32:34'),
	(629,'00626','Cady','Wallen','3','2',NULL,'2016-03-13 07:32:34','2016-03-13 07:32:34'),
	(630,'00627','Daniel','Mendoza','5','4',NULL,'2016-03-13 07:32:34','2016-03-13 07:32:34'),
	(631,'00628','Mackey','Ison','3','6',NULL,'2016-03-13 07:32:34','2016-03-13 07:32:34'),
	(632,'00629','Cady','Callaway','4','12',NULL,'2016-03-13 07:32:34','2016-03-13 07:32:34'),
	(633,'00630','Waddell','Judge','3','2',NULL,'2016-03-13 07:32:34','2016-03-13 07:32:34'),
	(634,'00631','Jacobson','Majors','3','6',NULL,'2016-03-13 07:32:34','2016-03-13 07:32:34'),
	(635,'00632','Winston','Mccaffrey','2','3',NULL,'2016-03-13 07:32:34','2016-03-13 07:32:34'),
	(636,'00633','Back','Waggoner','4','2',NULL,'2016-03-13 07:32:34','2016-03-13 07:32:34'),
	(637,'00634','Mcarthur','Abel','2','12',NULL,'2016-03-13 07:32:34','2016-03-13 07:32:34'),
	(638,'00635','Mercer','Abrams','2','5',NULL,'2016-03-13 07:32:34','2016-03-13 07:32:34'),
	(639,'00636','Waddell','Mancini','5','6',NULL,'2016-03-13 07:32:34','2016-03-13 07:32:34'),
	(640,'00637','Marvin','Willingham','3','1',NULL,'2016-03-13 07:32:34','2016-03-13 07:32:34'),
	(641,'00638','Walls','Meredith','1','4',NULL,'2016-03-13 07:32:34','2016-03-13 07:32:34'),
	(642,'00639','Walker','Mark','5','11',NULL,'2016-03-13 07:32:34','2016-03-13 07:32:34'),
	(643,'00640','Wallis','Back','1','6',NULL,'2016-03-13 07:32:34','2016-03-13 07:32:34'),
	(644,'00641','Wilmoth','Marquez','4','3',NULL,'2016-03-13 07:32:34','2016-03-13 07:32:34'),
	(645,'00642','Marrero','Merriman','1','6',NULL,'2016-03-13 07:32:34','2016-03-13 07:32:34'),
	(646,'00643','Metzger','Isom','5','3',NULL,'2016-03-13 07:32:34','2016-03-13 07:32:34'),
	(647,'00644','Jacques','Mann','5','8',NULL,'2016-03-13 07:32:34','2016-03-13 07:32:34'),
	(648,'00645','Judge','Daily','4','5',NULL,'2016-03-13 07:32:34','2016-03-13 07:32:34'),
	(649,'00646','Jones','Mccarthy','5','5',NULL,'2016-03-13 07:32:34','2016-03-13 07:32:34'),
	(650,'00647','Willson','Maier','2','11',NULL,'2016-03-13 07:32:34','2016-03-13 07:32:34'),
	(651,'00648','Manzo','Roller','2','1',NULL,'2016-03-13 07:32:34','2016-03-13 07:32:34'),
	(652,'00649','Jackson','Michael','2','7',NULL,'2016-03-13 07:32:34','2016-03-13 07:32:34'),
	(653,'00650','Mauro','Iverson','1','8',NULL,'2016-03-13 07:32:34','2016-03-13 07:32:34'),
	(654,'00651','Matos','Meredith','6','8',NULL,'2016-03-13 07:32:34','2016-03-13 07:32:34'),
	(655,'00652','Willson','Main','2','6',NULL,'2016-03-13 07:32:34','2016-03-13 07:32:34'),
	(656,'00653','Martinez','Messenger','6','8',NULL,'2016-03-13 07:32:34','2016-03-13 07:32:34'),
	(657,'00654','Martino','Mangum','6','2',NULL,'2016-03-13 07:32:34','2016-03-13 07:32:34'),
	(658,'00655','Daily','Talbott','6','9',NULL,'2016-03-13 07:32:34','2016-03-13 07:32:34'),
	(659,'00656','Mackay','Tamayo','5','5',NULL,'2016-03-13 07:32:34','2016-03-13 07:32:34'),
	(660,'00657','Callender','Jolly','6','11',NULL,'2016-03-13 07:32:34','2016-03-13 07:32:34'),
	(661,'00658','Inman','Jordon','3','1',NULL,'2016-03-13 07:32:34','2016-03-13 07:32:34'),
	(662,'00659','Mcclanahan','Koehler','4','3',NULL,'2016-03-13 07:32:34','2016-03-13 07:32:34'),
	(663,'00660','Merrill','Michael','5','7',NULL,'2016-03-13 07:32:34','2016-03-13 07:32:34'),
	(664,'00661','May','Macon','1','5',NULL,'2016-03-13 07:32:34','2016-03-13 07:32:34'),
	(665,'00662','Cady','Dancy','4','3',NULL,'2016-03-13 07:32:34','2016-03-13 07:32:34'),
	(666,'00663','Israel','Wilson','6','11',NULL,'2016-03-13 07:32:34','2016-03-13 07:32:34'),
	(667,'00664','Martell','Marroquin','2','10',NULL,'2016-03-13 07:32:34','2016-03-13 07:32:34'),
	(668,'00665','Marcum','Sales','4','12',NULL,'2016-03-13 07:32:34','2016-03-13 07:32:34'),
	(669,'00666','Daniels','Baez','6','12',NULL,'2016-03-13 07:32:34','2016-03-13 07:32:34'),
	(670,'00667','Wade','Marion','2','3',NULL,'2016-03-13 07:32:34','2016-03-13 07:32:34'),
	(671,'00668','Madden','Meza','5','3',NULL,'2016-03-13 07:32:34','2016-03-13 07:32:34'),
	(672,'00669','Waite','Michael','4','6',NULL,'2016-03-13 07:32:34','2016-03-13 07:32:34'),
	(673,'00670','Acker','Salazar','4','5',NULL,'2016-03-13 07:32:34','2016-03-13 07:32:34'),
	(674,'00671','Marble','Mancini','2','4',NULL,'2016-03-13 07:32:34','2016-03-13 07:32:34'),
	(675,'00672','Talbott','Winkler','1','10',NULL,'2016-03-13 07:32:34','2016-03-13 07:32:34'),
	(676,'00673','Marlow','Marino','5','10',NULL,'2016-03-13 07:32:34','2016-03-13 07:32:34'),
	(677,'00674','Massey','Matson','5','1',NULL,'2016-03-13 07:32:34','2016-03-13 07:32:34'),
	(678,'00675','Irvin','Jolley','2','11',NULL,'2016-03-13 07:32:34','2016-03-13 07:32:34'),
	(679,'00676','Merchant','Abraham','1','3',NULL,'2016-03-13 07:32:34','2016-03-13 07:32:34'),
	(680,'00677','Miles','Mayberry','5','12',NULL,'2016-03-13 07:32:34','2016-03-13 07:32:34'),
	(681,'00678','Jacobsen','Isom','2','7',NULL,'2016-03-13 07:32:34','2016-03-13 07:32:34'),
	(682,'00679','Jacques','Maes','5','2',NULL,'2016-03-13 07:32:34','2016-03-13 07:32:34'),
	(683,'00680','Jorgensen','Mcallister','6','8',NULL,'2016-03-13 07:32:34','2016-03-13 07:32:34'),
	(684,'00681','Waldron','Matos','3','1',NULL,'2016-03-13 07:32:34','2016-03-13 07:32:34'),
	(685,'00682','Willoughby','Damon','1','10',NULL,'2016-03-13 07:32:34','2016-03-13 07:32:34'),
	(686,'00683','Calhoun','Walker','4','12',NULL,'2016-03-13 07:32:34','2016-03-13 07:32:34'),
	(687,'00684','Walls','Marvin','1','4',NULL,'2016-03-13 07:32:34','2016-03-13 07:32:34'),
	(688,'00685','Willoughby','Merritt','2','5',NULL,'2016-03-13 07:32:34','2016-03-13 07:32:34'),
	(689,'00686','Taft','Maher','6','2',NULL,'2016-03-13 07:32:34','2016-03-13 07:32:34'),
	(690,'00687','Bacon','Mares','2','1',NULL,'2016-03-13 07:32:34','2016-03-13 07:32:34'),
	(691,'00688','Wakefield','Talley','4','10',NULL,'2016-03-13 07:32:34','2016-03-13 07:32:34'),
	(692,'00689','Jameson','Abreu','6','5',NULL,'2016-03-13 07:32:34','2016-03-13 07:32:34'),
	(693,'00690','Sadler','Jordon','1','4',NULL,'2016-03-13 07:32:34','2016-03-13 07:32:34'),
	(694,'00691','Ivy','Masterson','2','10',NULL,'2016-03-13 07:32:34','2016-03-13 07:32:34'),
	(695,'00692','Ivey','Iverson','1','10',NULL,'2016-03-13 07:32:34','2016-03-13 07:32:34'),
	(696,'00693','Talbot','Irish','1','6',NULL,'2016-03-13 07:32:34','2016-03-13 07:32:34'),
	(697,'00694','Messenger','Jones','4','11',NULL,'2016-03-13 07:32:34','2016-03-13 07:32:34'),
	(698,'00695','Manley','Mccartney','6','12',NULL,'2016-03-13 07:32:34','2016-03-13 07:32:34'),
	(699,'00696','Acker','Manley','5','12',NULL,'2016-03-13 07:32:34','2016-03-13 07:32:34'),
	(700,'00697','Marble','Manuel','2','10',NULL,'2016-03-13 07:32:34','2016-03-13 07:32:34'),
	(701,'00698','Malloy','Wallace','1','12',NULL,'2016-03-13 07:32:34','2016-03-13 07:32:34'),
	(702,'00699','Calderon','Taber','5','6',NULL,'2016-03-13 07:32:34','2016-03-13 07:32:34'),
	(703,'00700','Maldonado','Mccarter','2','10',NULL,'2016-03-13 07:32:34','2016-03-13 07:32:34'),
	(704,'00701','Dalton','Israel','2','12',NULL,'2016-03-13 07:32:34','2016-03-13 07:32:34'),
	(705,'00702','Irby','Mauldin','6','11',NULL,'2016-03-13 07:32:34','2016-03-13 07:32:34'),
	(706,'00703','Mahon','Merrick','6','7',NULL,'2016-03-13 07:32:34','2016-03-13 07:32:34'),
	(707,'00704','Willson','Marcum','4','1',NULL,'2016-03-13 07:32:34','2016-03-13 07:32:34'),
	(708,'00705','Taber','Mcclain','5','10',NULL,'2016-03-13 07:32:34','2016-03-13 07:32:34'),
	(709,'00706','Talbott','Mccabe','5','4',NULL,'2016-03-13 07:32:34','2016-03-13 07:32:34'),
	(710,'00707','Joy','Wallace','5','7',NULL,'2016-03-13 07:32:34','2016-03-13 07:32:34'),
	(711,'00708','Tackett','Julian','2','4',NULL,'2016-03-13 07:32:34','2016-03-13 07:32:34'),
	(712,'00709','Israel','Mackey','2','9',NULL,'2016-03-13 07:32:34','2016-03-13 07:32:34'),
	(713,'00710','Tan','Tanaka','4','10',NULL,'2016-03-13 07:32:34','2016-03-13 07:32:34'),
	(714,'00711','Cabrera','Winfield','2','7',NULL,'2016-03-13 07:32:34','2016-03-13 07:32:34'),
	(715,'00712','Back','Menendez','4','4',NULL,'2016-03-13 07:32:34','2016-03-13 07:32:34'),
	(716,'00713','Marshall','Knutson','1','11',NULL,'2016-03-13 07:32:34','2016-03-13 07:32:34'),
	(717,'00714','Calderon','Matlock','2','1',NULL,'2016-03-13 07:32:34','2016-03-13 07:32:34'),
	(718,'00715','Callaway','Jansen','4','4',NULL,'2016-03-13 07:32:34','2016-03-13 07:32:34'),
	(719,'00716','Janes','Jacoby','4','4',NULL,'2016-03-13 07:32:34','2016-03-13 07:32:34'),
	(720,'00717','Wallis','Jolley','6','8',NULL,'2016-03-13 07:32:34','2016-03-13 07:32:34'),
	(721,'00718','Sallee','Maier','3','4',NULL,'2016-03-13 07:32:34','2016-03-13 07:32:34'),
	(722,'00719','Joyce','Matthews','5','1',NULL,'2016-03-13 07:32:34','2016-03-13 07:32:34'),
	(723,'00720','Malcolm','Knowles','2','3',NULL,'2016-03-13 07:32:34','2016-03-13 07:32:34'),
	(724,'00721','Maples','Knox','1','9',NULL,'2016-03-13 07:32:34','2016-03-13 07:32:34'),
	(725,'00722','Aaron','Tatum','5','2',NULL,'2016-03-13 07:32:34','2016-03-13 07:32:34'),
	(726,'00723','Salerno','Wadsworth','3','2',NULL,'2016-03-13 07:32:34','2016-03-13 07:32:34'),
	(727,'00724','Knott','Bader','3','9',NULL,'2016-03-13 07:32:34','2016-03-13 07:32:34'),
	(728,'00725','Abrams','Ives','3','3',NULL,'2016-03-13 07:32:34','2016-03-13 07:32:34'),
	(729,'00726','Miles','Mauldin','3','11',NULL,'2016-03-13 07:32:34','2016-03-13 07:32:34'),
	(730,'00727','Wingfield','Tapia','6','1',NULL,'2016-03-13 07:32:34','2016-03-13 07:32:34'),
	(731,'00728','Magee','Taft','2','2',NULL,'2016-03-13 07:32:34','2016-03-13 07:32:34'),
	(732,'00729','Madden','Roman','5','7',NULL,'2016-03-13 07:32:34','2016-03-13 07:32:34'),
	(733,'00730','Maes','Mancini','4','9',NULL,'2016-03-13 07:32:34','2016-03-13 07:32:34'),
	(734,'00731','Jarrell','Acosta','5','3',NULL,'2016-03-13 07:32:34','2016-03-13 07:32:34'),
	(735,'00732','Cain','Sam','6','2',NULL,'2016-03-13 07:32:34','2016-03-13 07:32:34'),
	(736,'00733','Maldonado','Roller','2','6',NULL,'2016-03-13 07:32:34','2016-03-13 07:32:34'),
	(737,'00734','Abel','Mcalister','3','6',NULL,'2016-03-13 07:32:34','2016-03-13 07:32:34'),
	(738,'00735','Abell','Rogers','3','7',NULL,'2016-03-13 07:32:34','2016-03-13 07:32:34'),
	(739,'00736','Ma','Martz','4','12',NULL,'2016-03-13 07:32:34','2016-03-13 07:32:34'),
	(740,'00737','Jarvis','Ma','3','6',NULL,'2016-03-13 07:32:34','2016-03-13 07:32:34'),
	(741,'00738','Adam','Caldwell','1','12',NULL,'2016-03-13 07:32:34','2016-03-13 07:32:34'),
	(742,'00739','Dale','Joiner','2','3',NULL,'2016-03-13 07:32:34','2016-03-13 07:32:34'),
	(743,'00740','Saenz','Daniels','2','9',NULL,'2016-03-13 07:32:34','2016-03-13 07:32:34'),
	(744,'00741','Willis','Marin','2','6',NULL,'2016-03-13 07:32:34','2016-03-13 07:32:34'),
	(745,'00742','Walden','Madrid','6','5',NULL,'2016-03-13 07:32:34','2016-03-13 07:32:34'),
	(746,'00743','Mcalister','Isaacson','6','3',NULL,'2016-03-13 07:32:34','2016-03-13 07:32:34'),
	(747,'00744','Abrams','Manson','2','12',NULL,'2016-03-13 07:32:34','2016-03-13 07:32:34'),
	(748,'00745','Badger','Mata','3','2',NULL,'2016-03-13 07:32:34','2016-03-13 07:32:34'),
	(749,'00746','Mccabe','Mansfield','1','11',NULL,'2016-03-13 07:32:34','2016-03-13 07:32:34'),
	(750,'00747','Majors','Knapp','1','9',NULL,'2016-03-13 07:32:34','2016-03-13 07:32:34'),
	(751,'00748','Wilt','Willoughby','3','11',NULL,'2016-03-13 07:32:34','2016-03-13 07:32:34'),
	(752,'00749','Babb','Manuel','2','6',NULL,'2016-03-13 07:32:34','2016-03-13 07:32:34'),
	(753,'00750','Callahan','Salas','5','11',NULL,'2016-03-13 07:32:34','2016-03-13 07:32:34'),
	(754,'00751','Madison','Mayfield','1','7',NULL,'2016-03-13 07:32:34','2016-03-13 07:32:34'),
	(755,'00752','Isbell','Irvin','3','5',NULL,'2016-03-13 07:32:34','2016-03-13 07:32:34'),
	(756,'00753','Acevedo','Jacoby','4','10',NULL,'2016-03-13 07:32:34','2016-03-13 07:32:34'),
	(757,'00754','Maddox','Maness','5','1',NULL,'2016-03-13 07:32:34','2016-03-13 07:32:34'),
	(758,'00755','Mesa','Mcclintock','5','4',NULL,'2016-03-13 07:32:34','2016-03-13 07:32:34'),
	(759,'00756','Rodgers','Salinas','1','4',NULL,'2016-03-13 07:32:34','2016-03-13 07:32:34'),
	(760,'00757','Mcalister','Wills','5','11',NULL,'2016-03-13 07:32:34','2016-03-13 07:32:34'),
	(761,'00758','Mansfield','Mahon','5','2',NULL,'2016-03-13 07:32:34','2016-03-13 07:32:34'),
	(762,'00759','Knowlton','Metz','4','8',NULL,'2016-03-13 07:32:34','2016-03-13 07:32:34'),
	(763,'00760','Tabor','Daigle','1','3',NULL,'2016-03-13 07:32:34','2016-03-13 07:32:34'),
	(764,'00761','Adair','Maki','1','7',NULL,'2016-03-13 07:32:34','2016-03-13 07:32:34'),
	(765,'00762','Dallas','Maxwell','4','12',NULL,'2016-03-13 07:32:34','2016-03-13 07:32:34'),
	(766,'00763','Mancini','Iverson','2','10',NULL,'2016-03-13 07:32:34','2016-03-13 07:32:34'),
	(767,'00764','Maier','Willoughby','1','4',NULL,'2016-03-13 07:32:34','2016-03-13 07:32:34'),
	(768,'00765','Mercier','Mccauley','2','6',NULL,'2016-03-13 07:32:34','2016-03-13 07:32:34'),
	(769,'00766','Isbell','Jarrett','4','8',NULL,'2016-03-13 07:32:34','2016-03-13 07:32:34'),
	(770,'00767','Mccauley','Saavedra','2','1',NULL,'2016-03-13 07:32:34','2016-03-13 07:32:34'),
	(771,'00768','Roland','Irving','2','4',NULL,'2016-03-13 07:32:34','2016-03-13 07:32:34'),
	(772,'00769','Michaud','Roller','6','1',NULL,'2016-03-13 07:32:34','2016-03-13 07:32:34'),
	(773,'00770','Abraham','Winchester','6','8',NULL,'2016-03-13 07:32:34','2016-03-13 07:32:34'),
	(774,'00771','Mccallum','Rollins','3','5',NULL,'2016-03-13 07:32:34','2016-03-13 07:32:34'),
	(775,'00772','Matheson','Madden','4','7',NULL,'2016-03-13 07:32:34','2016-03-13 07:32:34'),
	(776,'00773','Ingram','Mercer','6','8',NULL,'2016-03-13 07:32:34','2016-03-13 07:32:34'),
	(777,'00774','Mcbride','Madden','2','8',NULL,'2016-03-13 07:32:34','2016-03-13 07:32:34'),
	(778,'00775','Martin','Maples','4','12',NULL,'2016-03-13 07:32:34','2016-03-13 07:32:34'),
	(779,'00776','Janes','Merrill','2','10',NULL,'2016-03-13 07:32:34','2016-03-13 07:32:34'),
	(780,'00777','Daley','Cable','6','2',NULL,'2016-03-13 07:32:34','2016-03-13 07:32:34'),
	(781,'00778','Maddox','Mcclou','5','4',NULL,'2016-03-13 07:32:34','2016-03-13 07:32:34'),
	(782,'00779','Callender','Dalton','4','10',NULL,'2016-03-13 07:32:34','2016-03-13 07:32:34'),
	(783,'00780','Marlow','Knoll','3','12',NULL,'2016-03-13 07:32:34','2016-03-13 07:32:34'),
	(784,'00781','Dalton','Ingle','4','11',NULL,'2016-03-13 07:32:34','2016-03-13 07:32:34'),
	(785,'00782','Mcclellan','James','4','6',NULL,'2016-03-13 07:32:34','2016-03-13 07:32:34'),
	(786,'00783','Maestas','Daily','3','6',NULL,'2016-03-13 07:32:34','2016-03-13 07:32:34'),
	(787,'00784','Jordan','Marlow','2','2',NULL,'2016-03-13 07:32:34','2016-03-13 07:32:34'),
	(788,'00785','Mathias','Callender','2','3',NULL,'2016-03-13 07:32:34','2016-03-13 07:32:34'),
	(789,'00786','Jaramillo','Johnson','4','1',NULL,'2016-03-13 07:32:34','2016-03-13 07:32:34'),
	(790,'00787','Cagle','Daniel','6','9',NULL,'2016-03-13 07:32:34','2016-03-13 07:32:34'),
	(791,'00788','Wilt','Salley','4','7',NULL,'2016-03-13 07:32:34','2016-03-13 07:32:34'),
	(792,'00789','Maddox','Roman','3','4',NULL,'2016-03-13 07:32:34','2016-03-13 07:32:34'),
	(793,'00790','Tabor','Joseph','5','9',NULL,'2016-03-13 07:32:34','2016-03-13 07:32:34'),
	(794,'00791','Calkins','Taft','2','1',NULL,'2016-03-13 07:32:34','2016-03-13 07:32:34'),
	(795,'00792','Mercado','Wing','1','7',NULL,'2016-03-13 07:32:34','2016-03-13 07:32:34'),
	(796,'00793','Maldonado','Waldron','5','6',NULL,'2016-03-13 07:32:34','2016-03-13 07:32:34'),
	(797,'00794','Isaacson','Rodrigues','4','6',NULL,'2016-03-13 07:32:34','2016-03-13 07:32:34'),
	(798,'00795','Walker','Wahl','1','10',NULL,'2016-03-13 07:32:34','2016-03-13 07:32:34'),
	(799,'00796','Mancuso','Mccarthy','3','1',NULL,'2016-03-13 07:32:34','2016-03-13 07:32:34'),
	(800,'00797','Cady','Metcalf','3','4',NULL,'2016-03-13 07:32:34','2016-03-13 07:32:34'),
	(801,'00798','Meredith','Taggart','1','12',NULL,'2016-03-13 07:32:34','2016-03-13 07:32:34'),
	(802,'00799','Williford','Sales','1','4',NULL,'2016-03-13 07:32:34','2016-03-13 07:32:34'),
	(803,'00800','Markley','Salerno','5','3',NULL,'2016-03-13 07:32:34','2016-03-13 07:32:34'),
	(804,'00801','Maloney','Mahan','5','11',NULL,'2016-03-13 07:32:34','2016-03-13 07:32:34'),
	(805,'00802','Mcbride','Talbert','3','3',NULL,'2016-03-13 07:32:34','2016-03-13 07:32:34'),
	(806,'00803','Manuel','Mace','1','2',NULL,'2016-03-13 07:32:34','2016-03-13 07:32:34'),
	(807,'00804','Klinger','Waller','2','5',NULL,'2016-03-13 07:32:34','2016-03-13 07:32:34'),
	(808,'00805','Rollins','Marsh','4','2',NULL,'2016-03-13 07:32:34','2016-03-13 07:32:34'),
	(809,'00806','Merriman','Marsh','1','4',NULL,'2016-03-13 07:32:34','2016-03-13 07:32:34'),
	(810,'00807','Mcclintock','Cagle','4','6',NULL,'2016-03-13 07:32:34','2016-03-13 07:32:34'),
	(811,'00808','Rodriquez','Koehler','4','10',NULL,'2016-03-13 07:32:34','2016-03-13 07:32:34'),
	(812,'00809','Mercer','Koch','5','8',NULL,'2016-03-13 07:32:34','2016-03-13 07:32:34'),
	(813,'00810','Madsen','Cabral','5','2',NULL,'2016-03-13 07:32:34','2016-03-13 07:32:34'),
	(814,'00811','Maki','Mcclain','2','10',NULL,'2016-03-13 07:32:34','2016-03-13 07:32:34'),
	(815,'00812','Tam','Madsen','2','6',NULL,'2016-03-13 07:32:34','2016-03-13 07:32:34'),
	(816,'00813','Sager','Mendoza','4','1',NULL,'2016-03-13 07:32:34','2016-03-13 07:32:34'),
	(817,'00814','Machado','Mast','2','4',NULL,'2016-03-13 07:32:34','2016-03-13 07:32:34'),
	(818,'00815','Mays','Mccartney','5','1',NULL,'2016-03-13 07:32:34','2016-03-13 07:32:34'),
	(819,'00816','Daigle','Waldrop','6','12',NULL,'2016-03-13 07:32:34','2016-03-13 07:32:34'),
	(820,'00817','Mathias','Mann','4','3',NULL,'2016-03-13 07:32:34','2016-03-13 07:32:34'),
	(821,'00818','Martell','Waggoner','2','3',NULL,'2016-03-13 07:32:34','2016-03-13 07:32:34'),
	(822,'00819','Salley','March','1','5',NULL,'2016-03-13 07:32:34','2016-03-13 07:32:34'),
	(823,'00820','Dailey','Tanaka','6','4',NULL,'2016-03-13 07:32:34','2016-03-13 07:32:34'),
	(824,'00821','Baer','Maestas','2','7',NULL,'2016-03-13 07:32:34','2016-03-13 07:32:34'),
	(825,'00822','Taft','Mann','6','12',NULL,'2016-03-13 07:32:34','2016-03-13 07:32:34'),
	(826,'00823','Wakefield','Marcum','6','6',NULL,'2016-03-13 07:32:34','2016-03-13 07:32:34'),
	(827,'00824','Aaron','Merchant','3','9',NULL,'2016-03-13 07:32:34','2016-03-13 07:32:34'),
	(828,'00825','Wills','Ackerman','6','1',NULL,'2016-03-13 07:32:34','2016-03-13 07:32:34'),
	(829,'00826','Wallen','Rodgers','2','8',NULL,'2016-03-13 07:32:34','2016-03-13 07:32:34'),
	(830,'00827','Merrick','Ingle','1','12',NULL,'2016-03-13 07:32:35','2016-03-13 07:32:35'),
	(831,'00828','Main','Jacobs','2','8',NULL,'2016-03-13 07:32:35','2016-03-13 07:32:35'),
	(832,'00829','Wilson','Maier','1','8',NULL,'2016-03-13 07:32:35','2016-03-13 07:32:35'),
	(833,'00830','Daley','Judge','4','7',NULL,'2016-03-13 07:32:35','2016-03-13 07:32:35'),
	(834,'00831','Marcotte','Marchand','1','8',NULL,'2016-03-13 07:32:35','2016-03-13 07:32:35'),
	(835,'00832','Winfrey','Winstead','2','11',NULL,'2016-03-13 07:32:35','2016-03-13 07:32:35'),
	(836,'00833','Mackay','Tanner','6','11',NULL,'2016-03-13 07:32:35','2016-03-13 07:32:35'),
	(837,'00834','Mace','Tanaka','3','4',NULL,'2016-03-13 07:32:35','2016-03-13 07:32:35'),
	(838,'00835','Main','Mackey','2','2',NULL,'2016-03-13 07:32:35','2016-03-13 07:32:35'),
	(839,'00836','Wallen','Mahon','5','11',NULL,'2016-03-13 07:32:35','2016-03-13 07:32:35'),
	(840,'00837','Cady','Mercer','3','3',NULL,'2016-03-13 07:32:35','2016-03-13 07:32:35'),
	(841,'00838','Menendez','Cady','5','6',NULL,'2016-03-13 07:32:35','2016-03-13 07:32:35'),
	(842,'00839','Mast','Mattison','1','2',NULL,'2016-03-13 07:32:35','2016-03-13 07:32:35'),
	(843,'00840','Salisbury','Iverson','6','9',NULL,'2016-03-13 07:32:35','2016-03-13 07:32:35'),
	(844,'00841','Mansfield','Jarvis','4','1',NULL,'2016-03-13 07:32:35','2016-03-13 07:32:35'),
	(845,'00842','Saldana','Bacon','3','9',NULL,'2016-03-13 07:32:35','2016-03-13 07:32:35'),
	(846,'00843','Major','Masters','5','12',NULL,'2016-03-13 07:32:35','2016-03-13 07:32:35'),
	(847,'00844','Tan','Macklin','5','4',NULL,'2016-03-13 07:32:35','2016-03-13 07:32:35'),
	(848,'00845','Irving','Rodriquez','4','3',NULL,'2016-03-13 07:32:35','2016-03-13 07:32:35'),
	(849,'00846','Irving','Talley','4','1',NULL,'2016-03-13 07:32:35','2016-03-13 07:32:35'),
	(850,'00847','Jaramillo','Martindale','1','2',NULL,'2016-03-13 07:32:35','2016-03-13 07:32:35'),
	(851,'00848','Abreu','Danielson','5','8',NULL,'2016-03-13 07:32:35','2016-03-13 07:32:35'),
	(852,'00849','Calhoun','Ivey','5','4',NULL,'2016-03-13 07:32:35','2016-03-13 07:32:35'),
	(853,'00850','Willingham','BagleyCaballero','6','12',NULL,'2016-03-13 07:32:35','2016-03-13 07:32:35'),
	(854,'00851','Mayers','Mccaffrey','6','12',NULL,'2016-03-13 07:32:35','2016-03-13 07:32:35'),
	(855,'00852','Knight','Mathews','2','8',NULL,'2016-03-13 07:32:35','2016-03-13 07:32:35'),
	(856,'00853','Johnson','Mccabe','5','4',NULL,'2016-03-13 07:32:35','2016-03-13 07:32:35'),
	(857,'00854','Abbott','Walling','2','12',NULL,'2016-03-13 07:32:35','2016-03-13 07:32:35'),
	(858,'00855','Cable','Winter','1','2',NULL,'2016-03-13 07:32:35','2016-03-13 07:32:35'),
	(859,'00856','Marin','Messer','5','9',NULL,'2016-03-13 07:32:35','2016-03-13 07:32:35'),
	(860,'00857','Tanaka','Wade','6','8',NULL,'2016-03-13 07:32:35','2016-03-13 07:32:35'),
	(861,'00858','Winchester','Jolley','4','3',NULL,'2016-03-13 07:32:35','2016-03-13 07:32:35'),
	(862,'00859','Mayer','Maestas','2','1',NULL,'2016-03-13 07:32:35','2016-03-13 07:32:35'),
	(863,'00860','Talley','Wingate','4','3',NULL,'2016-03-13 07:32:35','2016-03-13 07:32:35'),
	(864,'00861','Tapia','Wingfield','3','3',NULL,'2016-03-13 07:32:35','2016-03-13 07:32:35'),
	(865,'00862','Messenger','Mcarthur','2','12',NULL,'2016-03-13 07:32:35','2016-03-13 07:32:35'),
	(866,'00863','Tatum','Rodgers','1','11',NULL,'2016-03-13 07:32:35','2016-03-13 07:32:35'),
	(867,'00864','Dahl','Matthews','4','5',NULL,'2016-03-13 07:32:35','2016-03-13 07:32:35'),
	(868,'00865','Calabrese','Major','6','7',NULL,'2016-03-13 07:32:35','2016-03-13 07:32:35'),
	(869,'00866','Madison','Mansfield','5','4',NULL,'2016-03-13 07:32:35','2016-03-13 07:32:35'),
	(870,'00867','Callender','Michaud','2','4',NULL,'2016-03-13 07:32:35','2016-03-13 07:32:35'),
	(871,'00868','Irving','Jay','3','7',NULL,'2016-03-13 07:32:35','2016-03-13 07:32:35'),
	(872,'00869','Wallen','Jolley','5','4',NULL,'2016-03-13 07:32:35','2016-03-13 07:32:35'),
	(873,'00870','Maxey','Joyner','2','12',NULL,'2016-03-13 07:32:35','2016-03-13 07:32:35'),
	(874,'00871','Tapp','Talley','6','5',NULL,'2016-03-13 07:32:35','2016-03-13 07:32:35'),
	(875,'00872','Janssen','Wallis','5','1',NULL,'2016-03-13 07:32:35','2016-03-13 07:32:35'),
	(876,'00873','Johnson','Martinez','4','6',NULL,'2016-03-13 07:32:35','2016-03-13 07:32:35'),
	(877,'00874','Rodrigues','Roller','5','5',NULL,'2016-03-13 07:32:35','2016-03-13 07:32:35'),
	(878,'00875','Sage','Abrams','5','6',NULL,'2016-03-13 07:32:35','2016-03-13 07:32:35'),
	(879,'00876','Jordan','Salgado','1','5',NULL,'2016-03-13 07:32:35','2016-03-13 07:32:35'),
	(880,'00877','Dangelo','Metzler','4','11',NULL,'2016-03-13 07:32:35','2016-03-13 07:32:35'),
	(881,'00878','Messer','Mendoza','6','2',NULL,'2016-03-13 07:32:35','2016-03-13 07:32:35'),
	(882,'00879','Bachman','Matos','3','12',NULL,'2016-03-13 07:32:35','2016-03-13 07:32:35'),
	(883,'00880','Daily','Dalton','1','1',NULL,'2016-03-13 07:32:35','2016-03-13 07:32:35'),
	(884,'00881','Mccall','Malone','4','1',NULL,'2016-03-13 07:32:35','2016-03-13 07:32:35'),
	(885,'00882','Menendez','Rohr','3','12',NULL,'2016-03-13 07:32:35','2016-03-13 07:32:35'),
	(886,'00883','Kline','Cain','3','3',NULL,'2016-03-13 07:32:35','2016-03-13 07:32:35'),
	(887,'00884','Roland','Malley','4','5',NULL,'2016-03-13 07:32:35','2016-03-13 07:32:35'),
	(888,'00885','Wilt','Rodriquez','2','4',NULL,'2016-03-13 07:32:35','2016-03-13 07:32:35'),
	(889,'00886','Calabrese','Sager','3','2',NULL,'2016-03-13 07:32:35','2016-03-13 07:32:35'),
	(890,'00887','Metzger','Mercado','1','12',NULL,'2016-03-13 07:32:35','2016-03-13 07:32:35'),
	(891,'00888','Jones','Damron','1','10',NULL,'2016-03-13 07:32:35','2016-03-13 07:32:35'),
	(892,'00889','Mathias','Marcotte','5','7',NULL,'2016-03-13 07:32:35','2016-03-13 07:32:35'),
	(893,'00890','Metz','Tabor','4','2',NULL,'2016-03-13 07:32:35','2016-03-13 07:32:35'),
	(894,'00891','Knight','Abreu','3','7',NULL,'2016-03-13 07:32:35','2016-03-13 07:32:35'),
	(895,'00892','Manley','Abrams','6','1',NULL,'2016-03-13 07:32:35','2016-03-13 07:32:35'),
	(896,'00893','Roller','Rogers','2','5',NULL,'2016-03-13 07:32:35','2016-03-13 07:32:35'),
	(897,'00894','Wills','Mathias','4','4',NULL,'2016-03-13 07:32:35','2016-03-13 07:32:35'),
	(898,'00895','Mahoney','Markley','2','7',NULL,'2016-03-13 07:32:35','2016-03-13 07:32:35'),
	(899,'00896','Maynard','Ison','2','6',NULL,'2016-03-13 07:32:35','2016-03-13 07:32:35'),
	(900,'00897','Joiner','Baez','6','10',NULL,'2016-03-13 07:32:35','2016-03-13 07:32:35'),
	(901,'00898','Rohr','Magee','6','7',NULL,'2016-03-13 07:32:35','2016-03-13 07:32:35'),
	(902,'00899','Major','Wadsworth','1','2',NULL,'2016-03-13 07:32:35','2016-03-13 07:32:35'),
	(903,'00900','Waldron','Cabral','1','8',NULL,'2016-03-13 07:32:35','2016-03-13 07:32:35'),
	(904,'00901','Irvin','Winchester','1','10',NULL,'2016-03-13 07:32:35','2016-03-13 07:32:35'),
	(905,'00902','Damron','Maguire','1','9',NULL,'2016-03-13 07:32:35','2016-03-13 07:32:35'),
	(906,'00903','Saavedra','Irving','2','11',NULL,'2016-03-13 07:32:35','2016-03-13 07:32:35'),
	(907,'00904','Masterson','Winfrey','3','8',NULL,'2016-03-13 07:32:35','2016-03-13 07:32:35'),
	(908,'00905','Maddox','Wade','3','10',NULL,'2016-03-13 07:32:35','2016-03-13 07:32:35'),
	(909,'00906','Milburn','Winkler','2','6',NULL,'2016-03-13 07:32:35','2016-03-13 07:32:35'),
	(910,'00907','Mccloskey','Willson','4','3',NULL,'2016-03-13 07:32:35','2016-03-13 07:32:35'),
	(911,'00908','Macklin','Mathews','6','10',NULL,'2016-03-13 07:32:35','2016-03-13 07:32:35'),
	(912,'00909','Damon','Jacobs','4','4',NULL,'2016-03-13 07:32:35','2016-03-13 07:32:35'),
	(913,'00910','Winchester','Marquez','6','8',NULL,'2016-03-13 07:32:35','2016-03-13 07:32:35'),
	(914,'00911','Jordon','Daly','4','8',NULL,'2016-03-13 07:32:35','2016-03-13 07:32:35'),
	(915,'00912','Maness','Meyers','2','1',NULL,'2016-03-13 07:32:35','2016-03-13 07:32:35'),
	(916,'00913','Rodrigues','Mccabe','6','2',NULL,'2016-03-13 07:32:35','2016-03-13 07:32:35'),
	(917,'00914','Tarver','Salcido','4','1',NULL,'2016-03-13 07:32:35','2016-03-13 07:32:35'),
	(918,'00915','Marble','Saenz','2','2',NULL,'2016-03-13 07:32:35','2016-03-13 07:32:35'),
	(919,'00916','Merriman','Saldana','6','12',NULL,'2016-03-13 07:32:35','2016-03-13 07:32:35'),
	(920,'00917','Cahill','Madrid','2','7',NULL,'2016-03-13 07:32:35','2016-03-13 07:32:35'),
	(921,'00918','Daniels','Taggart','1','2',NULL,'2016-03-13 07:32:35','2016-03-13 07:32:35'),
	(922,'00919','Irving','Marin','5','11',NULL,'2016-03-13 07:32:35','2016-03-13 07:32:35'),
	(923,'00920','Mackie','Calabrese','6','9',NULL,'2016-03-13 07:32:35','2016-03-13 07:32:35'),
	(924,'00921','Metzger','Mercado','6','2',NULL,'2016-03-13 07:32:35','2016-03-13 07:32:35'),
	(925,'00922','Abell','Mackay','2','8',NULL,'2016-03-13 07:32:35','2016-03-13 07:32:35'),
	(926,'00923','Marroquin','Ma','5','6',NULL,'2016-03-13 07:32:35','2016-03-13 07:32:35'),
	(927,'00924','Marr','Marlow','3','9',NULL,'2016-03-13 07:32:35','2016-03-13 07:32:35'),
	(928,'00925','Dangelo','Mayberry','2','4',NULL,'2016-03-13 07:32:35','2016-03-13 07:32:35'),
	(929,'00926','Johnson','Iverson','3','4',NULL,'2016-03-13 07:32:35','2016-03-13 07:32:35'),
	(930,'00927','Jorgensen','Sallee','2','6',NULL,'2016-03-13 07:32:35','2016-03-13 07:32:35'),
	(931,'00928','Roman','Salmon','2','2',NULL,'2016-03-13 07:32:35','2016-03-13 07:32:35'),
	(932,'00929','Acosta','Dahl','2','1',NULL,'2016-03-13 07:32:35','2016-03-13 07:32:35'),
	(933,'00930','Marble','Windham','4','3',NULL,'2016-03-13 07:32:35','2016-03-13 07:32:35'),
	(934,'00931','Jackson','Isbell','5','7',NULL,'2016-03-13 07:32:35','2016-03-13 07:32:35'),
	(935,'00932','Joseph','Tanner','2','2',NULL,'2016-03-13 07:32:35','2016-03-13 07:32:35'),
	(936,'00933','Jose','Maes','3','12',NULL,'2016-03-13 07:32:35','2016-03-13 07:32:35'),
	(937,'00934','Meyer','Mcclelland','2','11',NULL,'2016-03-13 07:32:35','2016-03-13 07:32:35'),
	(938,'00935','Abernathy','Wilmoth','2','4',NULL,'2016-03-13 07:32:35','2016-03-13 07:32:35'),
	(939,'00936','Mark','Maher','3','8',NULL,'2016-03-13 07:32:35','2016-03-13 07:32:35'),
	(940,'00937','Marsh','Matheson','5','3',NULL,'2016-03-13 07:32:35','2016-03-13 07:32:35'),
	(941,'00938','Damon','Irvine','3','1',NULL,'2016-03-13 07:32:35','2016-03-13 07:32:35'),
	(942,'00939','Mast','Tapia','4','8',NULL,'2016-03-13 07:32:35','2016-03-13 07:32:35'),
	(943,'00940','Winter','Messenger','5','6',NULL,'2016-03-13 07:32:35','2016-03-13 07:32:35'),
	(944,'00941','Wagoner','Tabor','3','4',NULL,'2016-03-13 07:32:35','2016-03-13 07:32:35'),
	(945,'00942','Acevedo','Marcotte','1','1',NULL,'2016-03-13 07:32:35','2016-03-13 07:32:35'),
	(946,'00943','Adam','Wilmoth','2','8',NULL,'2016-03-13 07:32:35','2016-03-13 07:32:35'),
	(947,'00944','Jolly','Mayes','2','8',NULL,'2016-03-13 07:32:35','2016-03-13 07:32:35'),
	(948,'00945','Wingate','Judge','6','8',NULL,'2016-03-13 07:32:35','2016-03-13 07:32:35'),
	(949,'00946','Irvin','Isbell','4','1',NULL,'2016-03-13 07:32:35','2016-03-13 07:32:35'),
	(950,'00947','Manning','Talbott','5','1',NULL,'2016-03-13 07:32:35','2016-03-13 07:32:35'),
	(951,'00948','Cabrera','Ma','3','6',NULL,'2016-03-13 07:32:35','2016-03-13 07:32:35'),
	(952,'00949','Martins','Metz','5','9',NULL,'2016-03-13 07:32:35','2016-03-13 07:32:35'),
	(953,'00950','Macdonald','Mcclendon','5','7',NULL,'2016-03-13 07:32:35','2016-03-13 07:32:35'),
	(954,'00951','Rodrigues','Baca','2','3',NULL,'2016-03-13 07:32:35','2016-03-13 07:32:35'),
	(955,'00952','Mccann','Macdonald','5','3',NULL,'2016-03-13 07:32:35','2016-03-13 07:32:35'),
	(956,'00953','Mabry','Mast','6','10',NULL,'2016-03-13 07:32:35','2016-03-13 07:32:35'),
	(957,'00954','Adair','Winslow','5','8',NULL,'2016-03-13 07:32:35','2016-03-13 07:32:35'),
	(958,'00955','Marvin','Maddox','4','9',NULL,'2016-03-13 07:32:35','2016-03-13 07:32:35'),
	(959,'00956','Jorgenson','Sadler','2','8',NULL,'2016-03-13 07:32:35','2016-03-13 07:32:35'),
	(960,'00957','Ackerman','Jacoby','3','7',NULL,'2016-03-13 07:32:35','2016-03-13 07:32:35'),
	(961,'00958','Maxey','Baer','1','12',NULL,'2016-03-13 07:32:35','2016-03-13 07:32:35'),
	(962,'00959','Callaway','Salinas','2','11',NULL,'2016-03-13 07:32:35','2016-03-13 07:32:35'),
	(963,'00960','Martindale','Babb','1','2',NULL,'2016-03-13 07:32:35','2016-03-13 07:32:35'),
	(964,'00961','Mattison','Joyner','6','10',NULL,'2016-03-13 07:32:35','2016-03-13 07:32:35'),
	(965,'00962','Wing','Mays','3','2',NULL,'2016-03-13 07:32:35','2016-03-13 07:32:35'),
	(966,'00963','Rollins','Adam','6','4',NULL,'2016-03-13 07:32:35','2016-03-13 07:32:35'),
	(967,'00964','Salley','Cable','6','3',NULL,'2016-03-13 07:32:35','2016-03-13 07:32:35'),
	(968,'00965','Juarez','Tanner','5','9',NULL,'2016-03-13 07:32:35','2016-03-13 07:32:35'),
	(969,'00966','Knott','Maupin','5','5',NULL,'2016-03-13 07:32:35','2016-03-13 07:32:35'),
	(970,'00967','Jacoby','Janssen','2','7',NULL,'2016-03-13 07:32:35','2016-03-13 07:32:35'),
	(971,'00968','Jorgenson','Winn','5','9',NULL,'2016-03-13 07:32:35','2016-03-13 07:32:35'),
	(972,'00969','Winfield','Martens','3','11',NULL,'2016-03-13 07:32:35','2016-03-13 07:32:35'),
	(973,'00970','Wills','Mcclintock','1','9',NULL,'2016-03-13 07:32:35','2016-03-13 07:32:35'),
	(974,'00971','Messer','Metzler','6','1',NULL,'2016-03-13 07:32:35','2016-03-13 07:32:35'),
	(975,'00972','Jarvis','Merchant','2','12',NULL,'2016-03-13 07:32:35','2016-03-13 07:32:35'),
	(976,'00973','Cabrera','Juarez','4','5',NULL,'2016-03-13 07:32:35','2016-03-13 07:32:35'),
	(977,'00974','Mattos','Waldron','5','8',NULL,'2016-03-13 07:32:35','2016-03-13 07:32:35'),
	(978,'00975','Irish','Baez','2','4',NULL,'2016-03-13 07:32:35','2016-03-13 07:32:35'),
	(979,'00976','Maes','Janssen','1','12',NULL,'2016-03-13 07:32:35','2016-03-13 07:32:35'),
	(980,'00977','Manzo','Winn','6','1',NULL,'2016-03-13 07:32:35','2016-03-13 07:32:35'),
	(981,'00978','Knapp','Mesa','5','2',NULL,'2016-03-13 07:32:35','2016-03-13 07:32:35'),
	(982,'00979','Mauldin','Martinez','2','9',NULL,'2016-03-13 07:32:35','2016-03-13 07:32:35'),
	(983,'00980','Maddox','Maas','4','7',NULL,'2016-03-13 07:32:35','2016-03-13 07:32:35'),
	(984,'00981','Winstead','Kline','6','3',NULL,'2016-03-13 07:32:35','2016-03-13 07:32:35'),
	(985,'00982','Martz','Matney','5','12',NULL,'2016-03-13 07:32:35','2016-03-13 07:32:35'),
	(986,'00983','Mcafee','Back','2','4',NULL,'2016-03-13 07:32:35','2016-03-13 07:32:35'),
	(987,'00984','Joyner','Knudson','2','7',NULL,'2016-03-13 07:32:35','2016-03-13 07:32:35'),
	(988,'00985','Mayhew','Callaway','4','1',NULL,'2016-03-13 07:32:35','2016-03-13 07:32:35'),
	(989,'00986','Jolley','Ibarra','2','9',NULL,'2016-03-13 07:32:35','2016-03-13 07:32:35'),
	(990,'00987','Jorgenson','Walden','3','6',NULL,'2016-03-13 07:32:35','2016-03-13 07:32:35'),
	(991,'00988','Mesa','Joyner','1','4',NULL,'2016-03-13 07:32:35','2016-03-13 07:32:35'),
	(992,'00989','Rojas','Abell','4','12',NULL,'2016-03-13 07:32:35','2016-03-13 07:32:35'),
	(993,'00990','Matthew','Irvin','6','6',NULL,'2016-03-13 07:32:35','2016-03-13 07:32:35'),
	(994,'00991','Wahl','Tapp','5','5',NULL,'2016-03-13 07:32:35','2016-03-13 07:32:35'),
	(995,'00992','Mahon','Acuna','6','4',NULL,'2016-03-13 07:32:35','2016-03-13 07:32:35'),
	(996,'00993','Damon','Maki','3','2',NULL,'2016-03-13 07:32:35','2016-03-13 07:32:35'),
	(997,'00994','Messina','Mahaffey','5','11',NULL,'2016-03-13 07:32:35','2016-03-13 07:32:35'),
	(998,'00995','Jacoby','Salazar','2','10',NULL,'2016-03-13 07:32:35','2016-03-13 07:32:35'),
	(999,'00996','Saavedra','Wakefield','1','6',NULL,'2016-03-13 07:32:35','2016-03-13 07:32:35'),
	(1000,'00997','Walker','March','3','2',NULL,'2016-03-13 07:32:35','2016-03-13 07:32:35'),
	(1001,'00998','Jansen','Knoll','4','4',NULL,'2016-03-13 07:32:35','2016-03-13 07:32:35'),
	(1002,'00999','Magana','Waggoner','5','1',NULL,'2016-03-13 07:32:35','2016-03-13 07:32:35'),
	(1003,'','อานนท์','คีรีนะ','6','4',NULL,'2016-03-13 08:14:16','2016-03-13 08:14:16'),
	(1004,'22611','อานนท์','คีรีนะ','6','4',NULL,'2016-05-03 14:20:01','2016-05-03 14:20:01'),
	(1005,'22612','Arnon','Keereena','6','4',NULL,'2016-05-28 09:22:23','2016-05-28 09:22:23'),
	(1006,'22613','คนนี้','มีปัญหา','6','4',NULL,'2016-05-28 09:26:42','2016-05-28 09:26:42'),
	(1007,'34','พลอยมณี','หลานหาด','1','2',NULL,'2016-08-08 05:41:16','2016-08-08 05:41:16'),
	(1008,'100','กอ','คอ','7','45',NULL,'2016-08-08 05:44:22','2016-08-08 05:44:22'),
	(1009,'33','พนิตชา','สืบตระกูล','1','2',NULL,'2016-08-08 05:46:24','2016-08-08 05:46:24'),
	(1010,'27','ด.ญ.ปนัดดา','คงผอม','1','2',NULL,'2016-08-08 05:49:18','2016-08-08 05:49:18'),
	(1011,'23','ณัฐวดี','คำปล้อง','1','2',NULL,'2016-08-08 05:51:12','2016-08-08 05:51:12'),
	(1012,'42','อาทิตยา','บุญทอง','1','2',NULL,'2016-08-08 05:55:01','2016-08-08 05:55:01'),
	(1013,'31733','วงศธร','แสงแก้ว','1','2',NULL,'2016-08-08 12:14:20','2016-08-08 12:14:20'),
	(1014,'3','ด.ช.ธีรกร','ทองพลับ','1','2',NULL,'2016-08-08 12:41:39','2016-08-08 12:41:39'),
	(1015,'31899','ด.ญ.อัญชนา','เอ่งฉ้วน','1','5',NULL,'2016-08-08 13:45:36','2016-08-08 13:45:36'),
	(1016,'31766','สรินดา','สาระวารี','1','2',NULL,'2016-08-09 11:05:18','2016-08-09 11:05:18'),
	(1017,'32131','ถกลทรรศ','เจ้าสวน','ม.1','11',NULL,'2016-08-10 06:27:37','2016-08-10 06:27:37'),
	(1018,'32141','ด.ญ.ดิไวน์ ยศวดี','ดีทริคซอน','1','11',NULL,'2016-08-10 06:29:27','2016-08-10 06:29:27'),
	(1019,'32145','ด.ญ.พิชญาภรณ์','เพชรานนท์','1','11',NULL,'2016-08-10 06:29:34','2016-08-10 06:29:34'),
	(1020,'32135','ปวฤทธิ์','ไชยพงษ์','1','ม.1',NULL,'2016-08-10 06:31:40','2016-08-10 06:34:58'),
	(1021,'32133','ธีรวัฒน์','วิชัยดิษฐ','ม.1','11',NULL,'2016-08-10 06:31:55','2016-08-10 06:31:55'),
	(1022,'32132','ธนพนธ์','ุบุญสพ','1','11',NULL,'2016-08-10 06:32:08','2016-08-10 06:35:15'),
	(1023,'32130','ญาณกร','กมลเนตร','1','11',NULL,'2016-08-10 06:34:33','2016-08-10 06:37:51'),
	(1024,'32144','ด.ญ.พรชนก','ยงสถิตศักดิ์','1','11',NULL,'2016-08-10 06:35:24','2016-08-10 06:35:24'),
	(1025,'32136','รัญชน์','เทียนกิ่งแก้ว','1','11',NULL,'2016-08-10 06:35:53','2016-08-10 06:35:53'),
	(1026,'32146','พิชามญชุ์','แซ่ไล่','1','11',NULL,'2016-08-10 06:47:02','2016-08-10 06:47:02'),
	(1027,'32134','นิพพิชฌน์','จินดาวุฒิกุล','1','11',NULL,'2016-08-10 06:48:10','2016-08-10 06:48:10'),
	(1028,'32137','สฤษฎ์ภพ','เกื้อกุลบุตร','1','11',NULL,'2016-08-10 06:48:15','2016-08-10 06:48:15'),
	(1029,'30520','เนติมา','ริมดุสิต','ม.3','2',NULL,'2016-08-11 06:22:28','2016-08-11 06:22:28'),
	(1030,'30506','พัชญาภัค','ส้มเขียวหวาน','ม.3','2',NULL,'2016-08-11 06:39:07','2016-08-11 06:39:07'),
	(1031,'30504','ธันย์ชนก','เกิดสุข','ม.3','2',NULL,'2016-08-11 06:46:03','2016-08-11 06:46:03'),
	(1032,'30514','สุพรรษา','ขาวผ่อง','ม.3','2',NULL,'2016-08-11 06:50:24','2016-08-11 06:50:24'),
	(1033,'30512','ศิโรรัตน์','เพชรเครือ','ม.3','2',NULL,'2016-08-11 06:54:22','2016-08-11 06:54:22'),
	(1034,'16','จิรภิญญา','มามาตย์','1','2',NULL,'2016-08-11 11:38:44','2016-08-11 11:38:44'),
	(1035,'30571','ด.ช.จักรวุฒิ','ลีลาทิวานนท์','ม.3','4',NULL,'2016-08-11 12:14:36','2016-08-11 12:14:36'),
	(1036,'30518','อารยา','วงศ์วราลักษณ์','3','2',NULL,'2016-08-11 13:16:47','2016-08-11 13:16:47'),
	(1037,'1859900264623','พิชชาพร','มะลิงาม','3','4',NULL,'2016-08-12 12:24:27','2016-08-12 12:24:27'),
	(1038,'30495','กัลย์สุดา','ทองอ่อน','3','2',NULL,'2016-08-12 13:20:50','2016-08-12 13:20:50'),
	(1039,'30566','ด.ช.กฤตพร','วงษ์สามารถ','3','4',NULL,'2016-08-12 14:10:52','2016-08-12 14:10:52'),
	(1040,'26','ด.ญ.นัซมี','สุรการากุล','ม.1','4',26,'2016-08-13 04:33:19','2016-08-28 10:07:25'),
	(1041,'8','ด.ช. รัชชชานนท์','ตันติพงศ์อาภา','1','2',8,'2016-08-13 12:17:07','2016-08-21 12:49:28'),
	(1042,'31737','กรกนก','ก๊กใหญ่','ม.1','2',NULL,'2016-08-14 05:27:06','2016-08-14 05:27:06'),
	(1043,'30594','เด็กหญิงปิยรัตน์','หิรัญรัตน์','3','4',NULL,'2016-08-14 07:51:21','2016-08-14 07:51:21'),
	(1044,'30','ปัณณพร','อินทร์ศรีทอง','ม.1','2',NULL,'2016-08-14 08:27:54','2016-08-14 08:27:54'),
	(1045,'2','ธัฌฌา','สุวรรณรัตน์','1','2',2,'2016-08-14 08:27:56','2016-08-21 07:09:54'),
	(1046,'30599','ด.ญ.ภัควลัญชญ์','เพ็งคง','ม.3','4',NULL,'2016-08-14 08:34:16','2016-08-14 08:34:16'),
	(1047,'28','ปภาดา','ชิตาพงศ์','ม.1','2',NULL,'2016-08-14 08:40:51','2016-08-14 08:40:51'),
	(1048,'11','ด.ช.ศุภโกศล','บุญยัษเฐียร','1','2',11,'2016-08-14 09:28:58','2016-08-14 09:28:58'),
	(1049,'32','พชรดา','สุทธิสารสุธี','ม.1','2',32,'2016-08-14 09:31:19','2016-08-14 10:13:44'),
	(1050,'31750','ด.ญ.นิจวรีย์','ลูกเหล็ม','ม1','2',26,'2016-08-14 09:32:58','2016-08-21 09:14:25'),
	(1051,'31762','มนัญชยา','มังคะลา','1','2',37,'2016-08-14 09:52:06','2016-08-14 09:52:06'),
	(1052,'31860','ด.ช.กฤษฎา','เริศเริง','ม.1','5',1,'2016-08-14 09:59:05','2016-08-14 09:59:05'),
	(1053,'31864','ด.ช.ทศพล','ลิ่มบุุุุุุุุุุุุุุุุุุุุุตร','ม.1','5',5,'2016-08-14 10:24:56','2016-08-14 10:34:47'),
	(1054,'31839','ด.ญ. ธิฌาภรณ์','ศิริภักดิ์','ม.1','4',25,'2016-08-14 10:37:10','2016-08-14 10:37:10'),
	(1055,'30583','เด็กหญิงกานต์พิชชา','บุตรแขก','ม.3','4',16,'2016-08-14 11:05:05','2016-08-14 11:05:05'),
	(1056,'31756','พชรดา','สุทธิสารสุธี','1','2',32,'2016-08-14 11:30:25','2016-08-21 05:50:42'),
	(1057,'31742','ชนัญชิดา','ทองฤทธิ์','ม.1','2',18,'2016-08-14 11:40:03','2016-08-14 11:40:03'),
	(1058,'30580','วสิษฐ์พล','ทองตรีพัน','3','4',13,'2016-08-14 11:52:54','2016-08-14 11:52:54'),
	(1059,'31882','เด็กหญิงฐปนรรฆ์','แซ่หลี','1','5',23,'2016-08-14 11:54:33','2016-08-14 11:54:33'),
	(1060,'31856','อรณิชา','ชนะกุล','1','4',42,'2016-08-14 12:05:31','2016-08-14 12:05:31'),
	(1061,'31961','ด.ช.ปฐมพงศ์','เต้บำรุง','ม.1','7',12,'2016-08-14 12:19:09','2016-08-14 12:19:09'),
	(1062,'30582','กมลชนก','ชูช่วย','3','4',15,'2016-08-14 12:25:21','2016-08-14 12:25:21'),
	(1063,'31768','โชติกา','โชติกันตะ','1','2',43,'2016-08-14 12:25:41','2016-08-14 12:25:41'),
	(1064,'43','โชติกา','โชติกันตะ','1','2',43,'2016-08-14 12:31:31','2016-08-21 12:51:25'),
	(1065,'30607','ด.ญ.อัสรีณา','สาระวารี','ม.3','4',40,'2016-08-14 12:34:59','2016-08-14 12:34:59'),
	(1066,'25','ธวัลรัตน์','อุ่นเมืองอินทร์','1','2',25,'2016-08-14 12:36:38','2016-08-14 12:36:38'),
	(1067,'31973','ด.ญ.นันท์นภัส','เกกินะ','ม.1','7',24,'2016-08-14 12:46:53','2016-08-14 12:46:53'),
	(1068,'31968','ด.ช.อดิศักดิ์','ถ่ายหงวน','1','7',19,'2016-08-14 12:50:14','2016-08-14 13:24:02'),
	(1069,'31982','ด.ญ.รัชนารถ','ยอดประสิทธิ์','ม.1','7',33,'2016-08-14 12:54:46','2016-08-14 12:54:46'),
	(1070,'31960','ด.ช.ปฏิภาณ','จำปา','1','7',11,'2016-08-14 12:55:20','2016-08-14 12:55:20'),
	(1071,'30584','เด็กหญิง จิรัชญา','หนูจันทร์','ม.3','4',17,'2016-08-14 12:59:14','2016-08-14 12:59:14'),
	(1072,'19','อดิศักดิ์','ถ่ายหงวน','ม.1','7',19,'2016-08-14 13:05:54','2016-08-14 13:05:54'),
	(1073,'31979','ด.ญ. พิมพ์นารา','รัตนโชติ','ม.1','7',30,'2016-08-14 13:22:17','2016-08-14 13:22:17'),
	(1074,'31978','พิชชากร','พงศ์ธนาวิวัศ','1','7',29,'2016-08-14 13:26:29','2016-08-14 13:26:29'),
	(1075,'22','ด.ญ.ณัฐธิดา','รักดี','ม.1','4',22,'2016-08-14 13:36:12','2016-08-14 13:36:12'),
	(1076,'31976','ด.ญ.ปรกาญจน์','วารีนาค','1','7',27,'2016-08-14 13:42:16','2016-08-14 13:42:16'),
	(1077,'1','ธนัชชา','ทองนุ่น','7','23',NULL,'2016-08-14 14:24:08','2016-08-14 14:27:09'),
	(1078,'31963','พัสกร','เรืองอร่าม','1','7',14,'2016-08-14 14:49:44','2016-08-14 14:49:44'),
	(1079,'30500','ด.ญ.ชนกนันท์','บุญเดช','3','2',23,'2016-08-14 16:22:05','2016-08-14 16:22:05'),
	(1080,'31738','ด.ญ.กัญญารัตน์','เครือหลี','ม.1','2',14,'2016-08-14 22:42:03','2016-08-21 01:29:33'),
	(1081,'31972','ธนัชชา','ทองนุ่น','7','1',23,'2016-08-15 00:37:18','2016-08-15 00:37:18'),
	(1082,'14','ด.ญ.กมลชนก','เหงียนวัน','1','4',14,'2016-08-15 01:28:10','2016-08-15 01:28:10'),
	(1083,'30897','เด็กชายกอไผ่','แซ่โค้ว','3','12',1,'2016-08-15 05:30:59','2016-08-15 05:30:59'),
	(1084,'31962','พงศกร','ลิ้มประสิทธิ์วงค์','1','7',13,'2016-08-15 11:55:17','2016-08-15 11:55:17'),
	(1085,'31986','สาวินี','สายวารี','1','7',37,'2016-08-15 13:09:45','2016-08-15 13:09:45'),
	(1086,'30603','ด.ญ สิราวรรณ','นวลนาค','ม.3','4',36,'2016-08-16 12:05:06','2016-08-16 12:05:06'),
	(1087,'30604','ด.ญ. สิรินภรณ์','หงษ์หยก','3','4',37,'2016-08-16 12:32:57','2016-08-16 12:32:57'),
	(1088,'30588','ธนพร','ศรีนวล','3','4',21,'2016-08-16 15:34:40','2016-08-16 15:34:40'),
	(1089,'30585','เด็กหญิงชวิศา','มงกุฎวิสุทธิ์','3','4',18,'2016-08-17 05:20:59','2016-08-17 05:20:59'),
	(1090,'30496','ด.ญ.ขนิษฐา','หนูช่วย','3','2',19,'2016-08-17 09:48:30','2016-08-17 09:48:30'),
	(1091,'30587','ทิพย์วัลย์','ปลีวิสัย','3','4',20,'2016-08-17 13:49:55','2016-08-17 13:49:55'),
	(1092,'3515','หทัยชนก','แก้วเสริม','ม.3','2',38,'2016-08-17 14:51:48','2016-08-17 14:51:48'),
	(1093,'30507','ภัทรมน','แก้วเวหา','3','2',30,'2016-08-17 15:00:53','2016-08-17 15:00:53'),
	(1094,'30515','หทัยชนก','แก้วเสริม','ม.3','2',38,'2016-08-17 15:02:03','2016-08-17 15:02:03'),
	(1095,'30592','เด็กหญิงปวันรัตน์','บัวดวง','3','4',25,'2016-08-17 23:45:45','2016-08-17 23:45:45'),
	(1096,'30488','เด็กชาย ภูริภัทร','เสริมสิน','ม.3','2',12,'2016-08-18 00:16:04','2016-08-18 00:16:04'),
	(1097,'30569','กุลธวัช','ชอบทำกิจ','3','4',4,'2016-08-18 01:29:36','2016-08-18 01:29:36'),
	(1098,'30593','ปิยธิดา','แก้วเล็ก','3','4',26,'2016-08-18 03:08:30','2016-08-18 03:08:30'),
	(1099,'30589','ด.ญ.ธันย์ชนก','เลาหะกุล','3','4',22,'2016-08-18 03:17:14','2016-08-18 03:17:14'),
	(1100,'31754','ปัณณพร','อินทร์ศรีทอง','ม.1','2',30,'2016-08-21 01:28:43','2016-08-21 01:28:43'),
	(1101,'31758','พลอยมณี','หลานหาด','ม.1','2',34,'2016-08-21 02:01:13','2016-08-21 02:01:13'),
	(1102,'31760','พิชญา','ปัญญาไข','1','2',36,'2016-08-21 04:13:56','2016-08-21 04:13:56'),
	(1103,'31731','พัสกร','สกุณา','1','2',7,'2016-08-21 05:36:47','2016-08-21 05:36:47'),
	(1104,'31755','ด.ญ.ปิยธิดา','บุญมณี','ม.1','2',31,'2016-08-21 05:53:01','2016-08-21 05:53:01'),
	(1105,'29','เด็กหญิงปวริศา','จันทร์เพชร','1','2',29,'2016-08-21 09:08:17','2016-08-21 09:08:17'),
	(1106,'31767','อาทิตยา','บุญทอง','ม.1','2',42,'2016-08-21 09:11:19','2016-08-21 09:11:19'),
	(1107,'31769','ไพลิน','สมบูรณ์','1','2',44,'2016-08-21 12:20:33','2016-08-21 12:20:33'),
	(1108,'31743','ด.ญ.ชลธิชา','พลเดช','ม.1','2',19,'2016-08-21 12:30:27','2016-08-21 12:30:27'),
	(1109,'31763','เด็กหญิงศศิปรีญา','ชาหลวง','1','2',38,'2016-08-21 12:35:45','2016-08-21 12:35:45'),
	(1110,'31728','ด.ช.นฤสรณ์','ฮ้อบุตร','1','2',4,'2016-08-21 12:58:24','2016-08-21 13:00:52'),
	(1111,'31898','ด.ญ อรวรรณ','เป็นสุข','ม.1','5',39,'2016-08-21 14:36:56','2016-08-21 14:36:56'),
	(1112,'31757','พนิตชา','สืบตระกูล','1','2',33,'2016-08-22 05:17:14','2016-08-22 05:17:14'),
	(1113,'31845','ด.ญ.ปราณิสา','สุทธิรักษ์','ม.1','4',31,'2016-08-22 13:09:47','2016-08-22 13:22:54'),
	(1114,'30497','ขวัญจิรา','แก้วจันทร์ศรี','3','2',20,'2016-08-31 15:40:52','2016-08-31 15:40:52'),
	(1115,'32040','ด.ช.กวินภพ','นบนอบ','1','9',1,'2016-09-08 14:13:39','2016-09-08 14:13:39');

/*!40000 ALTER TABLE `participants` ENABLE KEYS */;
UNLOCK TABLES;


# Dump of table password_resets
# ------------------------------------------------------------

DROP TABLE IF EXISTS `password_resets`;

CREATE TABLE `password_resets` (
  `email` varchar(255) COLLATE utf8_unicode_ci NOT NULL,
  `token` varchar(255) COLLATE utf8_unicode_ci NOT NULL,
  `created_at` timestamp NOT NULL DEFAULT '0000-00-00 00:00:00',
  KEY `password_resets_email_index` (`email`),
  KEY `password_resets_token_index` (`token`)
) ENGINE=InnoDB DEFAULT CHARSET=utf8 COLLATE=utf8_unicode_ci;



# Dump of table question_groups
# ------------------------------------------------------------

DROP TABLE IF EXISTS `question_groups`;

CREATE TABLE `question_groups` (
  `id` int(10) unsigned NOT NULL AUTO_INCREMENT,
  `name` varchar(255) COLLATE utf8_unicode_ci NOT NULL,
  `label` varchar(255) COLLATE utf8_unicode_ci DEFAULT NULL,
  `questionaireID` int(10) unsigned NOT NULL,
  `created_at` timestamp NOT NULL DEFAULT '0000-00-00 00:00:00',
  `updated_at` timestamp NOT NULL DEFAULT '0000-00-00 00:00:00',
  PRIMARY KEY (`id`)
) ENGINE=InnoDB DEFAULT CHARSET=utf8 COLLATE=utf8_unicode_ci;

LOCK TABLES `question_groups` WRITE;
/*!40000 ALTER TABLE `question_groups` DISABLE KEYS */;

INSERT INTO `question_groups` (`id`, `name`, `label`, `questionaireID`, `created_at`, `updated_at`)
VALUES
	(1,'ด้านอารมณ์','อารมณ์',35,'2016-05-28 07:47:40','2016-05-28 11:53:49'),
	(3,'ด้านความประพฤติ/เกเร','เกเร',35,'2016-05-28 07:48:18','2016-05-28 11:53:45'),
	(4,'ด้านพฤติกรรมสมาธิสั้น','สมาธิสั้น',35,'2016-05-28 07:48:51','2016-05-28 11:53:42'),
	(5,'ด้านความสัมพันธ์กับเพื่อน','เพื่อน',35,'2016-05-28 07:49:12','2016-05-28 11:53:37'),
	(6,'ด้านสัมพันธภาพทางสังคม','สังคม',35,'2016-05-28 07:49:23','2016-05-28 11:53:32');

/*!40000 ALTER TABLE `question_groups` ENABLE KEYS */;
UNLOCK TABLES;


# Dump of table question_metas
# ------------------------------------------------------------

DROP TABLE IF EXISTS `question_metas`;

CREATE TABLE `question_metas` (
  `id` int(10) unsigned NOT NULL AUTO_INCREMENT,
  `header` varchar(255) COLLATE utf8_unicode_ci NOT NULL,
  `questionID` int(10) unsigned NOT NULL,
  `created_at` timestamp NOT NULL DEFAULT '0000-00-00 00:00:00',
  `updated_at` timestamp NOT NULL DEFAULT '0000-00-00 00:00:00',
  PRIMARY KEY (`id`),
  KEY `question_metas_questionid_foreign` (`questionID`),
  CONSTRAINT `question_metas_questionid_foreign` FOREIGN KEY (`questionID`) REFERENCES `questions` (`id`) ON DELETE CASCADE
) ENGINE=InnoDB DEFAULT CHARSET=utf8 COLLATE=utf8_unicode_ci;

LOCK TABLES `question_metas` WRITE;
/*!40000 ALTER TABLE `question_metas` DISABLE KEYS */;

INSERT INTO `question_metas` (`id`, `header`, `questionID`, `created_at`, `updated_at`)
VALUES
	(2,'{\"rows\":[{\"cols\":[{\"rowspan\":1,\"colspan\":\"4\",\"label\":\"\"},{\"rowspan\":1,\"colspan\":1,\"label\":\"\\u0e44\\u0e21\\u0e48\\u0e40\\u0e04\\u0e22\"},{\"rowspan\":1,\"colspan\":1,\"label\":\"\\u0e40\\u0e04\\u0e22\"}]}]}',44,'2016-01-23 07:58:36','2016-01-23 07:58:36'),
	(16,'null',24,'2016-03-13 07:09:37','2016-03-13 07:09:37'),
	(17,'null',26,'2016-03-13 07:09:37','2016-03-13 07:09:37'),
	(18,'null',27,'2016-03-13 07:09:37','2016-03-13 07:09:37'),
	(19,'null',28,'2016-03-13 07:09:37','2016-03-13 07:09:37'),
	(20,'null',29,'2016-03-13 07:09:37','2016-03-13 07:09:37'),
	(21,'null',30,'2016-03-13 07:09:37','2016-03-13 07:09:37'),
	(22,'null',31,'2016-03-13 07:09:37','2016-03-13 07:09:37'),
	(23,'null',32,'2016-03-13 07:09:37','2016-03-13 07:09:37'),
	(24,'null',33,'2016-03-13 07:09:37','2016-03-13 07:09:37'),
	(25,'null',34,'2016-03-13 07:09:37','2016-03-13 07:09:37'),
	(26,'null',35,'2016-03-13 07:09:37','2016-03-13 07:09:37'),
	(27,'null',36,'2016-03-13 07:09:38','2016-03-13 07:09:38'),
	(28,'null',37,'2016-03-13 07:09:38','2016-03-13 07:09:38'),
	(29,'null',38,'2016-03-13 07:09:38','2016-03-13 07:09:38'),
	(30,'null',39,'2016-03-13 07:09:38','2016-03-13 07:09:38'),
	(31,'null',40,'2016-03-13 07:09:38','2016-03-13 07:09:38'),
	(32,'null',41,'2016-03-13 07:09:38','2016-03-13 07:09:38'),
	(33,'null',42,'2016-03-13 07:09:38','2016-03-13 07:09:38'),
	(34,'null',43,'2016-03-13 07:09:38','2016-03-13 07:09:38'),
	(60,'\"null\"',57,'2016-05-23 16:41:44','2016-05-23 17:42:11'),
	(61,'\"null\"',58,'2016-05-23 16:41:44','2016-05-23 17:42:11'),
	(62,'\"null\"',59,'2016-05-23 16:41:44','2016-05-23 17:42:11'),
	(63,'\"null\"',60,'2016-05-23 16:41:44','2016-05-23 17:42:11'),
	(64,'\"null\"',61,'2016-05-23 16:41:44','2016-05-23 17:42:11'),
	(65,'\"null\"',62,'2016-05-23 16:41:44','2016-05-23 17:42:11'),
	(66,'\"null\"',63,'2016-05-23 16:41:44','2016-05-23 17:42:11'),
	(67,'\"null\"',64,'2016-05-23 16:41:44','2016-05-23 17:42:11'),
	(68,'\"null\"',65,'2016-05-23 16:41:44','2016-05-23 17:42:11'),
	(69,'\"null\"',66,'2016-05-23 16:41:44','2016-05-23 17:42:11'),
	(70,'\"null\"',67,'2016-05-23 16:41:44','2016-05-23 17:42:12'),
	(71,'\"null\"',68,'2016-05-23 16:41:44','2016-05-23 17:42:12'),
	(72,'\"null\"',69,'2016-05-23 16:41:44','2016-05-23 17:42:12'),
	(73,'\"null\"',70,'2016-05-23 16:41:44','2016-05-23 17:42:12'),
	(74,'\"null\"',71,'2016-05-23 16:41:44','2016-05-23 17:42:12'),
	(75,'\"null\"',72,'2016-05-23 16:41:44','2016-05-23 17:42:12'),
	(76,'\"null\"',73,'2016-05-23 16:41:44','2016-05-23 17:42:12'),
	(77,'\"null\"',74,'2016-05-23 16:41:44','2016-05-23 17:42:12'),
	(78,'\"null\"',75,'2016-05-23 16:41:44','2016-05-23 17:42:12'),
	(79,'\"null\"',76,'2016-05-23 16:41:44','2016-05-23 17:42:12'),
	(80,'\"null\"',77,'2016-05-23 16:41:44','2016-05-23 17:42:12'),
	(81,'\"null\"',78,'2016-05-23 16:41:44','2016-05-23 17:42:12'),
	(82,'\"null\"',79,'2016-05-23 16:41:44','2016-05-23 17:42:12'),
	(83,'\"null\"',80,'2016-05-23 16:41:44','2016-05-23 17:42:12'),
	(84,'\"null\"',81,'2016-05-23 16:41:44','2016-05-23 17:42:12'),
	(85,'\"null\"',82,'2016-05-23 16:41:44','2016-05-23 17:42:12'),
	(86,'\"null\"',83,'2016-05-23 17:30:19','2016-05-23 17:42:12'),
	(87,'\"null\"',84,'2016-05-23 17:30:19','2016-05-23 17:42:12'),
	(88,'\"null\"',85,'2016-05-23 17:30:19','2016-05-23 17:42:12'),
	(89,'\"null\"',86,'2016-05-23 17:30:19','2016-05-23 17:42:12'),
	(90,'\"null\"',87,'2016-05-23 17:36:44','2016-05-23 17:42:12'),
	(91,'\"null\"',88,'2016-05-23 17:36:44','2016-05-23 17:42:12'),
	(92,'\"null\"',89,'2016-05-23 17:42:12','2016-05-23 17:42:12');

/*!40000 ALTER TABLE `question_metas` ENABLE KEYS */;
UNLOCK TABLES;


# Dump of table questionaire_results
# ------------------------------------------------------------

DROP TABLE IF EXISTS `questionaire_results`;

CREATE TABLE `questionaire_results` (
  `id` int(10) unsigned NOT NULL AUTO_INCREMENT,
  `questionaireID` int(10) unsigned NOT NULL,
  `participantID` int(10) unsigned NOT NULL,
  `value` int(11) NOT NULL,
  `created_at` timestamp NOT NULL DEFAULT '0000-00-00 00:00:00',
  `updated_at` timestamp NOT NULL DEFAULT '0000-00-00 00:00:00',
  `academicYear` int(11) NOT NULL,
  PRIMARY KEY (`id`),
  KEY `questionaire_results_questionaireid_foreign` (`questionaireID`),
  KEY `questionaire_results_participantid_foreign` (`participantID`),
  CONSTRAINT `questionaire_results_participantid_foreign` FOREIGN KEY (`participantID`) REFERENCES `participants` (`id`) ON DELETE CASCADE,
  CONSTRAINT `questionaire_results_questionaireid_foreign` FOREIGN KEY (`questionaireID`) REFERENCES `questionaires` (`id`) ON DELETE CASCADE
) ENGINE=InnoDB DEFAULT CHARSET=utf8 COLLATE=utf8_unicode_ci;

LOCK TABLES `questionaire_results` WRITE;
/*!40000 ALTER TABLE `questionaire_results` DISABLE KEYS */;

INSERT INTO `questionaire_results` (`id`, `questionaireID`, `participantID`, `value`, `created_at`, `updated_at`, `academicYear`)
VALUES
	(1,35,1007,11,'2016-08-08 05:41:18','2016-08-08 05:41:18',2559),
	(3,33,1008,36,'2016-08-08 05:44:34','2016-08-08 05:44:34',2559),
	(4,35,1009,13,'2016-08-08 05:46:25','2016-08-08 05:46:25',2559),
	(5,35,1010,17,'2016-08-08 05:49:19','2016-08-08 05:49:19',2559),
	(6,35,1011,14,'2016-08-08 05:51:13','2016-08-08 05:51:13',2559),
	(7,35,1012,19,'2016-08-08 05:55:02','2016-08-08 05:55:02',2559),
	(8,35,1013,26,'2016-08-08 12:14:21','2016-08-08 12:14:21',2559),
	(10,35,1014,17,'2016-08-08 12:41:45','2016-08-08 12:41:45',2559),
	(11,35,1015,19,'2016-08-08 13:45:37','2016-08-08 13:45:37',2559),
	(12,33,1015,9,'2016-08-08 13:47:52','2016-08-08 13:47:52',2559),
	(13,32,1015,12,'2016-08-08 13:51:14','2016-08-08 13:51:14',2559),
	(15,35,1016,21,'2016-08-09 11:05:20','2016-08-09 11:05:20',2559),
	(16,35,1017,19,'2016-08-10 06:27:38','2016-08-10 06:27:38',2559),
	(17,35,1018,20,'2016-08-10 06:29:29','2016-08-10 06:29:29',2559),
	(18,35,1019,29,'2016-08-10 06:29:36','2016-08-10 06:29:36',2559),
	(19,34,1017,1,'2016-08-10 06:30:51','2016-08-10 06:30:51',2559),
	(20,35,1020,17,'2016-08-10 06:31:41','2016-08-10 06:31:41',2559),
	(21,35,1021,17,'2016-08-10 06:31:56','2016-08-10 06:31:56',2559),
	(23,35,1022,8,'2016-08-10 06:32:15','2016-08-10 06:32:15',2559),
	(24,34,1018,3,'2016-08-10 06:34:32','2016-08-10 06:34:32',2559),
	(25,34,1019,3,'2016-08-10 06:34:32','2016-08-10 06:34:32',2559),
	(26,35,1023,24,'2016-08-10 06:34:34','2016-08-10 06:34:34',2559),
	(27,34,1020,2,'2016-08-10 06:34:58','2016-08-10 06:34:58',2559),
	(28,34,1022,2,'2016-08-10 06:35:15','2016-08-10 06:35:15',2559),
	(29,35,1024,15,'2016-08-10 06:35:25','2016-08-10 06:35:25',2559),
	(30,35,1025,13,'2016-08-10 06:35:54','2016-08-10 06:35:54',2559),
	(31,34,1021,3,'2016-08-10 06:36:24','2016-08-10 06:36:24',2559),
	(32,34,1024,1,'2016-08-10 06:37:33','2016-08-10 06:37:33',2559),
	(33,34,1023,3,'2016-08-10 06:37:51','2016-08-10 06:37:51',2559),
	(34,32,1025,9,'2016-08-10 06:41:09','2016-08-10 06:41:09',2559),
	(35,35,1026,20,'2016-08-10 06:47:03','2016-08-10 06:47:03',2559),
	(36,35,1027,13,'2016-08-10 06:48:11','2016-08-10 06:48:11',2559),
	(37,35,1028,13,'2016-08-10 06:48:16','2016-08-10 06:48:16',2559),
	(38,34,1026,3,'2016-08-10 06:50:08','2016-08-10 06:50:08',2559),
	(39,34,1025,2,'2016-08-10 06:50:26','2016-08-10 06:50:26',2559),
	(41,34,1028,3,'2016-08-10 06:52:49','2016-08-10 06:52:49',2559),
	(42,34,1027,1,'2016-08-10 06:53:16','2016-08-10 06:53:16',2559),
	(43,35,1029,15,'2016-08-11 06:22:29','2016-08-11 06:22:29',2559),
	(44,35,1030,19,'2016-08-11 06:39:08','2016-08-11 06:39:08',2559),
	(45,35,1031,16,'2016-08-11 06:46:04','2016-08-11 06:46:04',2559),
	(46,35,1032,17,'2016-08-11 06:50:25','2016-08-11 06:50:25',2559),
	(47,35,1033,28,'2016-08-11 06:54:23','2016-08-11 06:54:23',2559),
	(48,35,1034,22,'2016-08-11 11:38:46','2016-08-11 11:38:46',2559),
	(49,35,1035,28,'2016-08-11 12:14:37','2016-08-11 12:14:37',2559),
	(50,35,1036,19,'2016-08-11 13:16:48','2016-08-11 13:16:48',2559),
	(51,35,1037,21,'2016-08-12 12:24:28','2016-08-12 12:24:28',2559),
	(52,35,1038,21,'2016-08-12 13:20:51','2016-08-12 13:20:51',2559),
	(53,35,1039,16,'2016-08-12 14:10:53','2016-08-12 14:10:53',2559),
	(58,35,1041,12,'2016-08-13 12:17:08','2016-08-13 12:17:08',2559),
	(61,35,1042,18,'2016-08-14 05:27:31','2016-08-14 05:27:31',2559),
	(62,35,1043,35,'2016-08-14 07:51:22','2016-08-14 07:51:22',2559),
	(63,35,1044,15,'2016-08-14 08:27:56','2016-08-14 08:27:56',2559),
	(64,35,1045,30,'2016-08-14 08:27:58','2016-08-14 08:27:58',2559),
	(65,35,1046,16,'2016-08-14 08:34:17','2016-08-14 08:34:17',2559),
	(66,35,1047,18,'2016-08-14 08:40:52','2016-08-14 08:40:52',2559),
	(84,35,1050,16,'2016-08-14 09:33:05','2016-08-14 09:33:05',2559),
	(109,35,1048,17,'2016-08-14 09:33:50','2016-08-14 09:33:50',2559),
	(110,35,1048,17,'2016-08-14 09:33:50','2016-08-14 09:33:50',2559),
	(111,35,1048,17,'2016-08-14 09:33:50','2016-08-14 09:33:50',2559),
	(112,35,1048,17,'2016-08-14 09:33:50','2016-08-14 09:33:50',2559),
	(113,35,1048,17,'2016-08-14 09:33:51','2016-08-14 09:33:51',2559),
	(114,35,1048,17,'2016-08-14 09:33:51','2016-08-14 09:33:51',2559),
	(119,35,1051,19,'2016-08-14 09:53:32','2016-08-14 09:53:32',2559),
	(121,32,1052,9,'2016-08-14 09:59:11','2016-08-14 09:59:11',2559),
	(122,33,1052,14,'2016-08-14 10:01:31','2016-08-14 10:01:31',2559),
	(198,32,1053,21,'2016-08-14 10:25:39','2016-08-14 10:25:39',2559),
	(200,33,1053,20,'2016-08-14 10:29:03','2016-08-14 10:29:03',2559),
	(202,35,1053,23,'2016-08-14 10:34:57','2016-08-14 10:34:57',2559),
	(206,35,1054,30,'2016-08-14 10:37:27','2016-08-14 10:37:27',2559),
	(211,35,1055,15,'2016-08-14 11:11:57','2016-08-14 11:11:57',2559),
	(213,35,1049,19,'2016-08-14 11:12:03','2016-08-14 11:12:03',2559),
	(214,35,1049,19,'2016-08-14 11:12:04','2016-08-14 11:12:04',2559),
	(215,35,1049,19,'2016-08-14 11:12:04','2016-08-14 11:12:04',2559),
	(216,35,1049,19,'2016-08-14 11:12:04','2016-08-14 11:12:04',2559),
	(239,35,1057,15,'2016-08-14 11:40:38','2016-08-14 11:40:38',2559),
	(240,35,1057,15,'2016-08-14 11:40:39','2016-08-14 11:40:39',2559),
	(241,35,1057,15,'2016-08-14 11:40:39','2016-08-14 11:40:39',2559),
	(242,35,1057,15,'2016-08-14 11:40:39','2016-08-14 11:40:39',2559),
	(244,35,1058,30,'2016-08-14 11:53:31','2016-08-14 11:53:31',2559),
	(247,35,1059,21,'2016-08-14 11:55:21','2016-08-14 11:55:21',2559),
	(249,35,1060,16,'2016-08-14 12:05:42','2016-08-14 12:05:42',2559),
	(254,35,1062,18,'2016-08-14 12:25:22','2016-08-14 12:25:22',2559),
	(270,35,1063,24,'2016-08-14 12:31:15','2016-08-14 12:31:15',2559),
	(291,35,1065,17,'2016-08-14 12:35:13','2016-08-14 12:35:13',2559),
	(334,35,1066,21,'2016-08-14 12:39:27','2016-08-14 12:39:27',2559),
	(335,35,1066,21,'2016-08-14 12:39:27','2016-08-14 12:39:27',2559),
	(336,35,1066,21,'2016-08-14 12:39:28','2016-08-14 12:39:28',2559),
	(337,35,1066,21,'2016-08-14 12:39:28','2016-08-14 12:39:28',2559),
	(338,32,1061,11,'2016-08-14 12:39:31','2016-08-14 12:39:31',2559),
	(340,33,1061,17,'2016-08-14 12:45:20','2016-08-14 12:45:20',2559),
	(354,33,1067,13,'2016-08-14 12:50:11','2016-08-14 12:50:11',2559),
	(355,33,1067,13,'2016-08-14 12:50:11','2016-08-14 12:50:11',2559),
	(356,33,1067,13,'2016-08-14 12:50:11','2016-08-14 12:50:11',2559),
	(357,33,1067,13,'2016-08-14 12:50:11','2016-08-14 12:50:11',2559),
	(361,35,1061,17,'2016-08-14 12:53:37','2016-08-14 12:53:37',2559),
	(365,32,1069,28,'2016-08-14 12:54:55','2016-08-14 12:54:55',2559),
	(367,32,1070,27,'2016-08-14 12:55:25','2016-08-14 12:55:25',2559),
	(368,32,1070,27,'2016-08-14 12:55:25','2016-08-14 12:55:25',2559),
	(369,32,1070,27,'2016-08-14 12:55:25','2016-08-14 12:55:25',2559),
	(374,35,1071,20,'2016-08-14 13:01:26','2016-08-14 13:01:26',2559),
	(375,33,1069,21,'2016-08-14 13:01:33','2016-08-14 13:01:33',2559),
	(377,35,1072,17,'2016-08-14 13:06:16','2016-08-14 13:06:16',2559),
	(380,32,1073,7,'2016-08-14 13:22:18','2016-08-14 13:22:18',2559),
	(381,32,1068,13,'2016-08-14 13:24:03','2016-08-14 13:24:03',2559),
	(382,33,1073,14,'2016-08-14 13:26:25','2016-08-14 13:26:25',2559),
	(383,32,1074,11,'2016-08-14 13:26:30','2016-08-14 13:26:30',2559),
	(384,33,1068,19,'2016-08-14 13:27:29','2016-08-14 13:27:29',2559),
	(385,33,1074,11,'2016-08-14 13:28:29','2016-08-14 13:28:29',2559),
	(386,35,1068,17,'2016-08-14 13:30:04','2016-08-14 13:30:04',2559),
	(388,35,1075,22,'2016-08-14 13:36:21','2016-08-14 13:36:21',2559),
	(390,32,1076,11,'2016-08-14 13:42:25','2016-08-14 13:42:25',2559),
	(391,33,1076,11,'2016-08-14 13:45:39','2016-08-14 13:45:39',2559),
	(392,32,1067,11,'2016-08-14 13:58:01','2016-08-14 13:58:01',2559),
	(393,35,1067,20,'2016-08-14 14:02:14','2016-08-14 14:02:14',2559),
	(395,32,1077,13,'2016-08-14 14:24:14','2016-08-14 14:24:14',2559),
	(396,33,1070,34,'2016-08-14 14:26:23','2016-08-14 14:26:23',2559),
	(397,33,1077,18,'2016-08-14 14:27:10','2016-08-14 14:27:10',2559),
	(398,32,1078,17,'2016-08-14 14:49:45','2016-08-14 14:49:45',2559),
	(399,33,1078,18,'2016-08-14 14:53:08','2016-08-14 14:53:08',2559),
	(400,35,1078,20,'2016-08-14 15:01:18','2016-08-14 15:01:18',2559),
	(408,35,1079,22,'2016-08-14 16:22:33','2016-08-14 16:22:33',2559),
	(409,35,1079,22,'2016-08-14 16:22:33','2016-08-14 16:22:33',2559),
	(412,35,1080,23,'2016-08-14 22:42:38','2016-08-14 22:42:38',2559),
	(414,32,1081,15,'2016-08-15 00:37:24','2016-08-15 00:37:24',2559),
	(415,33,1081,20,'2016-08-15 00:40:21','2016-08-15 00:40:21',2559),
	(416,35,1082,19,'2016-08-15 01:28:11','2016-08-15 01:28:11',2559),
	(417,35,1083,21,'2016-08-15 05:31:00','2016-08-15 05:31:00',2559),
	(420,35,1084,18,'2016-08-15 11:56:01','2016-08-15 11:56:01',2559),
	(427,32,1085,23,'2016-08-15 13:12:01','2016-08-15 13:12:01',2559),
	(428,33,1085,30,'2016-08-15 13:16:49','2016-08-15 13:16:49',2559),
	(434,35,1086,20,'2016-08-16 12:11:49','2016-08-16 12:11:49',2559),
	(435,35,1086,20,'2016-08-16 12:11:50','2016-08-16 12:11:50',2559),
	(438,35,1087,16,'2016-08-16 12:34:20','2016-08-16 12:34:20',2559),
	(440,35,1088,25,'2016-08-16 15:38:05','2016-08-16 15:38:05',2559),
	(447,35,1089,22,'2016-08-17 05:22:40','2016-08-17 05:22:40',2559),
	(448,35,1090,27,'2016-08-17 09:48:31','2016-08-17 09:48:31',2559),
	(451,35,1091,31,'2016-08-17 13:50:29','2016-08-17 13:50:29',2559),
	(452,35,1091,31,'2016-08-17 13:50:30','2016-08-17 13:50:30',2559),
	(458,35,1092,17,'2016-08-17 14:54:41','2016-08-17 14:54:41',2559),
	(461,35,1094,16,'2016-08-17 15:02:04','2016-08-17 15:02:04',2559),
	(464,35,1093,17,'2016-08-17 15:06:42','2016-08-17 15:06:42',2559),
	(466,32,1095,24,'2016-08-17 23:45:51','2016-08-17 23:45:51',2559),
	(467,33,1095,24,'2016-08-17 23:50:39','2016-08-17 23:50:39',2559),
	(468,35,1095,26,'2016-08-17 23:54:23','2016-08-17 23:54:23',2559),
	(470,32,1096,17,'2016-08-18 00:16:12','2016-08-18 00:16:12',2559),
	(471,33,1096,18,'2016-08-18 00:18:07','2016-08-18 00:18:07',2559),
	(472,35,1096,14,'2016-08-18 00:24:46','2016-08-18 00:24:46',2559),
	(477,35,1097,31,'2016-08-18 01:31:03','2016-08-18 01:31:03',2559),
	(479,35,1098,31,'2016-08-18 03:08:33','2016-08-18 03:08:33',2559),
	(508,35,1099,36,'2016-08-18 03:19:44','2016-08-18 03:19:44',2559),
	(590,35,1056,20,'2016-08-19 13:33:42','2016-08-19 13:33:42',2559),
	(591,35,1056,20,'2016-08-19 13:33:44','2016-08-19 13:33:44',2559),
	(592,35,1056,20,'2016-08-19 13:33:44','2016-08-19 13:33:44',2559),
	(593,35,1056,20,'2016-08-19 13:33:44','2016-08-19 13:33:44',2559),
	(595,33,1100,0,'2016-08-21 01:28:44','2016-08-21 01:28:44',2559),
	(597,33,1080,20,'2016-08-21 01:29:37','2016-08-21 01:29:37',2559),
	(628,33,1101,5,'2016-08-21 02:01:21','2016-08-21 02:01:21',2559),
	(630,35,1064,20,'2016-08-21 03:19:12','2016-08-21 03:19:12',2559),
	(637,35,1102,20,'2016-08-21 04:14:54','2016-08-21 04:14:54',2559),
	(639,35,1103,13,'2016-08-21 05:36:52','2016-08-21 05:36:52',2559),
	(640,33,1056,12,'2016-08-21 05:50:43','2016-08-21 05:50:43',2559),
	(641,35,1104,18,'2016-08-21 05:53:02','2016-08-21 05:53:02',2559),
	(646,33,1045,32,'2016-08-21 07:12:06','2016-08-21 07:12:06',2559),
	(647,32,1045,36,'2016-08-21 07:15:45','2016-08-21 07:15:45',2559),
	(652,33,1106,18,'2016-08-21 09:11:31','2016-08-21 09:11:31',2559),
	(653,32,1105,23,'2016-08-21 09:12:10','2016-08-21 09:12:10',2559),
	(655,32,1106,38,'2016-08-21 09:13:52','2016-08-21 09:13:52',2559),
	(657,33,1050,9,'2016-08-21 09:14:30','2016-08-21 09:14:30',2559),
	(658,33,1104,14,'2016-08-21 09:53:49','2016-08-21 09:53:49',2559),
	(659,32,1104,20,'2016-08-21 09:59:53','2016-08-21 09:59:53',2559),
	(660,32,1102,12,'2016-08-21 10:55:24','2016-08-21 10:55:24',2559),
	(661,33,1102,14,'2016-08-21 10:58:30','2016-08-21 10:58:30',2559),
	(662,32,1107,12,'2016-08-21 12:20:34','2016-08-21 12:20:34',2559),
	(666,32,1108,9,'2016-08-21 12:30:47','2016-08-21 12:30:47',2559),
	(667,33,1108,12,'2016-08-21 12:34:58','2016-08-21 12:34:58',2559),
	(668,32,1109,22,'2016-08-21 12:35:46','2016-08-21 12:35:46',2559),
	(669,35,1109,16,'2016-08-21 12:46:40','2016-08-21 12:46:40',2559),
	(691,33,1064,9,'2016-08-21 12:51:26','2016-08-21 12:51:26',2559),
	(693,33,1041,15,'2016-08-21 12:51:31','2016-08-21 12:51:31',2559),
	(695,32,1064,6,'2016-08-21 12:53:30','2016-08-21 12:53:30',2559),
	(696,32,1041,14,'2016-08-21 12:54:07','2016-08-21 12:54:07',2559),
	(697,35,1110,18,'2016-08-21 12:58:25','2016-08-21 12:58:25',2559),
	(698,32,1110,15,'2016-08-21 13:00:52','2016-08-21 13:00:52',2559),
	(701,35,1111,18,'2016-08-21 14:37:34','2016-08-21 14:37:34',2559),
	(702,35,1111,18,'2016-08-21 14:37:34','2016-08-21 14:37:34',2559),
	(705,33,1112,22,'2016-08-22 05:18:34','2016-08-22 05:18:34',2559),
	(706,32,1113,15,'2016-08-22 13:09:47','2016-08-22 13:09:47',2559),
	(708,35,1113,28,'2016-08-22 13:22:59','2016-08-22 13:22:59',2559),
	(713,35,1040,14,'2016-08-28 10:07:33','2016-08-28 10:07:33',2559),
	(715,32,1114,14,'2016-08-31 15:41:08','2016-08-31 15:41:08',2559),
	(716,33,1114,8,'2016-08-31 15:44:05','2016-08-31 15:44:05',2559),
	(718,35,1115,12,'2016-09-08 14:13:55','2016-09-08 14:13:55',2559);

/*!40000 ALTER TABLE `questionaire_results` ENABLE KEYS */;
UNLOCK TABLES;


# Dump of table questionaires
# ------------------------------------------------------------

DROP TABLE IF EXISTS `questionaires`;

CREATE TABLE `questionaires` (
  `id` int(10) unsigned NOT NULL AUTO_INCREMENT,
  `parentID` int(11) DEFAULT NULL,
  `name` varchar(255) COLLATE utf8_unicode_ci NOT NULL,
  `header` varchar(2048) COLLATE utf8_unicode_ci DEFAULT NULL,
  `level` tinyint(4) NOT NULL DEFAULT '0',
  `created_at` timestamp NOT NULL DEFAULT '0000-00-00 00:00:00',
  `updated_at` timestamp NOT NULL DEFAULT '0000-00-00 00:00:00',
  `type` tinyint(4) NOT NULL DEFAULT '0',
  PRIMARY KEY (`id`)
) ENGINE=InnoDB DEFAULT CHARSET=utf8 COLLATE=utf8_unicode_ci;

LOCK TABLES `questionaires` WRITE;
/*!40000 ALTER TABLE `questionaires` DISABLE KEYS */;

INSERT INTO `questionaires` (`id`, `parentID`, `name`, `header`, `level`, `created_at`, `updated_at`, `type`)
VALUES
	(32,NULL,'แบบประเมินความเครียด','{\"rows\":[{\"cols\":[{\"rowspan\":\"2\",\"colspan\":\"2\",\"label\":\"\\u0e2d\\u0e32\\u0e01\\u0e32\\u0e23\\u0e1e\\u0e24\\u0e15\\u0e34\\u0e01\\u0e23\\u0e23\\u0e21\\u0e2b\\u0e23\\u0e37\\u0e2d\\u0e04\\u0e27\\u0e32\\u0e21\\u0e23\\u0e39\\u0e49\\u0e2a\\u0e36\\u0e01\"},{\"rowspan\":1,\"colspan\":\"4\",\"label\":\"\\u0e23\\u0e30\\u0e14\\u0e31\\u0e1a\\u0e2d\\u0e32\\u0e01\\u0e32\\u0e23\"}]},{\"cols\":[{\"rowspan\":1,\"colspan\":1,\"label\":\"\\u0e44\\u0e21\\u0e48\\u0e40\\u0e04\\u0e22\\u0e40\\u0e25\\u0e22\"},{\"rowspan\":1,\"colspan\":1,\"label\":\"\\u0e40\\u0e1b\\u0e47\\u0e19\\u0e04\\u0e23\\u0e31\\u0e49\\u0e07\\u0e04\\u0e23\\u0e32\\u0e27\"},{\"rowspan\":1,\"colspan\":1,\"label\":\"\\u0e40\\u0e1b\\u0e47\\u0e19\\u0e04\\u0e23\\u0e31\\u0e49\\u0e07\\u0e04\\u0e23\\u0e32\\u0e27\"},{\"rowspan\":1,\"colspan\":1,\"label\":\"\\u0e40\\u0e1b\\u0e47\\u0e19\\u0e1a\\u0e48\\u0e2d\\u0e22\\u0e46\"}]}]}',0,'2016-01-10 08:17:24','2016-01-16 08:19:29',0),
	(33,NULL,'แบบวัดโรคซึมเศร้า','{\"rows\":[{\"cols\":[{\"rowspan\":1,\"colspan\":\"2\",\"label\":\"\\u0e2d\\u0e32\\u0e01\\u0e32\\u0e23\\u0e1e\\u0e24\\u0e15\\u0e34\\u0e01\\u0e23\\u0e23\\u0e21\\u0e04\\u0e27\\u0e32\\u0e21\\u0e23\\u0e39\\u0e49\\u0e2a\\u0e36\\u0e01\"},{\"rowspan\":1,\"colspan\":1,\"label\":\"\\u0e1a\\u0e48\\u0e2d\\u0e22\"},{\"rowspan\":1,\"colspan\":1,\"label\":\"\\u0e04\\u0e48\\u0e2d\\u0e19\\u0e02\\u0e49\\u0e32\\u0e07\\u0e1a\\u0e48\\u0e2d\\u0e22\"},{\"rowspan\":1,\"colspan\":1,\"label\":\"\\u0e1a\\u0e32\\u0e07\\u0e04\\u0e23\\u0e31\\u0e49\\u0e07\"},{\"rowspan\":1,\"colspan\":1,\"label\":\"\\u0e44\\u0e21\\u0e48\\u0e40\\u0e25\\u0e22\"}]}]}',0,'2016-01-16 06:41:56','2016-01-16 08:22:29',0),
	(34,NULL,'แบบคัดกรองนักเรียน',NULL,1,'2016-02-20 05:21:16','2016-02-20 09:09:09',0),
	(35,NULL,'แบบประเมินตนเอง ( SDQ )','{\"rows\":[{\"cols\":[{\"rowspan\":1,\"colspan\":1,\"label\":\"\\u0e02\\u0e49\\u0e2d\"},{\"rowspan\":1,\"colspan\":1,\"label\":\"\\u0e23\\u0e32\\u0e22\\u0e01\\u0e32\\u0e23\\u0e1b\\u0e23\\u0e30\\u0e40\\u0e21\\u0e34\\u0e19\"},{\"rowspan\":1,\"colspan\":1,\"label\":\"\\u0e44\\u0e21\\u0e48\\u0e08\\u0e23\\u0e34\\u0e07\"},{\"rowspan\":1,\"colspan\":1,\"label\":\"\\u0e04\\u0e48\\u0e2d\\u0e19\\u0e02\\u0e49\\u0e32\\u0e07\\u0e08\\u0e23\\u0e34\\u0e07\"},{\"rowspan\":1,\"colspan\":1,\"label\":\"\\u0e08\\u0e23\\u0e34\\u0e07\"}]}]}',0,'2016-05-22 11:08:41','2016-05-28 09:37:45',0);

/*!40000 ALTER TABLE `questionaires` ENABLE KEYS */;
UNLOCK TABLES;


# Dump of table questions
# ------------------------------------------------------------

DROP TABLE IF EXISTS `questions`;

CREATE TABLE `questions` (
  `id` int(10) unsigned NOT NULL AUTO_INCREMENT,
  `order` int(11) NOT NULL,
  `label` varchar(255) COLLATE utf8_unicode_ci DEFAULT NULL,
  `name` varchar(255) COLLATE utf8_unicode_ci NOT NULL,
  `description` varchar(255) COLLATE utf8_unicode_ci DEFAULT NULL,
  `type` int(11) NOT NULL,
  `questionaireID` int(10) unsigned NOT NULL,
  `groupID` int(10) unsigned DEFAULT NULL,
  `created_at` timestamp NOT NULL DEFAULT '0000-00-00 00:00:00',
  `updated_at` timestamp NOT NULL DEFAULT '0000-00-00 00:00:00',
  PRIMARY KEY (`id`),
  KEY `questions_questionaireid_foreign` (`questionaireID`),
  CONSTRAINT `questions_questionaireid_foreign` FOREIGN KEY (`questionaireID`) REFERENCES `questionaires` (`id`)
) ENGINE=InnoDB DEFAULT CHARSET=utf8 COLLATE=utf8_unicode_ci;

LOCK TABLES `questions` WRITE;
/*!40000 ALTER TABLE `questions` DISABLE KEYS */;

INSERT INTO `questions` (`id`, `order`, `label`, `name`, `description`, `type`, `questionaireID`, `groupID`, `created_at`, `updated_at`)
VALUES
	(4,1,'1.','นอนไม่หลับหรือคิดมาหรือกังวลใจ','',0,32,NULL,'2016-01-10 08:17:24','2016-01-10 15:01:43'),
	(5,2,'2.','รู้สึกหงุดหงิดรำคาญใจ','',0,32,NULL,'2016-01-10 15:01:06','2016-01-10 15:01:43'),
	(6,3,'3.','ทำอะไรไม่ได้เลยเพราะประสาทตึงเครียด','',0,32,NULL,'2016-01-10 15:01:43','2016-01-10 15:01:43'),
	(7,4,'4.','มีความวุ่นวายใจ','',0,32,NULL,'2016-01-10 16:50:44','2016-01-10 16:50:44'),
	(8,5,'5.','ไม่อยากพบปะผู้คน','',0,32,NULL,'2016-01-10 16:50:44','2016-01-10 16:50:44'),
	(9,6,'6.','ปวดหัวข้างเดียวหรือปวดขมับทั้งสองข้าง','',0,32,NULL,'2016-01-10 16:50:44','2016-01-10 16:50:44'),
	(10,7,'7.','รู้สึกไม่มีความสุขหรือเศร้าหมอง','',0,32,NULL,'2016-01-10 16:50:44','2016-01-10 16:50:44'),
	(11,8,'8.','รู้สึกหมดหวังในชีวิต','',0,32,NULL,'2016-01-10 16:50:44','2016-01-10 16:50:44'),
	(12,9,'9.','รู้สึกว่าชีวิตตนเองไม่มีคุณค่า','',0,32,NULL,'2016-01-10 16:50:44','2016-01-10 16:50:44'),
	(13,10,'10.','กระวนกระวายอยู่ตลอดเวลา','',0,32,NULL,'2016-01-10 16:50:44','2016-01-10 16:50:44'),
	(14,11,'11.','รู้สึกว่าตนเองไม่มีสมาธิ','',0,32,NULL,'2016-01-10 16:50:44','2016-01-10 16:50:44'),
	(15,12,'12.','รู้สึกเพลียไม่มีแรงจะทำอะไร','',0,32,NULL,'2016-01-10 16:50:44','2016-01-10 16:50:44'),
	(16,13,'13.','รู้สึกเหนื่อยไม่อยากจะทำอะไร','',0,32,NULL,'2016-01-10 16:50:44','2016-01-10 16:50:44'),
	(17,14,'14.','มีอาการหัวใจเต้นแรง','',0,32,NULL,'2016-01-10 16:50:44','2016-01-10 16:50:44'),
	(18,15,'15.','เสียงสั่น ปากสั่น หรือมือสั่นเวลาไม่พอใจ','',0,32,NULL,'2016-01-10 16:50:44','2016-01-10 16:50:44'),
	(19,16,'16.','รู้สึกกลัวผิดพลาด','',0,32,NULL,'2016-01-10 16:50:44','2016-05-22 09:34:51'),
	(20,17,'17.','ปวดหรือเกร็งกล้ามเนื้อบริเวณท้ายทอย หลัง หรือไหล่','',0,32,NULL,'2016-01-10 16:50:44','2016-05-22 09:08:04'),
	(21,18,'18.','ตื่นเต้นง่ายกับเหตุการณ์ที่ไม่คุ้นเคย','',0,32,NULL,'2016-01-10 16:50:44','2016-05-22 09:08:04'),
	(22,19,'19.','มึนงงหรือเวียนศรีษะ','',0,32,NULL,'2016-01-10 16:50:44','2016-05-22 09:08:03'),
	(23,20,'20.','ความสุขทางเพศลดลง หรือเบื่อหน่ายในการดูแลตนเองให้เป็นที่สนใจของเพศตรงข้าม','',0,32,NULL,'2016-01-10 16:51:40','2016-05-22 09:08:03'),
	(24,1,'1.','รู้สึกเบื่ออาหาร','',0,33,NULL,'2016-01-16 06:41:56','2016-01-16 06:41:56'),
	(26,2,'2.','นอนไม่หลับหรือต้องใช้ยาช่วยให้หลับ','',0,33,NULL,'2016-01-16 08:25:27','2016-01-16 08:25:27'),
	(27,3,'3.','รู้สึกอ่อนเพลีย เหนื่อยง่าย','',0,33,NULL,'2016-01-16 08:25:27','2016-01-16 08:25:27'),
	(28,4,'4.','คิดมาก กังวล','',0,33,NULL,'2016-01-16 08:25:27','2016-01-16 08:25:27'),
	(29,5,'5.','รู้สึกสบายใจ','',0,33,NULL,'2016-01-16 08:32:21','2016-01-16 08:32:21'),
	(30,6,'6.','รู้สึกเบื่อ ไม่อยากพูดคุย','',0,33,NULL,'2016-01-16 08:32:21','2016-01-16 08:32:21'),
	(31,7,'7.','ใจลอย ไม่มีสมาธิ','',0,33,NULL,'2016-01-16 08:32:21','2016-01-16 08:32:21'),
	(32,8,'8.','อยากอยู่เฉยๆ ไม่อยากทำอะไร','',0,33,NULL,'2016-01-16 08:32:21','2016-01-16 08:32:21'),
	(33,9,'9.','รู้สึกเศร้า หดหู่','',0,33,NULL,'2016-01-16 08:32:21','2016-01-16 08:32:21'),
	(34,10,'10.','ชีวิตอนาคตยังน่าอยู่ มีความหมาย','',0,33,NULL,'2016-01-16 08:32:21','2016-01-16 08:32:21'),
	(35,11,'11.','ร้องไห้หรืออยากร้องไห้','',0,33,NULL,'2016-01-16 08:32:21','2016-01-16 08:32:21'),
	(36,12,'12.','ตัดสินใจไม่ได้แม้เรื่องเล็กๆ น้อยๆ','',0,33,NULL,'2016-01-16 08:32:21','2016-01-16 08:32:21'),
	(37,13,'13.','ชีวิตไม่มีความสุข','',0,33,NULL,'2016-01-16 08:32:21','2016-01-16 08:32:21'),
	(38,14,'14.','รู้สึกเศร้าเมื่อตื่นนอนตอนเช้า','',0,33,NULL,'2016-01-16 08:32:21','2016-01-16 08:32:21'),
	(39,15,'15.','รู้สึกว่าตัวเองมีคุณค่า','',0,33,NULL,'2016-01-16 08:32:21','2016-01-16 08:32:21'),
	(40,16,'16.','ตำหนิหรือกล่าวโทษตนเอง','',0,33,NULL,'2016-01-16 08:32:21','2016-01-16 08:32:21'),
	(41,17,'17.','เบื่อหน่ายกับทุกอย่าง','',0,33,NULL,'2016-01-16 08:32:21','2016-01-16 08:32:21'),
	(42,18,'18.','คิดอยากตาย','',0,33,NULL,'2016-01-16 08:32:21','2016-01-16 08:32:21'),
	(43,19,'19.','คนอื่นทักว่าดูเครียด','',0,33,NULL,'2016-01-16 08:32:21','2016-01-16 08:32:21'),
	(44,20,'20.','พยายามฆ่าตัวตาย','',0,33,NULL,'2016-01-16 08:32:21','2016-01-16 08:32:21'),
	(45,1,'1.','ความสามารถพิเศษ (ความถนัดและความสนใจในวิชาที่เรียน)','',0,34,NULL,'2016-02-20 05:21:17','2016-02-20 07:23:19'),
	(47,2,'2.','ด้านการเรียน','',2,34,NULL,'2016-02-20 07:23:19','2016-02-27 12:04:38'),
	(48,3,'3.','ด้านสุขภาพ','',2,34,NULL,'2016-02-20 07:23:19','2016-02-27 12:04:38'),
	(49,4,'4.','ด้านเศรษฐกิจ','',2,34,NULL,'2016-02-20 07:23:19','2016-02-27 12:04:38'),
	(50,5,'5.','ด้านสวัสดิการและความปลอดภัย','',2,34,NULL,'2016-02-20 07:23:19','2016-02-27 12:04:38'),
	(51,6,'6.','ด้านพฤติกรรมการใช้สารเสพติด','',2,34,NULL,'2016-02-20 07:23:19','2016-02-27 12:04:38'),
	(52,7,'7.','ด้านพฤติกรรมการใช้ความรุนแรง','',2,34,NULL,'2016-02-20 07:23:19','2016-02-27 12:04:38'),
	(53,8,'8.','ด้านพฤติกรรมทางเพศ','',2,34,NULL,'2016-02-20 07:23:19','2016-02-27 12:04:38'),
	(54,9,'9.','ด้านการติดเกม','',2,34,NULL,'2016-02-20 07:23:19','2016-02-27 12:04:38'),
	(55,10,'10.','นักเรียนที่มีความต้องการพิเศษ','',1,34,NULL,'2016-02-20 07:23:19','2016-02-27 11:58:16'),
	(56,11,'11.','ด้านการใช้เครื่องมือสื่อสารอิเล็กทรอนิกส์','',2,34,NULL,'2016-02-20 07:23:19','2016-02-27 12:04:38'),
	(57,1,'1.','ฉันพยายามจะทำตัวดีกับคนอื่น ฉันใส่ใจใจความรู้สึกของคนอื่น','',0,35,6,'2016-05-22 11:08:41','2016-05-28 07:50:11'),
	(58,2,'2.','ฉันอยู่ไม่นิ่ง ฉันนั่งนานๆ ไม่ได้','',0,35,4,'2016-05-23 16:11:21','2016-05-28 07:53:13'),
	(59,3,'3.','ฉันปวดศรีษะ ปวดท้อง หรือไม่สบายบ่อยๆ','',0,35,1,'2016-05-23 16:11:21','2016-05-28 07:56:11'),
	(60,4,'4.','ฉันเต็มใจแบ่งปันสิ่งของให้คนอื่น (ของกิน เกม ปากกา เป็นต้น)','',0,35,6,'2016-05-23 16:11:21','2016-05-28 07:50:12'),
	(61,5,'5.','ฉันโกรธแรง และมักอารมณ์เสีย','',0,35,3,'2016-05-23 16:11:21','2016-05-28 07:55:11'),
	(62,6,'6.','ฉันชอบอยู่กับตัวเอง ฉันชอบเล่นคนเดียว หรืออยู่ตามลำพัง','',0,35,5,'2016-05-23 16:11:21','2016-05-28 07:52:06'),
	(63,7,'7.','ฉันมักทำตามที่คนอื่นบอก','',0,35,3,'2016-05-23 16:11:21','2016-05-28 07:55:12'),
	(64,8,'8.','ฉันขี้กังวล','',0,35,1,'2016-05-23 16:11:21','2016-05-28 07:56:12'),
	(65,9,'9.','ใครๆ ก็พึ่งฉันได้ถ้าเขาเสียใจ อารมณ์ไม่ดีหรือไม่สบายใจ','',0,35,6,'2016-05-23 16:11:21','2016-05-28 07:50:17'),
	(66,10,'10.','ฉันอยู่ไม่สุข วุ่นวาย','',0,35,4,'2016-05-23 16:11:21','2016-05-28 07:53:14'),
	(67,11,'11.','ฉันมีเพื่อนสนิท','',0,35,5,'2016-05-23 16:11:21','2016-05-28 07:52:08'),
	(68,12,'12.','ฉันมีเรื่องทะเลาะวิวาทบ่อย ฉันทำให้คนอื่นทำอย่างที่ฉันต้องการได้','',0,35,3,'2016-05-23 16:11:21','2016-05-28 07:55:15'),
	(69,13,'13.','ฉันไม่มีความสุข ท้อแท้ ร้องไห้บ่อย','',0,35,1,'2016-05-23 16:11:21','2016-05-28 07:56:13'),
	(70,14,'14.','เพื่อนๆ ส่วนมากชอบฉัน','',0,35,5,'2016-05-23 16:11:21','2016-05-28 07:52:09'),
	(71,15,'15.','ฉันวอกแวกง่าย ฉันรู้สึกว่าไม่มีสมาธิ','',0,35,4,'2016-05-23 16:11:21','2016-05-28 07:53:15'),
	(72,16,'16.','ฉันกังวลเวลาอยู่ในสถานการณ์ที่ไม่คุ้น และเสียความเชื่อมั่นในตนเองง่าย','',0,35,1,'2016-05-23 16:11:21','2016-05-28 07:56:15'),
	(73,17,'17.','ฉันใจดีกับเด็กที่เล็กกว่า','',0,35,6,'2016-05-23 16:11:21','2016-05-28 07:50:21'),
	(74,18,'18.','มีคนว่าฉันโกหก หรือขี้โก่งบ่อยๆ','',0,35,3,'2016-05-23 16:11:21','2016-05-28 07:55:16'),
	(75,19,'19.','เด็กๆ คนอื่น ล้อเลียนหรือรังแกฉัน','',0,35,5,'2016-05-23 16:11:21','2016-05-28 07:52:11'),
	(76,20,'20.','ฉันมักจะอาสาช่วยเหลือคนอื่น (พ่อแม่, ครู, เด็กคนอื่น)','',0,35,6,'2016-05-23 16:11:21','2016-05-28 07:50:22'),
	(77,21,'21.','ฉันคิดก่อนทำ','',0,35,4,'2016-05-23 16:11:21','2016-05-28 07:53:16'),
	(78,22,'22.','ฉันเอาของคนอื่นในบ้าน ที่โรงเรียน หรือที่อื่นๆ','',0,35,3,'2016-05-23 16:11:21','2016-05-28 07:55:19'),
	(79,23,'23.','ฉันเข้ากับผู้ใหญ่ได้ดีกว่าเด็กวัยเดียวกัน','',0,35,5,'2016-05-23 16:11:21','2016-05-28 07:52:13'),
	(80,24,'24.','ฉันขี้กลัว รู้สึกหวาดกลัวได้ง่าย','',0,35,1,'2016-05-23 16:11:21','2016-05-28 07:56:17'),
	(81,25,'25.','ฉันทำงานได้จนสำเร็จ ความตั้งใจในการทำงานของฉันดี','',0,35,4,'2016-05-23 16:11:21','2016-05-28 07:53:18'),
	(82,26,'','นักเรียนมีอย่างอื่นที่จะบอกอีกหรือไม่','',1,35,NULL,'2016-05-23 16:41:44','2016-05-23 16:44:58'),
	(83,27,'','โดยรวมนักเรียนคิดว่า ตัวเองมีปัญหาในด้านใดด้านหนึ่งต่อไปนี้หรือไม่ ด้านอารมณ์ ด้านสมาธิ ด้านพฤติกรรม หรือความสามารถในการเข้ากับผู้อื่น','',10,35,NULL,'2016-05-23 17:30:19','2016-05-23 17:42:12'),
	(84,28,'','ถ้าตอบว่า ``ไม่`` ไม่ต้องตอบคำถามข้อต่อไป','',2,35,NULL,'2016-05-23 17:30:19','2016-05-23 17:30:19'),
	(85,29,'','ถ้าตอบว่า ``ใช่`` กรุณาตอบคำถามข้อต่อไปนี้','',2,35,NULL,'2016-05-23 17:30:19','2016-05-23 17:30:19'),
	(86,30,'','ปัญหานี้เกิดขึ้นมานานเท่าไหร่แล้ว','',3,35,NULL,'2016-05-23 17:30:19','2016-05-23 17:36:44'),
	(87,31,'','ปัญหานี้ทำให้นักเรียนรู้สึกไม่สบายใจหรือไม่','',10,35,NULL,'2016-05-23 17:36:44','2016-05-23 17:42:12'),
	(88,32,'','ปัญหานี้รบกวนชีวิตประจำวันของนักเรียนในด้านต่างๆ ต่อไปนี้หรือไม่','',4,35,NULL,'2016-05-23 17:36:44','2016-05-23 17:36:44'),
	(89,33,'','ปัญหานี้ทำให้คนรอบข้างเกิดความยุ่งยากหรือไม่ (ครอบครัว เพื่อน ครู เป็นต้น)','',10,35,NULL,'2016-05-23 17:42:12','2016-05-28 07:49:46');

/*!40000 ALTER TABLE `questions` ENABLE KEYS */;
UNLOCK TABLES;


# Dump of table sessions
# ------------------------------------------------------------

DROP TABLE IF EXISTS `sessions`;

CREATE TABLE `sessions` (
  `id` varchar(255) COLLATE utf8_unicode_ci NOT NULL,
  `payload` varchar(255) COLLATE utf8_unicode_ci NOT NULL,
  `last_activity` timestamp NOT NULL DEFAULT '0000-00-00 00:00:00'
) ENGINE=InnoDB DEFAULT CHARSET=utf8 COLLATE=utf8_unicode_ci;



# Dump of table settings
# ------------------------------------------------------------

DROP TABLE IF EXISTS `settings`;

CREATE TABLE `settings` (
  `currentAcademicYear` int(11) NOT NULL,
  `created_at` timestamp NULL DEFAULT NULL,
  `updated_at` timestamp NOT NULL DEFAULT CURRENT_TIMESTAMP
) ENGINE=InnoDB DEFAULT CHARSET=utf8 COLLATE=utf8_unicode_ci;



# Dump of table users
# ------------------------------------------------------------

DROP TABLE IF EXISTS `users`;

CREATE TABLE `users` (
  `id` int(10) unsigned NOT NULL AUTO_INCREMENT,
  `name` varchar(255) COLLATE utf8_unicode_ci NOT NULL,
  `username` varchar(255) COLLATE utf8_unicode_ci NOT NULL,
  `email` varchar(255) COLLATE utf8_unicode_ci NOT NULL,
  `password` varchar(60) COLLATE utf8_unicode_ci NOT NULL,
  `remember_token` varchar(100) COLLATE utf8_unicode_ci DEFAULT NULL,
  `created_at` timestamp NOT NULL DEFAULT '0000-00-00 00:00:00',
  `updated_at` timestamp NOT NULL DEFAULT '0000-00-00 00:00:00',
  `level` int(11) NOT NULL DEFAULT '0',
  PRIMARY KEY (`id`),
  UNIQUE KEY `users_email_unique` (`email`)
) ENGINE=InnoDB DEFAULT CHARSET=utf8 COLLATE=utf8_unicode_ci;

LOCK TABLES `users` WRITE;
/*!40000 ALTER TABLE `users` DISABLE KEYS */;

INSERT INTO `users` (`id`, `name`, `username`, `email`, `password`, `remember_token`, `created_at`, `updated_at`, `level`)
VALUES
	(1,'AM Teacher','ammart','kru@ammart.ac.th','$2y$10$qXDrLlmWykkAsxlqYDl1SO0mrQWFzihWzeGlHpS0JD8EinkgItGdi','ImCLecMAG93040w486NZobycrraXfWDQwaLR1WQZC4RiLopANKjdHtsBvphw','2016-02-01 15:01:15','2016-09-08 14:18:55',1),
	(2,'Arnon Keereena','myste1tainn','myste1tainn.icez@gmail.com','$2y$10$n/5RJd6b/8IeDT/ZYj/Qhu3rboj5aFjxxowYstv1iA2tBOlLypNam','Mb8Qpgg1JtdVaTdTQnLfqADzE8kanxCt87iTk76l5g5bu7ObkrC0NJoKlcMV','2016-02-13 08:15:54','2016-08-14 08:50:56',999);

/*!40000 ALTER TABLE `users` ENABLE KEYS */;
UNLOCK TABLES;



/*!40111 SET SQL_NOTES=@OLD_SQL_NOTES */;
/*!40101 SET SQL_MODE=@OLD_SQL_MODE */;
/*!40014 SET FOREIGN_KEY_CHECKS=@OLD_FOREIGN_KEY_CHECKS */;
/*!40101 SET CHARACTER_SET_CLIENT=@OLD_CHARACTER_SET_CLIENT */;
/*!40101 SET CHARACTER_SET_RESULTS=@OLD_CHARACTER_SET_RESULTS */;
/*!40101 SET COLLATION_CONNECTION=@OLD_COLLATION_CONNECTION */;
